json_path,object_index,source_folder_class,json_class,json_details
/home/minsu/disk_c/trash_dataset/085.생활_폐기물_이미지/01.데이터/1.Training/라벨링데이터/전자제품/냉장고/20_X018_C802_0217/20_X018_C802_0217_5.Json,2,전자제품,가구류,수납장
/home/minsu/disk_c/trash_dataset/085.생활_폐기물_이미지/01.데이터/1.Training/라벨링데이터/전자제품/컴퓨터/20_X026_C171_0204/20_X026_C171_0204_0.Json,1,전자제품,캔류,맥주캔
/home/minsu/disk_c/trash_dataset/085.생활_폐기물_이미지/01.데이터/1.Training/라벨링데이터/전자제품/컴퓨터/20_X026_C171_0204/20_X026_C171_0204_3.Json,1,전자제품,캔류,맥주캔
/home/minsu/disk_c/trash_dataset/085.생활_폐기물_이미지/01.데이터/1.Training/라벨링데이터/전자제품/컴퓨터/20_X026_C171_0204/20_X026_C171_0204_2.Json,1,전자제품,캔류,맥주캔
/home/minsu/disk_c/trash_dataset/085.생활_폐기물_이미지/01.데이터/1.Training/라벨링데이터/전자제품/컴퓨터/20_X026_C171_0204/20_X026_C171_0204_4.Json,1,전자제품,캔류,맥주캔
/home/minsu/disk_c/trash_dataset/085.생활_폐기물_이미지/01.데이터/1.Training/라벨링데이터/전자제품/컴퓨터/20_X026_C171_0204/20_X026_C171_0204_1.Json,1,전자제품,캔류,맥주캔
/home/minsu/disk_c/trash_dataset/085.생활_폐기물_이미지/01.데이터/1.Training/라벨링데이터/전자제품/컴퓨터/20_X016_C171_0129/20_X016_C171_0129_1.Json,1,전자제품,캔류,음료수캔
/home/minsu/disk_c/trash_dataset/085.생활_폐기물_이미지/01.데이터/1.Training/라벨링데이터/전자제품/컴퓨터/20_X016_C171_0129/20_X016_C171_0129_3.Json,1,전자제품,캔류,음료수캔
/home/minsu/disk_c/trash_dataset/085.생활_폐기물_이미지/01.데이터/1.Training/라벨링데이터/전자제품/컴퓨터/20_X016_C171_0129/20_X016_C171_0129_2.Json,1,전자제품,캔류,음료수캔
/home/minsu/disk_c/trash_dataset/085.생활_폐기물_이미지/01.데이터/1.Training/라벨링데이터/전자제품/컴퓨터/20_X016_C171_0129/20_X016_C171_0129_4.Json,1,전자제품,캔류,음료수캔
/home/minsu/disk_c/trash_dataset/085.생활_폐기물_이미지/01.데이터/1.Training/라벨링데이터/전자제품/컴퓨터/20_X016_C171_0129/20_X016_C171_0129_0.Json,1,전자제품,캔류,음료수캔
/home/minsu/disk_c/trash_dataset/085.생활_폐기물_이미지/01.데이터/1.Training/라벨링데이터/전자제품/컴퓨터/20_X027_C171_0204/20_X027_C171_0204_1.Json,1,전자제품,캔류,맥주캔
/home/minsu/disk_c/trash_dataset/085.생활_폐기물_이미지/01.데이터/1.Training/라벨링데이터/전자제품/컴퓨터/20_X027_C171_0204/20_X027_C171_0204_0.Json,1,전자제품,캔류,맥주캔
/home/minsu/disk_c/trash_dataset/085.생활_폐기물_이미지/01.데이터/1.Training/라벨링데이터/전자제품/컴퓨터/20_X027_C171_0204/20_X027_C171_0204_4.Json,1,전자제품,캔류,맥주캔
/home/minsu/disk_c/trash_dataset/085.생활_폐기물_이미지/01.데이터/1.Training/라벨링데이터/전자제품/컴퓨터/20_X027_C171_0204/20_X027_C171_0204_3.Json,1,전자제품,캔류,맥주캔
/home/minsu/disk_c/trash_dataset/085.생활_폐기물_이미지/01.데이터/1.Training/라벨링데이터/전자제품/컴퓨터/20_X027_C171_0204/20_X027_C171_0204_2.Json,1,전자제품,캔류,맥주캔
/home/minsu/disk_c/trash_dataset/085.생활_폐기물_이미지/01.데이터/1.Training/라벨링데이터/전자제품/컴퓨터/20_X013_C172_0201/20_X013_C172_0201_3.Json,1,전자제품,플라스틱류,밀폐용기
/home/minsu/disk_c/trash_dataset/085.생활_폐기물_이미지/01.데이터/1.Training/라벨링데이터/전자제품/컴퓨터/20_X013_C172_0201/20_X013_C172_0201_2.Json,1,전자제품,플라스틱류,밀폐용기
/home/minsu/disk_c/trash_dataset/085.생활_폐기물_이미지/01.데이터/1.Training/라벨링데이터/전자제품/컴퓨터/20_X013_C172_0201/20_X013_C172_0201_4.Json,1,전자제품,플라스틱류,밀폐용기
/home/minsu/disk_c/trash_dataset/085.생활_폐기물_이미지/01.데이터/1.Training/라벨링데이터/전자제품/컴퓨터/20_X013_C172_0201/20_X013_C172_0201_1.Json,1,전자제품,플라스틱류,밀폐용기
/home/minsu/disk_c/trash_dataset/085.생활_폐기물_이미지/01.데이터/1.Training/라벨링데이터/전자제품/컴퓨터/20_X013_C172_0201/20_X013_C172_0201_0.Json,1,전자제품,플라스틱류,밀폐용기
/home/minsu/disk_c/trash_dataset/085.생활_폐기물_이미지/01.데이터/1.Training/라벨링데이터/전자제품/컴퓨터/20_X018_C058_0128/20_X018_C058_0128_0.Json,1,전자제품,도기류,컵
/home/minsu/disk_c/trash_dataset/085.생활_폐기물_이미지/01.데이터/1.Training/라벨링데이터/전자제품/컴퓨터/20_X018_C058_0128/20_X018_C058_0128_5.Json,1,전자제품,도기류,컵
/home/minsu/disk_c/trash_dataset/085.생활_폐기물_이미지/01.데이터/1.Training/라벨링데이터/전자제품/컴퓨터/20_X018_C058_0128/20_X018_C058_0128_2.Json,1,전자제품,도기류,컵
/home/minsu/disk_c/trash_dataset/085.생활_폐기물_이미지/01.데이터/1.Training/라벨링데이터/전자제품/컴퓨터/20_X018_C058_0128/20_X018_C058_0128_1.Json,1,전자제품,도기류,컵
/home/minsu/disk_c/trash_dataset/085.생활_폐기물_이미지/01.데이터/1.Training/라벨링데이터/전자제품/컴퓨터/20_X018_C058_0128/20_X018_C058_0128_6.Json,1,전자제품,도기류,컵
/home/minsu/disk_c/trash_dataset/085.생활_폐기물_이미지/01.데이터/1.Training/라벨링데이터/전자제품/전기정수기/20_X029_C058_0127/20_X029_C058_0127_3.Json,1,전자제품,종이류,책자
/home/minsu/disk_c/trash_dataset/085.생활_폐기물_이미지/01.데이터/1.Training/라벨링데이터/전자제품/전기정수기/20_X029_C058_0127/20_X029_C058_0127_1.Json,1,전자제품,종이류,책자
/home/minsu/disk_c/trash_dataset/085.생활_폐기물_이미지/01.데이터/1.Training/라벨링데이터/전자제품/전기정수기/20_X029_C058_0127/20_X029_C058_0127_2.Json,1,전자제품,종이류,책자
/home/minsu/disk_c/trash_dataset/085.생활_폐기물_이미지/01.데이터/1.Training/라벨링데이터/전자제품/전기정수기/20_X029_C058_0127/20_X029_C058_0127_4.Json,1,전자제품,종이류,책자
/home/minsu/disk_c/trash_dataset/085.생활_폐기물_이미지/01.데이터/1.Training/라벨링데이터/전자제품/전기정수기/20_X029_C058_0127/20_X029_C058_0127_0.Json,1,전자제품,종이류,책자
/home/minsu/disk_c/trash_dataset/085.생활_폐기물_이미지/01.데이터/1.Training/라벨링데이터/전자제품/전기정수기/20_X019_C172_0130/20_X019_C172_0130_2.Json,1,전자제품,캔류,커피캔
/home/minsu/disk_c/trash_dataset/085.생활_폐기물_이미지/01.데이터/1.Training/라벨링데이터/전자제품/전기정수기/20_X019_C172_0130/20_X019_C172_0130_0.Json,1,전자제품,캔류,커피캔
/home/minsu/disk_c/trash_dataset/085.생활_폐기물_이미지/01.데이터/1.Training/라벨링데이터/전자제품/전기정수기/20_X019_C172_0130/20_X019_C172_0130_3.Json,1,전자제품,캔류,커피캔
/home/minsu/disk_c/trash_dataset/085.생활_폐기물_이미지/01.데이터/1.Training/라벨링데이터/전자제품/전기정수기/20_X019_C172_0130/20_X019_C172_0130_1.Json,1,전자제품,캔류,커피캔
/home/minsu/disk_c/trash_dataset/085.생활_폐기물_이미지/01.데이터/1.Training/라벨링데이터/전자제품/전기정수기/20_X019_C172_0130/20_X019_C172_0130_4.Json,1,전자제품,캔류,커피캔
/home/minsu/disk_c/trash_dataset/085.생활_폐기물_이미지/01.데이터/1.Training/라벨링데이터/전자제품/선풍기/20_X009_C171_0128/20_X009_C171_0128_0.Json,1,전자제품,캔류,음료수캔
/home/minsu/disk_c/trash_dataset/085.생활_폐기물_이미지/01.데이터/1.Training/라벨링데이터/전자제품/선풍기/20_X009_C171_0128/20_X009_C171_0128_1.Json,1,전자제품,캔류,음료수캔
/home/minsu/disk_c/trash_dataset/085.생활_폐기물_이미지/01.데이터/1.Training/라벨링데이터/전자제품/선풍기/20_X009_C171_0128/20_X009_C171_0128_2.Json,1,전자제품,캔류,음료수캔
/home/minsu/disk_c/trash_dataset/085.생활_폐기물_이미지/01.데이터/1.Training/라벨링데이터/전자제품/선풍기/20_X022_C171_0208/20_X022_C171_0208_2.Json,1,전자제품,고철류,고철
/home/minsu/disk_c/trash_dataset/085.생활_폐기물_이미지/01.데이터/1.Training/라벨링데이터/전자제품/선풍기/20_X022_C171_0208/20_X022_C171_0208_6.Json,1,전자제품,고철류,고철
/home/minsu/disk_c/trash_dataset/085.생활_폐기물_이미지/01.데이터/1.Training/라벨링데이터/전자제품/선풍기/20_X022_C171_0208/20_X022_C171_0208_1.Json,1,전자제품,고철류,고철
/home/minsu/disk_c/trash_dataset/085.생활_폐기물_이미지/01.데이터/1.Training/라벨링데이터/전자제품/선풍기/20_X022_C171_0208/20_X022_C171_0208_3.Json,1,전자제품,고철류,고철
/home/minsu/disk_c/trash_dataset/085.생활_폐기물_이미지/01.데이터/1.Training/라벨링데이터/전자제품/선풍기/20_X022_C171_0208/20_X022_C171_0208_4.Json,1,전자제품,고철류,고철
/home/minsu/disk_c/trash_dataset/085.생활_폐기물_이미지/01.데이터/1.Training/라벨링데이터/전자제품/선풍기/20_X017_C172_0130/20_X017_C172_0130_0.Json,1,전자제품,종이류,노트
/home/minsu/disk_c/trash_dataset/085.생활_폐기물_이미지/01.데이터/1.Training/라벨링데이터/전자제품/선풍기/20_X017_C172_0130/20_X017_C172_0130_2.Json,1,전자제품,종이류,노트
/home/minsu/disk_c/trash_dataset/085.생활_폐기물_이미지/01.데이터/1.Training/라벨링데이터/전자제품/선풍기/20_X017_C172_0130/20_X017_C172_0130_3.Json,1,전자제품,종이류,노트
/home/minsu/disk_c/trash_dataset/085.생활_폐기물_이미지/01.데이터/1.Training/라벨링데이터/전자제품/선풍기/20_X017_C172_0130/20_X017_C172_0130_1.Json,1,전자제품,종이류,노트
/home/minsu/disk_c/trash_dataset/085.생활_폐기물_이미지/01.데이터/1.Training/라벨링데이터/전자제품/선풍기/20_X017_C172_0130/20_X017_C172_0130_4.Json,1,전자제품,종이류,노트
/home/minsu/disk_c/trash_dataset/085.생활_폐기물_이미지/01.데이터/1.Training/라벨링데이터/전자제품/선풍기/20_X021_C509_0118/20_X021_C509_0118_1.Json,1,전자제품,페트병류,페트병
/home/minsu/disk_c/trash_dataset/085.생활_폐기물_이미지/01.데이터/1.Training/라벨링데이터/전자제품/선풍기/20_X021_C509_0118/20_X021_C509_0118_5.Json,1,전자제품,플라스틱류,바구니
/home/minsu/disk_c/trash_dataset/085.생활_폐기물_이미지/01.데이터/1.Training/라벨링데이터/전자제품/선풍기/20_X021_C509_0118/20_X021_C509_0118_5.Json,2,전자제품,페트병류,페트병
/home/minsu/disk_c/trash_dataset/085.생활_폐기물_이미지/01.데이터/1.Training/라벨링데이터/전자제품/선풍기/20_X021_C509_0118/20_X021_C509_0118_5.Json,3,전자제품,페트병류,페트병
/home/minsu/disk_c/trash_dataset/085.생활_폐기물_이미지/01.데이터/1.Training/라벨링데이터/전자제품/선풍기/20_X048_C171_0130/20_X048_C171_0130_2.Json,1,전자제품,페트병류,페트병
/home/minsu/disk_c/trash_dataset/085.생활_폐기물_이미지/01.데이터/1.Training/라벨링데이터/전자제품/선풍기/20_X048_C171_0130/20_X048_C171_0130_3.Json,1,전자제품,페트병류,페트병
/home/minsu/disk_c/trash_dataset/085.생활_폐기물_이미지/01.데이터/1.Training/라벨링데이터/전자제품/선풍기/20_X048_C171_0130/20_X048_C171_0130_1.Json,1,전자제품,페트병류,페트병
/home/minsu/disk_c/trash_dataset/085.생활_폐기물_이미지/01.데이터/1.Training/라벨링데이터/전자제품/선풍기/20_X048_C171_0130/20_X048_C171_0130_0.Json,1,전자제품,페트병류,페트병
/home/minsu/disk_c/trash_dataset/085.생활_폐기물_이미지/01.데이터/1.Training/라벨링데이터/전자제품/선풍기/20_X048_C171_0130/20_X048_C171_0130_4.Json,1,전자제품,페트병류,페트병
/home/minsu/disk_c/trash_dataset/085.생활_폐기물_이미지/01.데이터/1.Training/라벨링데이터/전자제품/선풍기/20_X020_C058_0131/20_X020_C058_0131_4.Json,0,전자제품,종이류,포장상자
/home/minsu/disk_c/trash_dataset/085.생활_폐기물_이미지/01.데이터/1.Training/라벨링데이터/전자제품/선풍기/20_X020_C058_0131/20_X020_C058_0131_0.Json,0,전자제품,종이류,포장상자
/home/minsu/disk_c/trash_dataset/085.생활_폐기물_이미지/01.데이터/1.Training/라벨링데이터/전자제품/선풍기/20_X020_C058_0131/20_X020_C058_0131_5.Json,0,전자제품,종이류,포장상자
/home/minsu/disk_c/trash_dataset/085.생활_폐기물_이미지/01.데이터/1.Training/라벨링데이터/전자제품/선풍기/20_X020_C058_0131/20_X020_C058_0131_1.Json,0,전자제품,종이류,포장상자
/home/minsu/disk_c/trash_dataset/085.생활_폐기물_이미지/01.데이터/1.Training/라벨링데이터/전자제품/선풍기/20_X020_C058_0131/20_X020_C058_0131_3.Json,0,전자제품,종이류,포장상자
/home/minsu/disk_c/trash_dataset/085.생활_폐기물_이미지/01.데이터/1.Training/라벨링데이터/전자제품/선풍기/20_X038_C171_0130/20_X038_C171_0130_4.Json,1,전자제품,페트병류,페트병
/home/minsu/disk_c/trash_dataset/085.생활_폐기물_이미지/01.데이터/1.Training/라벨링데이터/전자제품/선풍기/20_X038_C171_0130/20_X038_C171_0130_0.Json,1,전자제품,페트병류,페트병
/home/minsu/disk_c/trash_dataset/085.생활_폐기물_이미지/01.데이터/1.Training/라벨링데이터/전자제품/선풍기/20_X038_C171_0130/20_X038_C171_0130_1.Json,1,전자제품,페트병류,페트병
/home/minsu/disk_c/trash_dataset/085.생활_폐기물_이미지/01.데이터/1.Training/라벨링데이터/전자제품/선풍기/20_X038_C171_0130/20_X038_C171_0130_3.Json,1,전자제품,페트병류,페트병
/home/minsu/disk_c/trash_dataset/085.생활_폐기물_이미지/01.데이터/1.Training/라벨링데이터/전자제품/선풍기/20_X038_C171_0130/20_X038_C171_0130_2.Json,1,전자제품,페트병류,페트병
/home/minsu/disk_c/trash_dataset/085.생활_폐기물_이미지/01.데이터/1.Training/라벨링데이터/전자제품/선풍기/20_X024_C171_0128/20_X024_C171_0128_3.Json,1,전자제품,캔류,통조림캔
/home/minsu/disk_c/trash_dataset/085.생활_폐기물_이미지/01.데이터/1.Training/라벨링데이터/전자제품/선풍기/20_X024_C171_0128/20_X024_C171_0128_4.Json,1,전자제품,캔류,통조림캔
/home/minsu/disk_c/trash_dataset/085.생활_폐기물_이미지/01.데이터/1.Training/라벨링데이터/전자제품/선풍기/20_X024_C171_0128/20_X024_C171_0128_2.Json,1,전자제품,캔류,통조림캔
/home/minsu/disk_c/trash_dataset/085.생활_폐기물_이미지/01.데이터/1.Training/라벨링데이터/전자제품/선풍기/20_X024_C171_0128/20_X024_C171_0128_1.Json,1,전자제품,캔류,통조림캔
/home/minsu/disk_c/trash_dataset/085.생활_폐기물_이미지/01.데이터/1.Training/라벨링데이터/전자제품/선풍기/20_X024_C171_0128/20_X024_C171_0128_5.Json,1,전자제품,캔류,통조림캔
/home/minsu/disk_c/trash_dataset/085.생활_폐기물_이미지/01.데이터/1.Training/라벨링데이터/전자제품/선풍기/20_X018_C172_0130/20_X018_C172_0130_3.Json,1,전자제품,종이류,노트
/home/minsu/disk_c/trash_dataset/085.생활_폐기물_이미지/01.데이터/1.Training/라벨링데이터/전자제품/선풍기/20_X018_C172_0130/20_X018_C172_0130_0.Json,1,전자제품,종이류,노트
/home/minsu/disk_c/trash_dataset/085.생활_폐기물_이미지/01.데이터/1.Training/라벨링데이터/전자제품/선풍기/20_X018_C172_0130/20_X018_C172_0130_2.Json,1,전자제품,종이류,노트
/home/minsu/disk_c/trash_dataset/085.생활_폐기물_이미지/01.데이터/1.Training/라벨링데이터/전자제품/선풍기/20_X018_C172_0130/20_X018_C172_0130_1.Json,1,전자제품,종이류,노트
/home/minsu/disk_c/trash_dataset/085.생활_폐기물_이미지/01.데이터/1.Training/라벨링데이터/전자제품/선풍기/20_X021_C171_0130/20_X021_C171_0130_4.Json,1,전자제품,캔류,커피캔
/home/minsu/disk_c/trash_dataset/085.생활_폐기물_이미지/01.데이터/1.Training/라벨링데이터/전자제품/선풍기/20_X021_C171_0130/20_X021_C171_0130_2.Json,1,전자제품,캔류,커피캔
/home/minsu/disk_c/trash_dataset/085.생활_폐기물_이미지/01.데이터/1.Training/라벨링데이터/전자제품/선풍기/20_X021_C171_0130/20_X021_C171_0130_1.Json,1,전자제품,캔류,커피캔
/home/minsu/disk_c/trash_dataset/085.생활_폐기물_이미지/01.데이터/1.Training/라벨링데이터/전자제품/선풍기/20_X021_C171_0130/20_X021_C171_0130_3.Json,1,전자제품,캔류,커피캔
/home/minsu/disk_c/trash_dataset/085.생활_폐기물_이미지/01.데이터/1.Training/라벨링데이터/전자제품/선풍기/20_X021_C171_0130/20_X021_C171_0130_0.Json,1,전자제품,캔류,커피캔
/home/minsu/disk_c/trash_dataset/085.생활_폐기물_이미지/01.데이터/1.Training/라벨링데이터/전자제품/선풍기/20_X039_C172_0130/20_X039_C172_0130_4.Json,1,전자제품,종이류,포장상자
/home/minsu/disk_c/trash_dataset/085.생활_폐기물_이미지/01.데이터/1.Training/라벨링데이터/전자제품/선풍기/20_X039_C172_0130/20_X039_C172_0130_3.Json,1,전자제품,종이류,포장상자
/home/minsu/disk_c/trash_dataset/085.생활_폐기물_이미지/01.데이터/1.Training/라벨링데이터/전자제품/선풍기/20_X039_C172_0130/20_X039_C172_0130_0.Json,1,전자제품,종이류,포장상자
/home/minsu/disk_c/trash_dataset/085.생활_폐기물_이미지/01.데이터/1.Training/라벨링데이터/전자제품/선풍기/20_X039_C172_0130/20_X039_C172_0130_1.Json,1,전자제품,종이류,포장상자
/home/minsu/disk_c/trash_dataset/085.생활_폐기물_이미지/01.데이터/1.Training/라벨링데이터/전자제품/선풍기/20_X039_C172_0130/20_X039_C172_0130_2.Json,1,전자제품,종이류,포장상자
/home/minsu/disk_c/trash_dataset/085.생활_폐기물_이미지/01.데이터/1.Training/라벨링데이터/전자제품/선풍기/20_X028_C172_0130/20_X028_C172_0130_0.Json,1,전자제품,종이류,책자
/home/minsu/disk_c/trash_dataset/085.생활_폐기물_이미지/01.데이터/1.Training/라벨링데이터/전자제품/선풍기/20_X028_C172_0130/20_X028_C172_0130_3.Json,1,전자제품,종이류,책자
/home/minsu/disk_c/trash_dataset/085.생활_폐기물_이미지/01.데이터/1.Training/라벨링데이터/전자제품/선풍기/20_X028_C172_0130/20_X028_C172_0130_4.Json,1,전자제품,종이류,책자
/home/minsu/disk_c/trash_dataset/085.생활_폐기물_이미지/01.데이터/1.Training/라벨링데이터/전자제품/선풍기/20_X028_C172_0130/20_X028_C172_0130_2.Json,1,전자제품,종이류,책자
/home/minsu/disk_c/trash_dataset/085.생활_폐기물_이미지/01.데이터/1.Training/라벨링데이터/전자제품/선풍기/20_X028_C172_0130/20_X028_C172_0130_1.Json,1,전자제품,종이류,책자
/home/minsu/disk_c/trash_dataset/085.생활_폐기물_이미지/01.데이터/1.Training/라벨링데이터/전자제품/선풍기/20_X025_C171_0128/20_X025_C171_0128_5.Json,1,전자제품,고철류,고철
/home/minsu/disk_c/trash_dataset/085.생활_폐기물_이미지/01.데이터/1.Training/라벨링데이터/전자제품/선풍기/20_X025_C171_0128/20_X025_C171_0128_3.Json,1,전자제품,고철류,고철
/home/minsu/disk_c/trash_dataset/085.생활_폐기물_이미지/01.데이터/1.Training/라벨링데이터/전자제품/선풍기/20_X025_C171_0128/20_X025_C171_0128_4.Json,1,전자제품,고철류,고철
/home/minsu/disk_c/trash_dataset/085.생활_폐기물_이미지/01.데이터/1.Training/라벨링데이터/전자제품/선풍기/20_X025_C171_0128/20_X025_C171_0128_2.Json,1,전자제품,고철류,프라이팬
/home/minsu/disk_c/trash_dataset/085.생활_폐기물_이미지/01.데이터/1.Training/라벨링데이터/전자제품/선풍기/20_X025_C171_0128/20_X025_C171_0128_6.Json,1,전자제품,고철류,고철
/home/minsu/disk_c/trash_dataset/085.생활_폐기물_이미지/01.데이터/1.Training/라벨링데이터/전자제품/선풍기/20_X022_C171_0130/20_X022_C171_0130_4.Json,1,전자제품,종이류,노트
/home/minsu/disk_c/trash_dataset/085.생활_폐기물_이미지/01.데이터/1.Training/라벨링데이터/전자제품/선풍기/20_X022_C171_0130/20_X022_C171_0130_3.Json,1,전자제품,종이류,책자
/home/minsu/disk_c/trash_dataset/085.생활_폐기물_이미지/01.데이터/1.Training/라벨링데이터/전자제품/선풍기/20_X022_C171_0130/20_X022_C171_0130_0.Json,1,전자제품,종이류,책자
/home/minsu/disk_c/trash_dataset/085.생활_폐기물_이미지/01.데이터/1.Training/라벨링데이터/전자제품/선풍기/20_X022_C171_0130/20_X022_C171_0130_1.Json,1,전자제품,종이류,책자
/home/minsu/disk_c/trash_dataset/085.생활_폐기물_이미지/01.데이터/1.Training/라벨링데이터/전자제품/선풍기/20_X022_C171_0130/20_X022_C171_0130_2.Json,1,전자제품,종이류,책자
/home/minsu/disk_c/trash_dataset/085.생활_폐기물_이미지/01.데이터/1.Training/라벨링데이터/전자제품/전기다리미/20_X024_C171_0208/20_X024_C171_0208_1.Json,1,전자제품,도기류,컵
/home/minsu/disk_c/trash_dataset/085.생활_폐기물_이미지/01.데이터/1.Training/라벨링데이터/전자제품/전기다리미/20_X024_C171_0208/20_X024_C171_0208_3.Json,1,전자제품,도기류,컵
/home/minsu/disk_c/trash_dataset/085.생활_폐기물_이미지/01.데이터/1.Training/라벨링데이터/전자제품/전기다리미/20_X024_C171_0208/20_X024_C171_0208_2.Json,1,전자제품,도기류,컵
/home/minsu/disk_c/trash_dataset/085.생활_폐기물_이미지/01.데이터/1.Training/라벨링데이터/전자제품/전기다리미/20_X024_C171_0208/20_X024_C171_0208_5.Json,1,전자제품,도기류,컵
/home/minsu/disk_c/trash_dataset/085.생활_폐기물_이미지/01.데이터/1.Training/라벨링데이터/전자제품/전기다리미/20_X024_C171_0208/20_X024_C171_0208_4.Json,1,전자제품,도기류,컵
/home/minsu/disk_c/trash_dataset/085.생활_폐기물_이미지/01.데이터/1.Training/라벨링데이터/전자제품/전기다리미/20_X041_C058_0127/20_X041_C058_0127_0.Json,1,전자제품,종이류,책자
/home/minsu/disk_c/trash_dataset/085.생활_폐기물_이미지/01.데이터/1.Training/라벨링데이터/전자제품/전기다리미/20_X041_C058_0127/20_X041_C058_0127_3.Json,1,전자제품,종이류,책자
/home/minsu/disk_c/trash_dataset/085.생활_폐기물_이미지/01.데이터/1.Training/라벨링데이터/전자제품/전기다리미/20_X041_C058_0127/20_X041_C058_0127_4.Json,1,전자제품,종이류,책자
/home/minsu/disk_c/trash_dataset/085.생활_폐기물_이미지/01.데이터/1.Training/라벨링데이터/전자제품/전기다리미/20_X041_C058_0127/20_X041_C058_0127_1.Json,1,전자제품,종이류,책자
/home/minsu/disk_c/trash_dataset/085.생활_폐기물_이미지/01.데이터/1.Training/라벨링데이터/전자제품/전기다리미/20_X041_C058_0127/20_X041_C058_0127_2.Json,1,전자제품,종이류,책자
/home/minsu/disk_c/trash_dataset/085.생활_폐기물_이미지/01.데이터/1.Training/라벨링데이터/전자제품/전기다리미/20_X018_C058_0131/20_X018_C058_0131_0.Json,1,전자제품,종이류,포장상자
/home/minsu/disk_c/trash_dataset/085.생활_폐기물_이미지/01.데이터/1.Training/라벨링데이터/전자제품/전기다리미/20_X018_C058_0131/20_X018_C058_0131_2.Json,1,전자제품,종이류,포장상자
/home/minsu/disk_c/trash_dataset/085.생활_폐기물_이미지/01.데이터/1.Training/라벨링데이터/전자제품/전기다리미/20_X018_C058_0131/20_X018_C058_0131_3.Json,1,전자제품,종이류,포장상자
/home/minsu/disk_c/trash_dataset/085.생활_폐기물_이미지/01.데이터/1.Training/라벨링데이터/전자제품/전기다리미/20_X018_C058_0131/20_X018_C058_0131_6.Json,1,전자제품,종이류,포장상자
/home/minsu/disk_c/trash_dataset/085.생활_폐기물_이미지/01.데이터/1.Training/라벨링데이터/전자제품/전기다리미/20_X018_C058_0131/20_X018_C058_0131_4.Json,1,전자제품,종이류,포장상자
/home/minsu/disk_c/trash_dataset/085.생활_폐기물_이미지/01.데이터/1.Training/라벨링데이터/전자제품/전기다리미/20_X018_C171_0208/20_X018_C171_0208_4.Json,1,전자제품,고철류,고철
/home/minsu/disk_c/trash_dataset/085.생활_폐기물_이미지/01.데이터/1.Training/라벨링데이터/전자제품/전기다리미/20_X018_C171_0208/20_X018_C171_0208_2.Json,1,전자제품,고철류,고철
/home/minsu/disk_c/trash_dataset/085.생활_폐기물_이미지/01.데이터/1.Training/라벨링데이터/전자제품/전기다리미/20_X018_C171_0208/20_X018_C171_0208_5.Json,1,전자제품,고철류,고철
/home/minsu/disk_c/trash_dataset/085.생활_폐기물_이미지/01.데이터/1.Training/라벨링데이터/전자제품/전기다리미/20_X018_C171_0208/20_X018_C171_0208_6.Json,1,전자제품,고철류,고철
/home/minsu/disk_c/trash_dataset/085.생활_폐기물_이미지/01.데이터/1.Training/라벨링데이터/전자제품/전기다리미/20_X018_C171_0208/20_X018_C171_0208_3.Json,1,전자제품,고철류,고철
/home/minsu/disk_c/trash_dataset/085.생활_폐기물_이미지/01.데이터/1.Training/라벨링데이터/전자제품/믹서/20_X017_C172_0208/20_X017_C172_0208_4.Json,1,전자제품,도기류,컵
/home/minsu/disk_c/trash_dataset/085.생활_폐기물_이미지/01.데이터/1.Training/라벨링데이터/전자제품/믹서/20_X017_C172_0208/20_X017_C172_0208_2.Json,1,전자제품,도기류,컵
/home/minsu/disk_c/trash_dataset/085.생활_폐기물_이미지/01.데이터/1.Training/라벨링데이터/전자제품/믹서/20_X017_C172_0208/20_X017_C172_0208_0.Json,1,전자제품,도기류,컵
/home/minsu/disk_c/trash_dataset/085.생활_폐기물_이미지/01.데이터/1.Training/라벨링데이터/전자제품/믹서/20_X017_C172_0208/20_X017_C172_0208_3.Json,1,전자제품,도기류,컵
/home/minsu/disk_c/trash_dataset/085.생활_폐기물_이미지/01.데이터/1.Training/라벨링데이터/전자제품/믹서/20_X017_C172_0208/20_X017_C172_0208_1.Json,1,전자제품,도기류,컵
/home/minsu/disk_c/trash_dataset/085.생활_폐기물_이미지/01.데이터/1.Training/라벨링데이터/전자제품/믹서/20_X009_C171_0129/20_X009_C171_0129_3.Json,0,전자제품,종이류,음료수곽
/home/minsu/disk_c/trash_dataset/085.생활_폐기물_이미지/01.데이터/1.Training/라벨링데이터/전자제품/믹서/20_X009_C171_0129/20_X009_C171_0129_2.Json,0,전자제품,종이류,음료수곽
/home/minsu/disk_c/trash_dataset/085.생활_폐기물_이미지/01.데이터/1.Training/라벨링데이터/전자제품/믹서/20_X009_C171_0129/20_X009_C171_0129_1.Json,1,전자제품,종이류,음료수곽
/home/minsu/disk_c/trash_dataset/085.생활_폐기물_이미지/01.데이터/1.Training/라벨링데이터/전자제품/믹서/20_X009_C171_0129/20_X009_C171_0129_0.Json,1,전자제품,종이류,음료수곽
/home/minsu/disk_c/trash_dataset/085.생활_폐기물_이미지/01.데이터/1.Training/라벨링데이터/전자제품/믹서/20_X009_C171_0129/20_X009_C171_0129_4.Json,0,전자제품,종이류,음료수곽
/home/minsu/disk_c/trash_dataset/085.생활_폐기물_이미지/01.데이터/1.Training/라벨링데이터/전자제품/믹서/20_X057_C172_0208/20_X057_C172_0208_3.Json,1,전자제품,도기류,컵
/home/minsu/disk_c/trash_dataset/085.생활_폐기물_이미지/01.데이터/1.Training/라벨링데이터/전자제품/믹서/20_X057_C172_0208/20_X057_C172_0208_5.Json,1,전자제품,도기류,컵
/home/minsu/disk_c/trash_dataset/085.생활_폐기물_이미지/01.데이터/1.Training/라벨링데이터/전자제품/믹서/20_X057_C172_0208/20_X057_C172_0208_6.Json,1,전자제품,도기류,컵
/home/minsu/disk_c/trash_dataset/085.생활_폐기물_이미지/01.데이터/1.Training/라벨링데이터/전자제품/믹서/20_X057_C172_0208/20_X057_C172_0208_2.Json,1,전자제품,도기류,그릇류
/home/minsu/disk_c/trash_dataset/085.생활_폐기물_이미지/01.데이터/1.Training/라벨링데이터/전자제품/믹서/20_X057_C172_0208/20_X057_C172_0208_0.Json,1,전자제품,도기류,컵
/home/minsu/disk_c/trash_dataset/085.생활_폐기물_이미지/01.데이터/1.Training/라벨링데이터/전자제품/믹서/20_X008_C058_0129/20_X008_C058_0129_0.Json,1,전자제품,종이류,책자
/home/minsu/disk_c/trash_dataset/085.생활_폐기물_이미지/01.데이터/1.Training/라벨링데이터/전자제품/믹서/20_X008_C058_0129/20_X008_C058_0129_4.Json,1,전자제품,종이류,책자
/home/minsu/disk_c/trash_dataset/085.생활_폐기물_이미지/01.데이터/1.Training/라벨링데이터/전자제품/믹서/20_X008_C058_0129/20_X008_C058_0129_2.Json,1,전자제품,종이류,책자
/home/minsu/disk_c/trash_dataset/085.생활_폐기물_이미지/01.데이터/1.Training/라벨링데이터/전자제품/믹서/20_X008_C058_0129/20_X008_C058_0129_3.Json,1,전자제품,종이류,책자
/home/minsu/disk_c/trash_dataset/085.생활_폐기물_이미지/01.데이터/1.Training/라벨링데이터/전자제품/믹서/20_X008_C058_0129/20_X008_C058_0129_1.Json,1,전자제품,종이류,책자
/home/minsu/disk_c/trash_dataset/085.생활_폐기물_이미지/01.데이터/1.Training/라벨링데이터/전자제품/믹서/20_X056_C172_0208/20_X056_C172_0208_0.Json,1,전자제품,고철류,고철
/home/minsu/disk_c/trash_dataset/085.생활_폐기물_이미지/01.데이터/1.Training/라벨링데이터/전자제품/믹서/20_X056_C172_0208/20_X056_C172_0208_2.Json,1,전자제품,고철류,고철
/home/minsu/disk_c/trash_dataset/085.생활_폐기물_이미지/01.데이터/1.Training/라벨링데이터/전자제품/믹서/20_X056_C172_0208/20_X056_C172_0208_5.Json,1,전자제품,고철류,고철
/home/minsu/disk_c/trash_dataset/085.생활_폐기물_이미지/01.데이터/1.Training/라벨링데이터/전자제품/믹서/20_X056_C172_0208/20_X056_C172_0208_3.Json,1,전자제품,고철류,고철
/home/minsu/disk_c/trash_dataset/085.생활_폐기물_이미지/01.데이터/1.Training/라벨링데이터/전자제품/믹서/20_X056_C172_0208/20_X056_C172_0208_4.Json,1,전자제품,고철류,고철
/home/minsu/disk_c/trash_dataset/085.생활_폐기물_이미지/01.데이터/1.Training/라벨링데이터/전자제품/믹서/20_X041_C172_0201/20_X041_C172_0201_4.Json,1,전자제품,플라스틱류,밀폐용기
/home/minsu/disk_c/trash_dataset/085.생활_폐기물_이미지/01.데이터/1.Training/라벨링데이터/전자제품/믹서/20_X041_C172_0201/20_X041_C172_0201_0.Json,1,전자제품,플라스틱류,밀폐용기
/home/minsu/disk_c/trash_dataset/085.생활_폐기물_이미지/01.데이터/1.Training/라벨링데이터/전자제품/믹서/20_X041_C172_0201/20_X041_C172_0201_2.Json,1,전자제품,플라스틱류,밀폐용기
/home/minsu/disk_c/trash_dataset/085.생활_폐기물_이미지/01.데이터/1.Training/라벨링데이터/전자제품/믹서/20_X041_C172_0201/20_X041_C172_0201_1.Json,1,전자제품,플라스틱류,밀폐용기
/home/minsu/disk_c/trash_dataset/085.생활_폐기물_이미지/01.데이터/1.Training/라벨링데이터/전자제품/믹서/20_X041_C172_0201/20_X041_C172_0201_3.Json,1,전자제품,플라스틱류,밀폐용기
/home/minsu/disk_c/trash_dataset/085.생활_폐기물_이미지/01.데이터/1.Training/라벨링데이터/전자제품/믹서/20_X013_C058_0129/20_X013_C058_0129_1.Json,1,전자제품,고철류,고철
/home/minsu/disk_c/trash_dataset/085.생활_폐기물_이미지/01.데이터/1.Training/라벨링데이터/전자제품/믹서/20_X013_C058_0129/20_X013_C058_0129_2.Json,1,전자제품,고철류,고철
/home/minsu/disk_c/trash_dataset/085.생활_폐기물_이미지/01.데이터/1.Training/라벨링데이터/전자제품/믹서/20_X013_C058_0129/20_X013_C058_0129_4.Json,1,전자제품,고철류,고철
/home/minsu/disk_c/trash_dataset/085.생활_폐기물_이미지/01.데이터/1.Training/라벨링데이터/전자제품/믹서/20_X013_C058_0129/20_X013_C058_0129_0.Json,1,전자제품,고철류,고철
/home/minsu/disk_c/trash_dataset/085.생활_폐기물_이미지/01.데이터/1.Training/라벨링데이터/전자제품/믹서/20_X013_C058_0129/20_X013_C058_0129_3.Json,1,전자제품,고철류,고철
/home/minsu/disk_c/trash_dataset/085.생활_폐기물_이미지/01.데이터/1.Training/라벨링데이터/전자제품/믹서/20_X006_C058_0128/20_X006_C058_0128_0.Json,1,전자제품,도기류,컵
/home/minsu/disk_c/trash_dataset/085.생활_폐기물_이미지/01.데이터/1.Training/라벨링데이터/전자제품/믹서/20_X006_C058_0128/20_X006_C058_0128_1.Json,1,전자제품,도기류,컵
/home/minsu/disk_c/trash_dataset/085.생활_폐기물_이미지/01.데이터/1.Training/라벨링데이터/전자제품/믹서/20_X006_C058_0128/20_X006_C058_0128_3.Json,1,전자제품,도기류,컵
/home/minsu/disk_c/trash_dataset/085.생활_폐기물_이미지/01.데이터/1.Training/라벨링데이터/전자제품/믹서/20_X006_C058_0128/20_X006_C058_0128_4.Json,1,전자제품,도기류,컵
/home/minsu/disk_c/trash_dataset/085.생활_폐기물_이미지/01.데이터/1.Training/라벨링데이터/전자제품/믹서/20_X006_C058_0128/20_X006_C058_0128_2.Json,1,전자제품,도기류,컵
/home/minsu/disk_c/trash_dataset/085.생활_폐기물_이미지/01.데이터/1.Training/라벨링데이터/전자제품/믹서/20_X019_C172_0208/20_X019_C172_0208_5.Json,1,전자제품,도기류,컵
/home/minsu/disk_c/trash_dataset/085.생활_폐기물_이미지/01.데이터/1.Training/라벨링데이터/전자제품/믹서/20_X019_C172_0208/20_X019_C172_0208_6.Json,1,전자제품,도기류,컵
/home/minsu/disk_c/trash_dataset/085.생활_폐기물_이미지/01.데이터/1.Training/라벨링데이터/전자제품/믹서/20_X019_C172_0208/20_X019_C172_0208_4.Json,1,전자제품,도기류,컵
/home/minsu/disk_c/trash_dataset/085.생활_폐기물_이미지/01.데이터/1.Training/라벨링데이터/전자제품/믹서/20_X019_C172_0208/20_X019_C172_0208_0.Json,1,전자제품,도기류,컵
/home/minsu/disk_c/trash_dataset/085.생활_폐기물_이미지/01.데이터/1.Training/라벨링데이터/전자제품/믹서/20_X019_C172_0208/20_X019_C172_0208_3.Json,1,전자제품,도기류,컵
/home/minsu/disk_c/trash_dataset/085.생활_폐기물_이미지/01.데이터/1.Training/라벨링데이터/전자제품/믹서/20_X054_C172_0208/20_X054_C172_0208_5.Json,1,전자제품,도기류,컵
/home/minsu/disk_c/trash_dataset/085.생활_폐기물_이미지/01.데이터/1.Training/라벨링데이터/전자제품/믹서/20_X054_C172_0208/20_X054_C172_0208_2.Json,1,전자제품,도기류,컵
/home/minsu/disk_c/trash_dataset/085.생활_폐기물_이미지/01.데이터/1.Training/라벨링데이터/전자제품/믹서/20_X054_C172_0208/20_X054_C172_0208_4.Json,1,전자제품,도기류,컵
/home/minsu/disk_c/trash_dataset/085.생활_폐기물_이미지/01.데이터/1.Training/라벨링데이터/전자제품/믹서/20_X054_C172_0208/20_X054_C172_0208_0.Json,1,전자제품,도기류,컵
/home/minsu/disk_c/trash_dataset/085.생활_폐기물_이미지/01.데이터/1.Training/라벨링데이터/전자제품/믹서/20_X054_C172_0208/20_X054_C172_0208_3.Json,1,전자제품,도기류,컵
/home/minsu/disk_c/trash_dataset/085.생활_폐기물_이미지/01.데이터/1.Training/라벨링데이터/전자제품/믹서/20_X055_C172_0208/20_X055_C172_0208_0.Json,1,전자제품,고철류,고철
/home/minsu/disk_c/trash_dataset/085.생활_폐기물_이미지/01.데이터/1.Training/라벨링데이터/전자제품/믹서/20_X055_C172_0208/20_X055_C172_0208_5.Json,1,전자제품,고철류,고철
/home/minsu/disk_c/trash_dataset/085.생활_폐기물_이미지/01.데이터/1.Training/라벨링데이터/전자제품/믹서/20_X055_C172_0208/20_X055_C172_0208_4.Json,1,전자제품,고철류,고철
/home/minsu/disk_c/trash_dataset/085.생활_폐기물_이미지/01.데이터/1.Training/라벨링데이터/전자제품/믹서/20_X055_C172_0208/20_X055_C172_0208_2.Json,1,전자제품,고철류,고철
/home/minsu/disk_c/trash_dataset/085.생활_폐기물_이미지/01.데이터/1.Training/라벨링데이터/전자제품/믹서/20_X055_C172_0208/20_X055_C172_0208_3.Json,1,전자제품,고철류,고철
/home/minsu/disk_c/trash_dataset/085.생활_폐기물_이미지/01.데이터/1.Training/라벨링데이터/전자제품/가습기/20_X001_C172_0217/20_X001_C172_0217_2.Json,1,전자제품,페트병류,페트병
/home/minsu/disk_c/trash_dataset/085.생활_폐기물_이미지/01.데이터/1.Training/라벨링데이터/전자제품/가습기/20_X001_C172_0217/20_X001_C172_0217_3.Json,1,전자제품,페트병류,페트병
/home/minsu/disk_c/trash_dataset/085.생활_폐기물_이미지/01.데이터/1.Training/라벨링데이터/전자제품/가습기/20_X001_C172_0217/20_X001_C172_0217_1.Json,0,전자제품,페트병류,페트병
/home/minsu/disk_c/trash_dataset/085.생활_폐기물_이미지/01.데이터/1.Training/라벨링데이터/전자제품/가습기/20_X001_C172_0217/20_X001_C172_0217_4.Json,1,전자제품,페트병류,페트병
/home/minsu/disk_c/trash_dataset/085.생활_폐기물_이미지/01.데이터/1.Training/라벨링데이터/전자제품/가습기/20_X001_C172_0217/20_X001_C172_0217_0.Json,1,전자제품,페트병류,페트병
/home/minsu/disk_c/trash_dataset/085.생활_폐기물_이미지/01.데이터/1.Training/라벨링데이터/전자제품/가습기/20_X003_C323_0223/20_X003_C323_0223_3.Json,0,전자제품,고철류,고철
/home/minsu/disk_c/trash_dataset/085.생활_폐기물_이미지/01.데이터/1.Training/라벨링데이터/전자제품/가습기/20_X003_C323_0223/20_X003_C323_0223_3.Json,2,전자제품,페트병류,페트병
/home/minsu/disk_c/trash_dataset/085.생활_폐기물_이미지/01.데이터/1.Training/라벨링데이터/전자제품/가습기/20_X003_C323_0223/20_X003_C323_0223_4.Json,0,전자제품,고철류,고철
/home/minsu/disk_c/trash_dataset/085.생활_폐기물_이미지/01.데이터/1.Training/라벨링데이터/전자제품/가습기/20_X003_C323_0223/20_X003_C323_0223_4.Json,1,전자제품,페트병류,페트병
/home/minsu/disk_c/trash_dataset/085.생활_폐기물_이미지/01.데이터/1.Training/라벨링데이터/전자제품/가습기/20_X003_C323_0223/20_X003_C323_0223_2.Json,0,전자제품,고철류,고철
/home/minsu/disk_c/trash_dataset/085.생활_폐기물_이미지/01.데이터/1.Training/라벨링데이터/전자제품/가습기/20_X003_C323_0223/20_X003_C323_0223_2.Json,1,전자제품,페트병류,페트병
/home/minsu/disk_c/trash_dataset/085.생활_폐기물_이미지/01.데이터/1.Training/라벨링데이터/전자제품/가습기/20_X003_C323_0223/20_X003_C323_0223_1.Json,0,전자제품,고철류,고철
/home/minsu/disk_c/trash_dataset/085.생활_폐기물_이미지/01.데이터/1.Training/라벨링데이터/전자제품/가습기/20_X003_C323_0223/20_X003_C323_0223_1.Json,1,전자제품,페트병류,페트병
/home/minsu/disk_c/trash_dataset/085.생활_폐기물_이미지/01.데이터/1.Training/라벨링데이터/전자제품/가습기/20_X003_C323_0223/20_X003_C323_0223_0.Json,1,전자제품,페트병류,페트병
/home/minsu/disk_c/trash_dataset/085.생활_폐기물_이미지/01.데이터/1.Training/라벨링데이터/전자제품/가습기/20_X003_C323_0223/20_X003_C323_0223_0.Json,2,전자제품,고철류,고철
/home/minsu/disk_c/trash_dataset/085.생활_폐기물_이미지/01.데이터/1.Training/라벨링데이터/전자제품/전기히터/20_X036_C171_0130/20_X036_C171_0130_2.Json,1,전자제품,페트병류,페트병
/home/minsu/disk_c/trash_dataset/085.생활_폐기물_이미지/01.데이터/1.Training/라벨링데이터/전자제품/전기히터/20_X036_C171_0130/20_X036_C171_0130_0.Json,1,전자제품,페트병류,페트병
/home/minsu/disk_c/trash_dataset/085.생활_폐기물_이미지/01.데이터/1.Training/라벨링데이터/전자제품/전기히터/20_X036_C171_0130/20_X036_C171_0130_4.Json,1,전자제품,페트병류,페트병
/home/minsu/disk_c/trash_dataset/085.생활_폐기물_이미지/01.데이터/1.Training/라벨링데이터/전자제품/전기히터/20_X036_C171_0130/20_X036_C171_0130_1.Json,1,전자제품,페트병류,페트병
/home/minsu/disk_c/trash_dataset/085.생활_폐기물_이미지/01.데이터/1.Training/라벨링데이터/전자제품/전기히터/20_X036_C171_0130/20_X036_C171_0130_3.Json,1,전자제품,페트병류,페트병
/home/minsu/disk_c/trash_dataset/085.생활_폐기물_이미지/01.데이터/1.Training/라벨링데이터/전자제품/전기히터/20_X020_C172_0128/20_X020_C172_0128_2.Json,1,전자제품,도기류,컵
/home/minsu/disk_c/trash_dataset/085.생활_폐기물_이미지/01.데이터/1.Training/라벨링데이터/전자제품/전기히터/20_X020_C172_0128/20_X020_C172_0128_3.Json,1,전자제품,도기류,컵
/home/minsu/disk_c/trash_dataset/085.생활_폐기물_이미지/01.데이터/1.Training/라벨링데이터/전자제품/전기히터/20_X020_C172_0128/20_X020_C172_0128_0.Json,1,전자제품,도기류,컵
/home/minsu/disk_c/trash_dataset/085.생활_폐기물_이미지/01.데이터/1.Training/라벨링데이터/전자제품/전기히터/20_X020_C172_0128/20_X020_C172_0128_6.Json,1,전자제품,도기류,컵
/home/minsu/disk_c/trash_dataset/085.생활_폐기물_이미지/01.데이터/1.Training/라벨링데이터/전자제품/전기히터/20_X020_C172_0128/20_X020_C172_0128_4.Json,1,전자제품,도기류,컵
/home/minsu/disk_c/trash_dataset/085.생활_폐기물_이미지/01.데이터/1.Training/라벨링데이터/전자제품/전기히터/20_X009_C045_0208/20_X009_C045_0208_4.Json,1,전자제품,도기류,컵
/home/minsu/disk_c/trash_dataset/085.생활_폐기물_이미지/01.데이터/1.Training/라벨링데이터/전자제품/전기히터/20_X009_C045_0208/20_X009_C045_0208_1.Json,1,전자제품,도기류,컵
/home/minsu/disk_c/trash_dataset/085.생활_폐기물_이미지/01.데이터/1.Training/라벨링데이터/전자제품/전기히터/20_X009_C045_0208/20_X009_C045_0208_0.Json,1,전자제품,도기류,컵
/home/minsu/disk_c/trash_dataset/085.생활_폐기물_이미지/01.데이터/1.Training/라벨링데이터/전자제품/전기히터/20_X009_C045_0208/20_X009_C045_0208_2.Json,1,전자제품,도기류,컵
/home/minsu/disk_c/trash_dataset/085.생활_폐기물_이미지/01.데이터/1.Training/라벨링데이터/전자제품/전기히터/20_X009_C045_0208/20_X009_C045_0208_3.Json,1,전자제품,도기류,컵
/home/minsu/disk_c/trash_dataset/085.생활_폐기물_이미지/01.데이터/1.Training/라벨링데이터/전자제품/전기히터/20_X023_C171_0128/20_X023_C171_0128_4.Json,1,전자제품,캔류,음료수캔
/home/minsu/disk_c/trash_dataset/085.생활_폐기물_이미지/01.데이터/1.Training/라벨링데이터/전자제품/전기히터/20_X023_C171_0128/20_X023_C171_0128_5.Json,1,전자제품,캔류,음료수캔
/home/minsu/disk_c/trash_dataset/085.생활_폐기물_이미지/01.데이터/1.Training/라벨링데이터/전자제품/전기히터/20_X023_C171_0128/20_X023_C171_0128_3.Json,1,전자제품,캔류,음료수캔
/home/minsu/disk_c/trash_dataset/085.생활_폐기물_이미지/01.데이터/1.Training/라벨링데이터/전자제품/전기히터/20_X023_C171_0128/20_X023_C171_0128_1.Json,1,전자제품,캔류,음료수캔
/home/minsu/disk_c/trash_dataset/085.생활_폐기물_이미지/01.데이터/1.Training/라벨링데이터/전자제품/전기히터/20_X023_C171_0128/20_X023_C171_0128_6.Json,1,전자제품,캔류,음료수캔
/home/minsu/disk_c/trash_dataset/085.생활_폐기물_이미지/01.데이터/1.Training/라벨링데이터/전자제품/전기히터/20_X026_C171_0128/20_X026_C171_0128_1.Json,1,전자제품,고철류,고철
/home/minsu/disk_c/trash_dataset/085.생활_폐기물_이미지/01.데이터/1.Training/라벨링데이터/전자제품/전기히터/20_X026_C171_0128/20_X026_C171_0128_2.Json,1,전자제품,고철류,고철
/home/minsu/disk_c/trash_dataset/085.생활_폐기물_이미지/01.데이터/1.Training/라벨링데이터/전자제품/전기히터/20_X026_C171_0128/20_X026_C171_0128_3.Json,1,전자제품,고철류,고철
/home/minsu/disk_c/trash_dataset/085.생활_폐기물_이미지/01.데이터/1.Training/라벨링데이터/전자제품/전기히터/20_X026_C171_0128/20_X026_C171_0128_4.Json,1,전자제품,고철류,고철
/home/minsu/disk_c/trash_dataset/085.생활_폐기물_이미지/01.데이터/1.Training/라벨링데이터/전자제품/전기히터/20_X026_C171_0128/20_X026_C171_0128_0.Json,1,전자제품,고철류,고철
/home/minsu/disk_c/trash_dataset/085.생활_폐기물_이미지/01.데이터/1.Training/라벨링데이터/전자제품/전기히터/20_X020_C172_0130/20_X020_C172_0130_0.Json,1,전자제품,종이류,책자
/home/minsu/disk_c/trash_dataset/085.생활_폐기물_이미지/01.데이터/1.Training/라벨링데이터/전자제품/전기히터/20_X020_C172_0130/20_X020_C172_0130_4.Json,1,전자제품,종이류,책자
/home/minsu/disk_c/trash_dataset/085.생활_폐기물_이미지/01.데이터/1.Training/라벨링데이터/전자제품/전기히터/20_X020_C172_0130/20_X020_C172_0130_1.Json,1,전자제품,종이류,책자
/home/minsu/disk_c/trash_dataset/085.생활_폐기물_이미지/01.데이터/1.Training/라벨링데이터/전자제품/전기히터/20_X020_C172_0130/20_X020_C172_0130_2.Json,1,전자제품,종이류,책자
/home/minsu/disk_c/trash_dataset/085.생활_폐기물_이미지/01.데이터/1.Training/라벨링데이터/전자제품/전기히터/20_X020_C172_0130/20_X020_C172_0130_3.Json,1,전자제품,종이류,책자
/home/minsu/disk_c/trash_dataset/085.생활_폐기물_이미지/01.데이터/1.Training/라벨링데이터/전자제품/전기히터/20_X031_C172_0130/20_X031_C172_0130_2.Json,1,전자제품,페트병류,페트병
/home/minsu/disk_c/trash_dataset/085.생활_폐기물_이미지/01.데이터/1.Training/라벨링데이터/전자제품/전기히터/20_X031_C172_0130/20_X031_C172_0130_3.Json,1,전자제품,페트병류,페트병
/home/minsu/disk_c/trash_dataset/085.생활_폐기물_이미지/01.데이터/1.Training/라벨링데이터/전자제품/전기히터/20_X031_C172_0130/20_X031_C172_0130_4.Json,1,전자제품,페트병류,페트병
/home/minsu/disk_c/trash_dataset/085.생활_폐기물_이미지/01.데이터/1.Training/라벨링데이터/전자제품/전기히터/20_X031_C172_0130/20_X031_C172_0130_1.Json,1,전자제품,페트병류,페트병
/home/minsu/disk_c/trash_dataset/085.생활_폐기물_이미지/01.데이터/1.Training/라벨링데이터/전자제품/전기히터/20_X031_C172_0130/20_X031_C172_0130_0.Json,1,전자제품,페트병류,페트병
/home/minsu/disk_c/trash_dataset/085.생활_폐기물_이미지/01.데이터/1.Training/라벨링데이터/전자제품/TV/20_X052_C171_0130/20_X052_C171_0130_0.Json,1,전자제품,플라스틱류,밀폐용기
/home/minsu/disk_c/trash_dataset/085.생활_폐기물_이미지/01.데이터/1.Training/라벨링데이터/전자제품/TV/20_X052_C171_0130/20_X052_C171_0130_3.Json,1,전자제품,플라스틱류,밀폐용기
/home/minsu/disk_c/trash_dataset/085.생활_폐기물_이미지/01.데이터/1.Training/라벨링데이터/전자제품/TV/20_X052_C171_0130/20_X052_C171_0130_1.Json,1,전자제품,플라스틱류,밀폐용기
/home/minsu/disk_c/trash_dataset/085.생활_폐기물_이미지/01.데이터/1.Training/라벨링데이터/전자제품/TV/20_X052_C171_0130/20_X052_C171_0130_2.Json,1,전자제품,플라스틱류,밀폐용기
/home/minsu/disk_c/trash_dataset/085.생활_폐기물_이미지/01.데이터/1.Training/라벨링데이터/전자제품/TV/20_X052_C171_0130/20_X052_C171_0130_4.Json,1,전자제품,플라스틱류,밀폐용기
/home/minsu/disk_c/trash_dataset/085.생활_폐기물_이미지/01.데이터/1.Training/라벨링데이터/전자제품/TV/20_X005_C045_0201/20_X005_C045_0201_0.Json,1,전자제품,종이류,종이봉투
/home/minsu/disk_c/trash_dataset/085.생활_폐기물_이미지/01.데이터/1.Training/라벨링데이터/전자제품/TV/20_X005_C045_0201/20_X005_C045_0201_2.Json,1,전자제품,종이류,종이봉투
/home/minsu/disk_c/trash_dataset/085.생활_폐기물_이미지/01.데이터/1.Training/라벨링데이터/전자제품/TV/20_X005_C045_0201/20_X005_C045_0201_3.Json,1,전자제품,종이류,종이봉투
/home/minsu/disk_c/trash_dataset/085.생활_폐기물_이미지/01.데이터/1.Training/라벨링데이터/전자제품/TV/20_X005_C045_0201/20_X005_C045_0201_1.Json,1,전자제품,종이류,종이봉투
/home/minsu/disk_c/trash_dataset/085.생활_폐기물_이미지/01.데이터/1.Training/라벨링데이터/전자제품/TV/20_X005_C045_0201/20_X005_C045_0201_4.Json,1,전자제품,종이류,종이봉투
/home/minsu/disk_c/trash_dataset/085.생활_폐기물_이미지/01.데이터/1.Training/라벨링데이터/전자제품/TV/20_X015_C171_0129/20_X015_C171_0129_0.Json,1,전자제품,캔류,음료수캔
/home/minsu/disk_c/trash_dataset/085.생활_폐기물_이미지/01.데이터/1.Training/라벨링데이터/전자제품/TV/20_X015_C171_0129/20_X015_C171_0129_4.Json,1,전자제품,캔류,음료수캔
/home/minsu/disk_c/trash_dataset/085.생활_폐기물_이미지/01.데이터/1.Training/라벨링데이터/전자제품/TV/20_X015_C171_0129/20_X015_C171_0129_1.Json,1,전자제품,캔류,음료수캔
/home/minsu/disk_c/trash_dataset/085.생활_폐기물_이미지/01.데이터/1.Training/라벨링데이터/전자제품/TV/20_X015_C171_0129/20_X015_C171_0129_3.Json,1,전자제품,캔류,음료수캔
/home/minsu/disk_c/trash_dataset/085.생활_폐기물_이미지/01.데이터/1.Training/라벨링데이터/전자제품/TV/20_X015_C171_0129/20_X015_C171_0129_2.Json,1,전자제품,캔류,음료수캔
/home/minsu/disk_c/trash_dataset/085.생활_폐기물_이미지/01.데이터/1.Training/라벨링데이터/전자제품/TV/20_X008_C172_0128/20_X008_C172_0128_0.Json,1,전자제품,플라스틱류,밀폐용기
/home/minsu/disk_c/trash_dataset/085.생활_폐기물_이미지/01.데이터/1.Training/라벨링데이터/전자제품/TV/20_X008_C172_0128/20_X008_C172_0128_3.Json,1,전자제품,플라스틱류,밀폐용기
/home/minsu/disk_c/trash_dataset/085.생활_폐기물_이미지/01.데이터/1.Training/라벨링데이터/전자제품/TV/20_X008_C172_0128/20_X008_C172_0128_2.Json,1,전자제품,플라스틱류,밀폐용기
/home/minsu/disk_c/trash_dataset/085.생활_폐기물_이미지/01.데이터/1.Training/라벨링데이터/전자제품/TV/20_X008_C172_0128/20_X008_C172_0128_4.Json,1,전자제품,플라스틱류,밀폐용기
/home/minsu/disk_c/trash_dataset/085.생활_폐기물_이미지/01.데이터/1.Training/라벨링데이터/전자제품/TV/20_X020_C171_0127/20_X020_C171_0127_4.Json,1,전자제품,유리병류,박카스병
/home/minsu/disk_c/trash_dataset/085.생활_폐기물_이미지/01.데이터/1.Training/라벨링데이터/전자제품/TV/20_X020_C171_0127/20_X020_C171_0127_0.Json,1,전자제품,유리병류,박카스병
/home/minsu/disk_c/trash_dataset/085.생활_폐기물_이미지/01.데이터/1.Training/라벨링데이터/전자제품/TV/20_X020_C171_0127/20_X020_C171_0127_3.Json,1,전자제품,유리병류,박카스병
/home/minsu/disk_c/trash_dataset/085.생활_폐기물_이미지/01.데이터/1.Training/라벨링데이터/전자제품/TV/20_X020_C171_0127/20_X020_C171_0127_1.Json,1,전자제품,유리병류,박카스병
/home/minsu/disk_c/trash_dataset/085.생활_폐기물_이미지/01.데이터/1.Training/라벨링데이터/전자제품/TV/20_X020_C171_0127/20_X020_C171_0127_2.Json,1,전자제품,유리병류,박카스병
/home/minsu/disk_c/trash_dataset/085.생활_폐기물_이미지/01.데이터/1.Training/라벨링데이터/전자제품/TV/20_X002_C323_0208/20_X002_C323_0208_1.Json,0,전자제품,페트병류,페트병
/home/minsu/disk_c/trash_dataset/085.생활_폐기물_이미지/01.데이터/1.Training/라벨링데이터/전자제품/TV/20_X002_C323_0208/20_X002_C323_0208_2.Json,0,전자제품,페트병류,페트병
/home/minsu/disk_c/trash_dataset/085.생활_폐기물_이미지/01.데이터/1.Training/라벨링데이터/전자제품/TV/20_X002_C323_0208/20_X002_C323_0208_0.Json,1,전자제품,페트병류,페트병
/home/minsu/disk_c/trash_dataset/085.생활_폐기물_이미지/01.데이터/1.Training/라벨링데이터/전자제품/TV/20_X002_C323_0208/20_X002_C323_0208_3.Json,0,전자제품,페트병류,페트병
/home/minsu/disk_c/trash_dataset/085.생활_폐기물_이미지/01.데이터/1.Training/라벨링데이터/전자제품/TV/20_X002_C323_0208/20_X002_C323_0208_4.Json,0,전자제품,페트병류,페트병
/home/minsu/disk_c/trash_dataset/085.생활_폐기물_이미지/01.데이터/1.Training/라벨링데이터/전자제품/TV/20_X011_C045_0208/20_X011_C045_0208_2.Json,1,전자제품,플라스틱류,바구니
/home/minsu/disk_c/trash_dataset/085.생활_폐기물_이미지/01.데이터/1.Training/라벨링데이터/전자제품/TV/20_X011_C045_0208/20_X011_C045_0208_1.Json,1,전자제품,플라스틱류,바구니
/home/minsu/disk_c/trash_dataset/085.생활_폐기물_이미지/01.데이터/1.Training/라벨링데이터/전자제품/TV/20_X011_C045_0208/20_X011_C045_0208_3.Json,1,전자제품,플라스틱류,바구니
/home/minsu/disk_c/trash_dataset/085.생활_폐기물_이미지/01.데이터/1.Training/라벨링데이터/전자제품/TV/20_X011_C045_0208/20_X011_C045_0208_0.Json,1,전자제품,플라스틱류,바구니
/home/minsu/disk_c/trash_dataset/085.생활_폐기물_이미지/01.데이터/1.Training/라벨링데이터/전자제품/TV/20_X011_C045_0208/20_X011_C045_0208_4.Json,1,전자제품,플라스틱류,바구니
/home/minsu/disk_c/trash_dataset/085.생활_폐기물_이미지/01.데이터/1.Training/라벨링데이터/전자제품/TV/20_X011_C172_0201/20_X011_C172_0201_1.Json,1,전자제품,페트병류,페트병
/home/minsu/disk_c/trash_dataset/085.생활_폐기물_이미지/01.데이터/1.Training/라벨링데이터/전자제품/TV/20_X011_C172_0201/20_X011_C172_0201_0.Json,1,전자제품,페트병류,페트병
/home/minsu/disk_c/trash_dataset/085.생활_폐기물_이미지/01.데이터/1.Training/라벨링데이터/전자제품/TV/20_X011_C172_0201/20_X011_C172_0201_4.Json,1,전자제품,페트병류,페트병
/home/minsu/disk_c/trash_dataset/085.생활_폐기물_이미지/01.데이터/1.Training/라벨링데이터/전자제품/TV/20_X011_C172_0201/20_X011_C172_0201_2.Json,1,전자제품,페트병류,페트병
/home/minsu/disk_c/trash_dataset/085.생활_폐기물_이미지/01.데이터/1.Training/라벨링데이터/전자제품/TV/20_X011_C172_0201/20_X011_C172_0201_3.Json,1,전자제품,페트병류,페트병
/home/minsu/disk_c/trash_dataset/085.생활_폐기물_이미지/01.데이터/1.Training/라벨링데이터/전자제품/TV/20_X031_C045_0201/20_X031_C045_0201_2.Json,1,전자제품,종이류,포장상자
/home/minsu/disk_c/trash_dataset/085.생활_폐기물_이미지/01.데이터/1.Training/라벨링데이터/전자제품/TV/20_X031_C045_0201/20_X031_C045_0201_4.Json,1,전자제품,종이류,포장상자
/home/minsu/disk_c/trash_dataset/085.생활_폐기물_이미지/01.데이터/1.Training/라벨링데이터/전자제품/TV/20_X031_C045_0201/20_X031_C045_0201_3.Json,1,전자제품,종이류,포장상자
/home/minsu/disk_c/trash_dataset/085.생활_폐기물_이미지/01.데이터/1.Training/라벨링데이터/전자제품/TV/20_X031_C045_0201/20_X031_C045_0201_1.Json,1,전자제품,종이류,포장상자
/home/minsu/disk_c/trash_dataset/085.생활_폐기물_이미지/01.데이터/1.Training/라벨링데이터/전자제품/TV/20_X031_C045_0201/20_X031_C045_0201_0.Json,1,전자제품,종이류,포장상자
/home/minsu/disk_c/trash_dataset/085.생활_폐기물_이미지/01.데이터/1.Training/라벨링데이터/전자제품/TV/20_X027_C172_0203/20_X027_C172_0203_5.Json,0,전자제품,도기류,그릇류
/home/minsu/disk_c/trash_dataset/085.생활_폐기물_이미지/01.데이터/1.Training/라벨링데이터/전자제품/TV/20_X027_C172_0203/20_X027_C172_0203_4.Json,0,전자제품,도기류,그릇류
/home/minsu/disk_c/trash_dataset/085.생활_폐기물_이미지/01.데이터/1.Training/라벨링데이터/전자제품/TV/20_X027_C172_0203/20_X027_C172_0203_3.Json,0,전자제품,도기류,그릇류
/home/minsu/disk_c/trash_dataset/085.생활_폐기물_이미지/01.데이터/1.Training/라벨링데이터/전자제품/TV/20_X027_C172_0203/20_X027_C172_0203_2.Json,0,전자제품,도기류,그릇류
/home/minsu/disk_c/trash_dataset/085.생활_폐기물_이미지/01.데이터/1.Training/라벨링데이터/전자제품/TV/20_X027_C172_0203/20_X027_C172_0203_1.Json,0,전자제품,도기류,그릇류
/home/minsu/disk_c/trash_dataset/085.생활_폐기물_이미지/01.데이터/1.Training/라벨링데이터/전자제품/TV/20_X053_C171_0130/20_X053_C171_0130_0.Json,1,전자제품,플라스틱류,밀폐용기
/home/minsu/disk_c/trash_dataset/085.생활_폐기물_이미지/01.데이터/1.Training/라벨링데이터/전자제품/TV/20_X053_C171_0130/20_X053_C171_0130_4.Json,1,전자제품,플라스틱류,밀폐용기
/home/minsu/disk_c/trash_dataset/085.생활_폐기물_이미지/01.데이터/1.Training/라벨링데이터/전자제품/TV/20_X053_C171_0130/20_X053_C171_0130_2.Json,1,전자제품,플라스틱류,밀폐용기
/home/minsu/disk_c/trash_dataset/085.생활_폐기물_이미지/01.데이터/1.Training/라벨링데이터/전자제품/TV/20_X053_C171_0130/20_X053_C171_0130_3.Json,1,전자제품,플라스틱류,밀폐용기
/home/minsu/disk_c/trash_dataset/085.생활_폐기물_이미지/01.데이터/1.Training/라벨링데이터/전자제품/TV/20_X053_C171_0130/20_X053_C171_0130_1.Json,1,전자제품,플라스틱류,밀폐용기
/home/minsu/disk_c/trash_dataset/085.생활_폐기물_이미지/01.데이터/1.Training/라벨링데이터/전자제품/TV/20_X004_C323_0223/20_X004_C323_0223_4.Json,0,전자제품,페트병류,페트병
/home/minsu/disk_c/trash_dataset/085.생활_폐기물_이미지/01.데이터/1.Training/라벨링데이터/전자제품/TV/20_X004_C323_0223/20_X004_C323_0223_0.Json,1,전자제품,페트병류,페트병
/home/minsu/disk_c/trash_dataset/085.생활_폐기물_이미지/01.데이터/1.Training/라벨링데이터/전자제품/TV/20_X004_C323_0223/20_X004_C323_0223_0.Json,2,전자제품,고철류,고철
/home/minsu/disk_c/trash_dataset/085.생활_폐기물_이미지/01.데이터/1.Training/라벨링데이터/전자제품/TV/20_X004_C323_0223/20_X004_C323_0223_1.Json,0,전자제품,고철류,고철
/home/minsu/disk_c/trash_dataset/085.생활_폐기물_이미지/01.데이터/1.Training/라벨링데이터/전자제품/TV/20_X004_C323_0223/20_X004_C323_0223_1.Json,1,전자제품,페트병류,페트병
/home/minsu/disk_c/trash_dataset/085.생활_폐기물_이미지/01.데이터/1.Training/라벨링데이터/전자제품/TV/20_X004_C323_0223/20_X004_C323_0223_2.Json,0,전자제품,페트병류,페트병
/home/minsu/disk_c/trash_dataset/085.생활_폐기물_이미지/01.데이터/1.Training/라벨링데이터/전자제품/TV/20_X004_C323_0223/20_X004_C323_0223_3.Json,0,전자제품,페트병류,페트병
/home/minsu/disk_c/trash_dataset/085.생활_폐기물_이미지/01.데이터/1.Training/라벨링데이터/전자제품/TV/20_X008_C171_0129/20_X008_C171_0129_2.Json,1,전자제품,플라스틱류,밀폐용기
/home/minsu/disk_c/trash_dataset/085.생활_폐기물_이미지/01.데이터/1.Training/라벨링데이터/전자제품/TV/20_X008_C171_0129/20_X008_C171_0129_4.Json,1,전자제품,플라스틱류,밀폐용기
/home/minsu/disk_c/trash_dataset/085.생활_폐기물_이미지/01.데이터/1.Training/라벨링데이터/전자제품/TV/20_X008_C171_0129/20_X008_C171_0129_3.Json,1,전자제품,플라스틱류,밀폐용기
/home/minsu/disk_c/trash_dataset/085.생활_폐기물_이미지/01.데이터/1.Training/라벨링데이터/전자제품/TV/20_X008_C171_0129/20_X008_C171_0129_1.Json,1,전자제품,플라스틱류,밀폐용기
/home/minsu/disk_c/trash_dataset/085.생활_폐기물_이미지/01.데이터/1.Training/라벨링데이터/전자제품/TV/20_X008_C171_0129/20_X008_C171_0129_0.Json,1,전자제품,플라스틱류,밀폐용기
/home/minsu/disk_c/trash_dataset/085.생활_폐기물_이미지/01.데이터/1.Training/라벨링데이터/전자제품/TV/20_X007_C172_0129/20_X007_C172_0129_4.Json,1,전자제품,플라스틱류,밀폐용기
/home/minsu/disk_c/trash_dataset/085.생활_폐기물_이미지/01.데이터/1.Training/라벨링데이터/전자제품/TV/20_X007_C172_0129/20_X007_C172_0129_1.Json,1,전자제품,플라스틱류,밀폐용기
/home/minsu/disk_c/trash_dataset/085.생활_폐기물_이미지/01.데이터/1.Training/라벨링데이터/전자제품/TV/20_X007_C172_0129/20_X007_C172_0129_2.Json,1,전자제품,플라스틱류,밀폐용기
/home/minsu/disk_c/trash_dataset/085.생활_폐기물_이미지/01.데이터/1.Training/라벨링데이터/전자제품/TV/20_X007_C172_0129/20_X007_C172_0129_0.Json,1,전자제품,플라스틱류,밀폐용기
/home/minsu/disk_c/trash_dataset/085.생활_폐기물_이미지/01.데이터/1.Training/라벨링데이터/전자제품/TV/20_X007_C172_0129/20_X007_C172_0129_3.Json,1,전자제품,플라스틱류,밀폐용기
/home/minsu/disk_c/trash_dataset/085.생활_폐기물_이미지/01.데이터/1.Training/라벨링데이터/전자제품/TV/20_X012_C172_0201/20_X012_C172_0201_4.Json,1,전자제품,플라스틱류,장남감
/home/minsu/disk_c/trash_dataset/085.생활_폐기물_이미지/01.데이터/1.Training/라벨링데이터/전자제품/TV/20_X012_C172_0201/20_X012_C172_0201_3.Json,1,전자제품,플라스틱류,장남감
/home/minsu/disk_c/trash_dataset/085.생활_폐기물_이미지/01.데이터/1.Training/라벨링데이터/전자제품/TV/20_X012_C172_0201/20_X012_C172_0201_0.Json,1,전자제품,플라스틱류,장남감
/home/minsu/disk_c/trash_dataset/085.생활_폐기물_이미지/01.데이터/1.Training/라벨링데이터/전자제품/TV/20_X012_C172_0201/20_X012_C172_0201_2.Json,1,전자제품,플라스틱류,장남감
/home/minsu/disk_c/trash_dataset/085.생활_폐기물_이미지/01.데이터/1.Training/라벨링데이터/전자제품/TV/20_X012_C172_0201/20_X012_C172_0201_1.Json,1,전자제품,플라스틱류,장남감
/home/minsu/disk_c/trash_dataset/085.생활_폐기물_이미지/01.데이터/1.Training/라벨링데이터/전자제품/세탁기/20_X002_C038_1102/20_X002_C038_1102_1.Json,1,전자제품,자전거,두발자전거
/home/minsu/disk_c/trash_dataset/085.생활_폐기물_이미지/01.데이터/1.Training/라벨링데이터/전자제품/오디오/20_X013_C172_0217/20_X013_C172_0217_1.Json,1,전자제품,캔류,커피캔
/home/minsu/disk_c/trash_dataset/085.생활_폐기물_이미지/01.데이터/1.Training/라벨링데이터/전자제품/오디오/20_X013_C172_0217/20_X013_C172_0217_2.Json,1,전자제품,캔류,커피캔
/home/minsu/disk_c/trash_dataset/085.생활_폐기물_이미지/01.데이터/1.Training/라벨링데이터/전자제품/오디오/20_X013_C172_0217/20_X013_C172_0217_0.Json,1,전자제품,캔류,커피캔
/home/minsu/disk_c/trash_dataset/085.생활_폐기물_이미지/01.데이터/1.Training/라벨링데이터/전자제품/오디오/20_X013_C172_0217/20_X013_C172_0217_3.Json,1,전자제품,캔류,커피캔
/home/minsu/disk_c/trash_dataset/085.생활_폐기물_이미지/01.데이터/1.Training/라벨링데이터/전자제품/오디오/20_X013_C172_0217/20_X013_C172_0217_4.Json,1,전자제품,캔류,커피캔
/home/minsu/disk_c/trash_dataset/085.생활_폐기물_이미지/01.데이터/1.Training/라벨링데이터/전자제품/오디오/20_X028_C171_0130/20_X028_C171_0130_0.Json,1,전자제품,유리병류,음료수병
/home/minsu/disk_c/trash_dataset/085.생활_폐기물_이미지/01.데이터/1.Training/라벨링데이터/전자제품/오디오/20_X028_C171_0130/20_X028_C171_0130_2.Json,1,전자제품,유리병류,음료수병
/home/minsu/disk_c/trash_dataset/085.생활_폐기물_이미지/01.데이터/1.Training/라벨링데이터/전자제품/오디오/20_X028_C171_0130/20_X028_C171_0130_3.Json,1,전자제품,유리병류,음료수병
/home/minsu/disk_c/trash_dataset/085.생활_폐기물_이미지/01.데이터/1.Training/라벨링데이터/전자제품/오디오/20_X028_C171_0130/20_X028_C171_0130_4.Json,1,전자제품,유리병류,음료수병
/home/minsu/disk_c/trash_dataset/085.생활_폐기물_이미지/01.데이터/1.Training/라벨링데이터/전자제품/오디오/20_X028_C171_0130/20_X028_C171_0130_1.Json,1,전자제품,유리병류,음료수병
/home/minsu/disk_c/trash_dataset/085.생활_폐기물_이미지/01.데이터/1.Training/라벨링데이터/전자제품/오디오/20_X014_C172_0217/20_X014_C172_0217_2.Json,1,전자제품,캔류,스팸류
/home/minsu/disk_c/trash_dataset/085.생활_폐기물_이미지/01.데이터/1.Training/라벨링데이터/전자제품/오디오/20_X014_C172_0217/20_X014_C172_0217_0.Json,1,전자제품,캔류,스팸류
/home/minsu/disk_c/trash_dataset/085.생활_폐기물_이미지/01.데이터/1.Training/라벨링데이터/전자제품/오디오/20_X014_C172_0217/20_X014_C172_0217_4.Json,1,전자제품,캔류,스팸류
/home/minsu/disk_c/trash_dataset/085.생활_폐기물_이미지/01.데이터/1.Training/라벨링데이터/전자제품/오디오/20_X014_C172_0217/20_X014_C172_0217_1.Json,1,전자제품,캔류,스팸류
/home/minsu/disk_c/trash_dataset/085.생활_폐기물_이미지/01.데이터/1.Training/라벨링데이터/전자제품/오디오/20_X014_C172_0217/20_X014_C172_0217_3.Json,1,전자제품,캔류,스팸류
/home/minsu/disk_c/trash_dataset/085.생활_폐기물_이미지/01.데이터/1.Training/라벨링데이터/전자제품/복사기/20_X031_C172_0207/20_X031_C172_0207_0.Json,1,전자제품,페트병류,페트병
/home/minsu/disk_c/trash_dataset/085.생활_폐기물_이미지/01.데이터/1.Training/라벨링데이터/전자제품/복사기/20_X031_C172_0207/20_X031_C172_0207_1.Json,1,전자제품,페트병류,페트병
/home/minsu/disk_c/trash_dataset/085.생활_폐기물_이미지/01.데이터/1.Training/라벨링데이터/전자제품/복사기/20_X031_C172_0207/20_X031_C172_0207_4.Json,1,전자제품,페트병류,페트병
/home/minsu/disk_c/trash_dataset/085.생활_폐기물_이미지/01.데이터/1.Training/라벨링데이터/전자제품/복사기/20_X031_C172_0207/20_X031_C172_0207_2.Json,1,전자제품,페트병류,페트병
/home/minsu/disk_c/trash_dataset/085.생활_폐기물_이미지/01.데이터/1.Training/라벨링데이터/전자제품/복사기/20_X031_C172_0207/20_X031_C172_0207_3.Json,1,전자제품,페트병류,페트병
/home/minsu/disk_c/trash_dataset/085.생활_폐기물_이미지/01.데이터/1.Training/라벨링데이터/전자제품/비디오플레이어/20_X014_C045_0201/20_X014_C045_0201_3.Json,1,전자제품,플라스틱류,밀폐용기
/home/minsu/disk_c/trash_dataset/085.생활_폐기물_이미지/01.데이터/1.Training/라벨링데이터/전자제품/비디오플레이어/20_X014_C045_0201/20_X014_C045_0201_4.Json,1,전자제품,플라스틱류,밀폐용기
/home/minsu/disk_c/trash_dataset/085.생활_폐기물_이미지/01.데이터/1.Training/라벨링데이터/전자제품/비디오플레이어/20_X014_C045_0201/20_X014_C045_0201_0.Json,1,전자제품,플라스틱류,밀폐용기
/home/minsu/disk_c/trash_dataset/085.생활_폐기물_이미지/01.데이터/1.Training/라벨링데이터/전자제품/비디오플레이어/20_X014_C045_0201/20_X014_C045_0201_2.Json,1,전자제품,플라스틱류,밀폐용기
/home/minsu/disk_c/trash_dataset/085.생활_폐기물_이미지/01.데이터/1.Training/라벨링데이터/전자제품/비디오플레이어/20_X014_C045_0201/20_X014_C045_0201_1.Json,1,전자제품,플라스틱류,밀폐용기
/home/minsu/disk_c/trash_dataset/085.생활_폐기물_이미지/01.데이터/1.Training/라벨링데이터/전자제품/비디오플레이어/20_X059_C058_0128/20_X059_C058_0128_2.Json,1,전자제품,종이류,책자
/home/minsu/disk_c/trash_dataset/085.생활_폐기물_이미지/01.데이터/1.Training/라벨링데이터/전자제품/비디오플레이어/20_X059_C058_0128/20_X059_C058_0128_3.Json,1,전자제품,종이류,책자
/home/minsu/disk_c/trash_dataset/085.생활_폐기물_이미지/01.데이터/1.Training/라벨링데이터/전자제품/비디오플레이어/20_X059_C058_0128/20_X059_C058_0128_1.Json,1,전자제품,종이류,책자
/home/minsu/disk_c/trash_dataset/085.생활_폐기물_이미지/01.데이터/1.Training/라벨링데이터/전자제품/비디오플레이어/20_X059_C058_0128/20_X059_C058_0128_5.Json,1,전자제품,종이류,책자
/home/minsu/disk_c/trash_dataset/085.생활_폐기물_이미지/01.데이터/1.Training/라벨링데이터/전자제품/비디오플레이어/20_X059_C058_0128/20_X059_C058_0128_0.Json,1,전자제품,종이류,책자
/home/minsu/disk_c/trash_dataset/085.생활_폐기물_이미지/01.데이터/1.Training/라벨링데이터/전자제품/비디오플레이어/20_X004_C058_0127/20_X004_C058_0127_1.Json,1,전자제품,도기류,그릇류
/home/minsu/disk_c/trash_dataset/085.생활_폐기물_이미지/01.데이터/1.Training/라벨링데이터/전자제품/비디오플레이어/20_X004_C058_0127/20_X004_C058_0127_2.Json,1,전자제품,도기류,컵
/home/minsu/disk_c/trash_dataset/085.생활_폐기물_이미지/01.데이터/1.Training/라벨링데이터/전자제품/비디오플레이어/20_X004_C058_0127/20_X004_C058_0127_0.Json,1,전자제품,도기류,컵
/home/minsu/disk_c/trash_dataset/085.생활_폐기물_이미지/01.데이터/1.Training/라벨링데이터/전자제품/비디오플레이어/20_X004_C058_0127/20_X004_C058_0127_4.Json,1,전자제품,도기류,컵
/home/minsu/disk_c/trash_dataset/085.생활_폐기물_이미지/01.데이터/1.Training/라벨링데이터/전자제품/비디오플레이어/20_X004_C058_0127/20_X004_C058_0127_3.Json,1,전자제품,도기류,컵
/home/minsu/disk_c/trash_dataset/085.생활_폐기물_이미지/01.데이터/1.Training/라벨링데이터/전자제품/프린터/20_X021_C171_0129/20_X021_C171_0129_2.Json,1,전자제품,비닐류,포장제
/home/minsu/disk_c/trash_dataset/085.생활_폐기물_이미지/01.데이터/1.Training/라벨링데이터/전자제품/프린터/20_X021_C171_0129/20_X021_C171_0129_3.Json,1,전자제품,비닐류,포장제
/home/minsu/disk_c/trash_dataset/085.생활_폐기물_이미지/01.데이터/1.Training/라벨링데이터/전자제품/프린터/20_X021_C171_0129/20_X021_C171_0129_4.Json,1,전자제품,비닐류,포장제
/home/minsu/disk_c/trash_dataset/085.생활_폐기물_이미지/01.데이터/1.Training/라벨링데이터/전자제품/프린터/20_X021_C171_0129/20_X021_C171_0129_0.Json,1,전자제품,비닐류,포장제
/home/minsu/disk_c/trash_dataset/085.생활_폐기물_이미지/01.데이터/1.Training/라벨링데이터/전자제품/프린터/20_X021_C171_0129/20_X021_C171_0129_1.Json,1,전자제품,비닐류,포장제
/home/minsu/disk_c/trash_dataset/085.생활_폐기물_이미지/01.데이터/1.Training/라벨링데이터/전자제품/프린터/20_X011_C172_0217/20_X011_C172_0217_0.Json,1,전자제품,페트병류,페트병
/home/minsu/disk_c/trash_dataset/085.생활_폐기물_이미지/01.데이터/1.Training/라벨링데이터/전자제품/프린터/20_X011_C172_0217/20_X011_C172_0217_4.Json,1,전자제품,페트병류,페트병
/home/minsu/disk_c/trash_dataset/085.생활_폐기물_이미지/01.데이터/1.Training/라벨링데이터/전자제품/프린터/20_X011_C172_0217/20_X011_C172_0217_1.Json,1,전자제품,페트병류,페트병
/home/minsu/disk_c/trash_dataset/085.생활_폐기물_이미지/01.데이터/1.Training/라벨링데이터/전자제품/프린터/20_X011_C172_0217/20_X011_C172_0217_3.Json,1,전자제품,페트병류,페트병
/home/minsu/disk_c/trash_dataset/085.생활_폐기물_이미지/01.데이터/1.Training/라벨링데이터/전자제품/프린터/20_X011_C172_0217/20_X011_C172_0217_2.Json,1,전자제품,페트병류,페트병
/home/minsu/disk_c/trash_dataset/085.생활_폐기물_이미지/01.데이터/1.Training/라벨링데이터/전자제품/프린터/20_X006_C045_1216/20_X006_C045_1216_2.Json,1,전자제품,종이류,포장상자
/home/minsu/disk_c/trash_dataset/085.생활_폐기물_이미지/01.데이터/1.Training/라벨링데이터/전자제품/프린터/20_X012_C045_0201/20_X012_C045_0201_1.Json,0,전자제품,종이류,종이봉투
/home/minsu/disk_c/trash_dataset/085.생활_폐기물_이미지/01.데이터/1.Training/라벨링데이터/전자제품/프린터/20_X012_C045_0201/20_X012_C045_0201_4.Json,0,전자제품,종이류,종이봉투
/home/minsu/disk_c/trash_dataset/085.생활_폐기물_이미지/01.데이터/1.Training/라벨링데이터/전자제품/프린터/20_X012_C045_0201/20_X012_C045_0201_0.Json,1,전자제품,종이류,종이봉투
/home/minsu/disk_c/trash_dataset/085.생활_폐기물_이미지/01.데이터/1.Training/라벨링데이터/전자제품/프린터/20_X012_C045_0201/20_X012_C045_0201_2.Json,1,전자제품,종이류,종이봉투
/home/minsu/disk_c/trash_dataset/085.생활_폐기물_이미지/01.데이터/1.Training/라벨링데이터/전자제품/프린터/20_X012_C045_0201/20_X012_C045_0201_3.Json,1,전자제품,종이류,종이봉투
/home/minsu/disk_c/trash_dataset/085.생활_폐기물_이미지/01.데이터/1.Training/라벨링데이터/전자제품/프린터/20_X021_C172_0130/20_X021_C172_0130_1.Json,1,전자제품,유리병류,음료수병
/home/minsu/disk_c/trash_dataset/085.생활_폐기물_이미지/01.데이터/1.Training/라벨링데이터/전자제품/프린터/20_X021_C172_0130/20_X021_C172_0130_0.Json,1,전자제품,유리병류,음료수병
/home/minsu/disk_c/trash_dataset/085.생활_폐기물_이미지/01.데이터/1.Training/라벨링데이터/전자제품/프린터/20_X021_C172_0130/20_X021_C172_0130_3.Json,1,전자제품,유리병류,음료수병
/home/minsu/disk_c/trash_dataset/085.생활_폐기물_이미지/01.데이터/1.Training/라벨링데이터/전자제품/프린터/20_X021_C172_0130/20_X021_C172_0130_2.Json,1,전자제품,유리병류,음료수병
/home/minsu/disk_c/trash_dataset/085.생활_폐기물_이미지/01.데이터/1.Training/라벨링데이터/전자제품/프린터/20_X021_C172_0130/20_X021_C172_0130_4.Json,1,전자제품,유리병류,음료수병
/home/minsu/disk_c/trash_dataset/085.생활_폐기물_이미지/01.데이터/1.Training/라벨링데이터/전자제품/프린터/20_X025_C171_0130/20_X025_C171_0130_3.Json,1,전자제품,고철류,고철
/home/minsu/disk_c/trash_dataset/085.생활_폐기물_이미지/01.데이터/1.Training/라벨링데이터/전자제품/프린터/20_X025_C171_0130/20_X025_C171_0130_2.Json,1,전자제품,고철류,고철
/home/minsu/disk_c/trash_dataset/085.생활_폐기물_이미지/01.데이터/1.Training/라벨링데이터/전자제품/프린터/20_X025_C171_0130/20_X025_C171_0130_1.Json,1,전자제품,고철류,고철
/home/minsu/disk_c/trash_dataset/085.생활_폐기물_이미지/01.데이터/1.Training/라벨링데이터/전자제품/프린터/20_X025_C171_0130/20_X025_C171_0130_0.Json,1,전자제품,고철류,고철
/home/minsu/disk_c/trash_dataset/085.생활_폐기물_이미지/01.데이터/1.Training/라벨링데이터/전자제품/프린터/20_X025_C171_0130/20_X025_C171_0130_4.Json,1,전자제품,고철류,고철
/home/minsu/disk_c/trash_dataset/085.생활_폐기물_이미지/01.데이터/1.Training/라벨링데이터/전자제품/프린터/20_X039_C171_0130/20_X039_C171_0130_4.Json,1,전자제품,종이류,노트
/home/minsu/disk_c/trash_dataset/085.생활_폐기물_이미지/01.데이터/1.Training/라벨링데이터/전자제품/프린터/20_X039_C171_0130/20_X039_C171_0130_0.Json,1,전자제품,종이류,노트
/home/minsu/disk_c/trash_dataset/085.생활_폐기물_이미지/01.데이터/1.Training/라벨링데이터/전자제품/프린터/20_X039_C171_0130/20_X039_C171_0130_1.Json,1,전자제품,종이류,노트
/home/minsu/disk_c/trash_dataset/085.생활_폐기물_이미지/01.데이터/1.Training/라벨링데이터/전자제품/프린터/20_X039_C171_0130/20_X039_C171_0130_2.Json,1,전자제품,종이류,노트
/home/minsu/disk_c/trash_dataset/085.생활_폐기물_이미지/01.데이터/1.Training/라벨링데이터/전자제품/프린터/20_X039_C171_0130/20_X039_C171_0130_3.Json,1,전자제품,종이류,노트
/home/minsu/disk_c/trash_dataset/085.생활_폐기물_이미지/01.데이터/1.Training/라벨링데이터/전자제품/프린터/20_X018_C171_0127/20_X018_C171_0127_3.Json,1,전자제품,캔류,커피캔
/home/minsu/disk_c/trash_dataset/085.생활_폐기물_이미지/01.데이터/1.Training/라벨링데이터/전자제품/프린터/20_X018_C171_0127/20_X018_C171_0127_1.Json,1,전자제품,캔류,커피캔
/home/minsu/disk_c/trash_dataset/085.생활_폐기물_이미지/01.데이터/1.Training/라벨링데이터/전자제품/프린터/20_X018_C171_0127/20_X018_C171_0127_2.Json,1,전자제품,캔류,커피캔
/home/minsu/disk_c/trash_dataset/085.생활_폐기물_이미지/01.데이터/1.Training/라벨링데이터/전자제품/프린터/20_X018_C171_0127/20_X018_C171_0127_0.Json,1,전자제품,캔류,커피캔
/home/minsu/disk_c/trash_dataset/085.생활_폐기물_이미지/01.데이터/1.Training/라벨링데이터/전자제품/프린터/20_X018_C171_0127/20_X018_C171_0127_4.Json,1,전자제품,캔류,커피캔
/home/minsu/disk_c/trash_dataset/085.생활_폐기물_이미지/01.데이터/1.Training/라벨링데이터/전자제품/프린터/20_X023_C171_0129/20_X023_C171_0129_2.Json,1,전자제품,캔류,음료수캔
/home/minsu/disk_c/trash_dataset/085.생활_폐기물_이미지/01.데이터/1.Training/라벨링데이터/전자제품/프린터/20_X023_C171_0129/20_X023_C171_0129_3.Json,1,전자제품,캔류,음료수캔
/home/minsu/disk_c/trash_dataset/085.생활_폐기물_이미지/01.데이터/1.Training/라벨링데이터/전자제품/프린터/20_X023_C171_0129/20_X023_C171_0129_4.Json,1,전자제품,캔류,음료수캔
/home/minsu/disk_c/trash_dataset/085.생활_폐기물_이미지/01.데이터/1.Training/라벨링데이터/전자제품/프린터/20_X023_C171_0129/20_X023_C171_0129_0.Json,1,전자제품,캔류,음료수캔
/home/minsu/disk_c/trash_dataset/085.생활_폐기물_이미지/01.데이터/1.Training/라벨링데이터/전자제품/프린터/20_X023_C171_0129/20_X023_C171_0129_1.Json,1,전자제품,캔류,음료수캔
/home/minsu/disk_c/trash_dataset/085.생활_폐기물_이미지/01.데이터/1.Training/라벨링데이터/전자제품/프린터/20_X029_C045_0201/20_X029_C045_0201_0.Json,1,전자제품,스티로폼류,스티로폼
/home/minsu/disk_c/trash_dataset/085.생활_폐기물_이미지/01.데이터/1.Training/라벨링데이터/전자제품/프린터/20_X029_C045_0201/20_X029_C045_0201_4.Json,1,전자제품,스티로폼류,스티로폼
/home/minsu/disk_c/trash_dataset/085.생활_폐기물_이미지/01.데이터/1.Training/라벨링데이터/전자제품/프린터/20_X029_C045_0201/20_X029_C045_0201_2.Json,1,전자제품,스티로폼류,스티로폼
/home/minsu/disk_c/trash_dataset/085.생활_폐기물_이미지/01.데이터/1.Training/라벨링데이터/전자제품/프린터/20_X029_C045_0201/20_X029_C045_0201_1.Json,1,전자제품,스티로폼류,스티로폼
/home/minsu/disk_c/trash_dataset/085.생활_폐기물_이미지/01.데이터/1.Training/라벨링데이터/전자제품/프린터/20_X029_C045_0201/20_X029_C045_0201_3.Json,1,전자제품,스티로폼류,스티로폼
/home/minsu/disk_c/trash_dataset/085.생활_폐기물_이미지/01.데이터/1.Training/라벨링데이터/전자제품/프린터/20_X007_C045_0130/20_X007_C045_0130_3.Json,1,전자제품,플라스틱류,장남감
/home/minsu/disk_c/trash_dataset/085.생활_폐기물_이미지/01.데이터/1.Training/라벨링데이터/전자제품/프린터/20_X007_C045_0130/20_X007_C045_0130_4.Json,1,전자제품,플라스틱류,장남감
/home/minsu/disk_c/trash_dataset/085.생활_폐기물_이미지/01.데이터/1.Training/라벨링데이터/전자제품/프린터/20_X007_C045_0130/20_X007_C045_0130_1.Json,1,전자제품,플라스틱류,장남감
/home/minsu/disk_c/trash_dataset/085.생활_폐기물_이미지/01.데이터/1.Training/라벨링데이터/전자제품/프린터/20_X007_C045_0130/20_X007_C045_0130_0.Json,1,전자제품,플라스틱류,장남감
/home/minsu/disk_c/trash_dataset/085.생활_폐기물_이미지/01.데이터/1.Training/라벨링데이터/전자제품/프린터/20_X007_C045_0130/20_X007_C045_0130_2.Json,1,전자제품,플라스틱류,장남감
/home/minsu/disk_c/trash_dataset/085.생활_폐기물_이미지/01.데이터/1.Training/라벨링데이터/전자제품/프린터/20_X032_C045_0201/20_X032_C045_0201_0.Json,1,전자제품,가구류,소파
/home/minsu/disk_c/trash_dataset/085.생활_폐기물_이미지/01.데이터/1.Training/라벨링데이터/전자제품/프린터/20_X032_C045_0201/20_X032_C045_0201_4.Json,1,전자제품,가구류,소파
/home/minsu/disk_c/trash_dataset/085.생활_폐기물_이미지/01.데이터/1.Training/라벨링데이터/전자제품/프린터/20_X032_C045_0201/20_X032_C045_0201_2.Json,1,전자제품,가구류,소파
/home/minsu/disk_c/trash_dataset/085.생활_폐기물_이미지/01.데이터/1.Training/라벨링데이터/전자제품/프린터/20_X032_C045_0201/20_X032_C045_0201_3.Json,1,전자제품,가구류,소파
/home/minsu/disk_c/trash_dataset/085.생활_폐기물_이미지/01.데이터/1.Training/라벨링데이터/전자제품/프린터/20_X032_C045_0201/20_X032_C045_0201_1.Json,1,전자제품,가구류,소파
/home/minsu/disk_c/trash_dataset/085.생활_폐기물_이미지/01.데이터/1.Training/라벨링데이터/전자제품/프린터/20_X005_C045_0130/20_X005_C045_0130_3.Json,1,전자제품,플라스틱류,장남감
/home/minsu/disk_c/trash_dataset/085.생활_폐기물_이미지/01.데이터/1.Training/라벨링데이터/전자제품/프린터/20_X005_C045_0130/20_X005_C045_0130_4.Json,1,전자제품,플라스틱류,장남감
/home/minsu/disk_c/trash_dataset/085.생활_폐기물_이미지/01.데이터/1.Training/라벨링데이터/전자제품/프린터/20_X005_C045_0130/20_X005_C045_0130_2.Json,1,전자제품,플라스틱류,장남감
/home/minsu/disk_c/trash_dataset/085.생활_폐기물_이미지/01.데이터/1.Training/라벨링데이터/전자제품/프린터/20_X005_C045_0130/20_X005_C045_0130_1.Json,1,전자제품,플라스틱류,장남감
/home/minsu/disk_c/trash_dataset/085.생활_폐기물_이미지/01.데이터/1.Training/라벨링데이터/전자제품/프린터/20_X005_C045_0130/20_X005_C045_0130_0.Json,1,전자제품,플라스틱류,장남감
/home/minsu/disk_c/trash_dataset/085.생활_폐기물_이미지/01.데이터/1.Training/라벨링데이터/전자제품/프린터/20_X033_C172_0130/20_X033_C172_0130_0.Json,1,전자제품,종이류,노트
/home/minsu/disk_c/trash_dataset/085.생활_폐기물_이미지/01.데이터/1.Training/라벨링데이터/전자제품/프린터/20_X033_C172_0130/20_X033_C172_0130_3.Json,1,전자제품,종이류,노트
/home/minsu/disk_c/trash_dataset/085.생활_폐기물_이미지/01.데이터/1.Training/라벨링데이터/전자제품/프린터/20_X033_C172_0130/20_X033_C172_0130_4.Json,1,전자제품,종이류,노트
/home/minsu/disk_c/trash_dataset/085.생활_폐기물_이미지/01.데이터/1.Training/라벨링데이터/전자제품/프린터/20_X033_C172_0130/20_X033_C172_0130_2.Json,1,전자제품,종이류,노트
/home/minsu/disk_c/trash_dataset/085.생활_폐기물_이미지/01.데이터/1.Training/라벨링데이터/전자제품/프린터/20_X033_C172_0130/20_X033_C172_0130_1.Json,1,전자제품,종이류,노트
/home/minsu/disk_c/trash_dataset/085.생활_폐기물_이미지/01.데이터/1.Training/라벨링데이터/전자제품/전기밥솥/20_X023_C171_0201/20_X023_C171_0201_2.Json,1,전자제품,캔류,음료수캔
/home/minsu/disk_c/trash_dataset/085.생활_폐기물_이미지/01.데이터/1.Training/라벨링데이터/전자제품/전기밥솥/20_X023_C171_0201/20_X023_C171_0201_3.Json,1,전자제품,캔류,음료수캔
/home/minsu/disk_c/trash_dataset/085.생활_폐기물_이미지/01.데이터/1.Training/라벨링데이터/전자제품/전기밥솥/20_X023_C171_0201/20_X023_C171_0201_1.Json,1,전자제품,캔류,음료수캔
/home/minsu/disk_c/trash_dataset/085.생활_폐기물_이미지/01.데이터/1.Training/라벨링데이터/전자제품/전기밥솥/20_X023_C171_0201/20_X023_C171_0201_4.Json,1,전자제품,캔류,음료수캔
/home/minsu/disk_c/trash_dataset/085.생활_폐기물_이미지/01.데이터/1.Training/라벨링데이터/전자제품/전기밥솥/20_X023_C171_0201/20_X023_C171_0201_0.Json,1,전자제품,캔류,음료수캔
/home/minsu/disk_c/trash_dataset/085.생활_폐기물_이미지/01.데이터/1.Training/라벨링데이터/전자제품/전기밥솥/20_X020_C171_0204/20_X020_C171_0204_4.Json,1,전자제품,캔류,음료수캔
/home/minsu/disk_c/trash_dataset/085.생활_폐기물_이미지/01.데이터/1.Training/라벨링데이터/전자제품/전기밥솥/20_X020_C171_0204/20_X020_C171_0204_0.Json,1,전자제품,캔류,음료수캔
/home/minsu/disk_c/trash_dataset/085.생활_폐기물_이미지/01.데이터/1.Training/라벨링데이터/전자제품/전기밥솥/20_X020_C171_0204/20_X020_C171_0204_3.Json,1,전자제품,캔류,음료수캔
/home/minsu/disk_c/trash_dataset/085.생활_폐기물_이미지/01.데이터/1.Training/라벨링데이터/전자제품/전기밥솥/20_X020_C171_0204/20_X020_C171_0204_1.Json,1,전자제품,캔류,음료수캔
/home/minsu/disk_c/trash_dataset/085.생활_폐기물_이미지/01.데이터/1.Training/라벨링데이터/전자제품/전기밥솥/20_X020_C171_0204/20_X020_C171_0204_2.Json,1,전자제품,캔류,음료수캔
/home/minsu/disk_c/trash_dataset/085.생활_폐기물_이미지/01.데이터/1.Training/라벨링데이터/전자제품/전기밥솥/20_X065_C172_0201/20_X065_C172_0201_3.Json,1,전자제품,페트병류,페트병
/home/minsu/disk_c/trash_dataset/085.생활_폐기물_이미지/01.데이터/1.Training/라벨링데이터/전자제품/전기밥솥/20_X065_C172_0201/20_X065_C172_0201_2.Json,1,전자제품,페트병류,페트병
/home/minsu/disk_c/trash_dataset/085.생활_폐기물_이미지/01.데이터/1.Training/라벨링데이터/전자제품/전기밥솥/20_X065_C172_0201/20_X065_C172_0201_4.Json,1,전자제품,페트병류,페트병
/home/minsu/disk_c/trash_dataset/085.생활_폐기물_이미지/01.데이터/1.Training/라벨링데이터/전자제품/전기밥솥/20_X065_C172_0201/20_X065_C172_0201_0.Json,1,전자제품,페트병류,페트병
/home/minsu/disk_c/trash_dataset/085.생활_폐기물_이미지/01.데이터/1.Training/라벨링데이터/전자제품/전기밥솥/20_X065_C172_0201/20_X065_C172_0201_1.Json,1,전자제품,페트병류,페트병
/home/minsu/disk_c/trash_dataset/085.생활_폐기물_이미지/01.데이터/1.Training/라벨링데이터/전자제품/전기밥솥/20_X022_C171_0204/20_X022_C171_0204_3.Json,1,전자제품,페트병류,페트병
/home/minsu/disk_c/trash_dataset/085.생활_폐기물_이미지/01.데이터/1.Training/라벨링데이터/전자제품/전기밥솥/20_X022_C171_0204/20_X022_C171_0204_0.Json,1,전자제품,페트병류,페트병
/home/minsu/disk_c/trash_dataset/085.생활_폐기물_이미지/01.데이터/1.Training/라벨링데이터/전자제품/전기밥솥/20_X022_C171_0204/20_X022_C171_0204_4.Json,1,전자제품,페트병류,페트병
/home/minsu/disk_c/trash_dataset/085.생활_폐기물_이미지/01.데이터/1.Training/라벨링데이터/전자제품/전기밥솥/20_X022_C171_0204/20_X022_C171_0204_2.Json,1,전자제품,페트병류,페트병
/home/minsu/disk_c/trash_dataset/085.생활_폐기물_이미지/01.데이터/1.Training/라벨링데이터/전자제품/전기밥솥/20_X022_C171_0204/20_X022_C171_0204_1.Json,1,전자제품,페트병류,페트병
/home/minsu/disk_c/trash_dataset/085.생활_폐기물_이미지/01.데이터/1.Training/라벨링데이터/전자제품/전기밥솥/20_X023_C172_0207/20_X023_C172_0207_0.Json,1,전자제품,캔류,맥주캔
/home/minsu/disk_c/trash_dataset/085.생활_폐기물_이미지/01.데이터/1.Training/라벨링데이터/전자제품/전기밥솥/20_X023_C172_0207/20_X023_C172_0207_2.Json,1,전자제품,캔류,맥주캔
/home/minsu/disk_c/trash_dataset/085.생활_폐기물_이미지/01.데이터/1.Training/라벨링데이터/전자제품/전기밥솥/20_X023_C172_0207/20_X023_C172_0207_1.Json,1,전자제품,캔류,맥주캔
/home/minsu/disk_c/trash_dataset/085.생활_폐기물_이미지/01.데이터/1.Training/라벨링데이터/전자제품/전기밥솥/20_X023_C172_0207/20_X023_C172_0207_4.Json,1,전자제품,캔류,맥주캔
/home/minsu/disk_c/trash_dataset/085.생활_폐기물_이미지/01.데이터/1.Training/라벨링데이터/전자제품/전기밥솥/20_X023_C172_0207/20_X023_C172_0207_3.Json,1,전자제품,캔류,맥주캔
/home/minsu/disk_c/trash_dataset/085.생활_폐기물_이미지/01.데이터/1.Training/라벨링데이터/전자제품/전기밥솥/20_X023_C172_0130/20_X023_C172_0130_0.Json,1,전자제품,종이류,음료수곽
/home/minsu/disk_c/trash_dataset/085.생활_폐기물_이미지/01.데이터/1.Training/라벨링데이터/전자제품/전기밥솥/20_X023_C172_0130/20_X023_C172_0130_3.Json,1,전자제품,종이류,음료수곽
/home/minsu/disk_c/trash_dataset/085.생활_폐기물_이미지/01.데이터/1.Training/라벨링데이터/전자제품/전기밥솥/20_X023_C172_0130/20_X023_C172_0130_4.Json,1,전자제품,종이류,음료수곽
/home/minsu/disk_c/trash_dataset/085.생활_폐기물_이미지/01.데이터/1.Training/라벨링데이터/전자제품/전기밥솥/20_X023_C172_0130/20_X023_C172_0130_1.Json,1,전자제품,종이류,음료수곽
/home/minsu/disk_c/trash_dataset/085.생활_폐기물_이미지/01.데이터/1.Training/라벨링데이터/전자제품/전기밥솥/20_X023_C172_0130/20_X023_C172_0130_2.Json,1,전자제품,종이류,음료수곽
/home/minsu/disk_c/trash_dataset/085.생활_폐기물_이미지/01.데이터/1.Training/라벨링데이터/전자제품/전기밥솥/20_X035_C172_0201/20_X035_C172_0201_0.Json,1,전자제품,플라스틱류,장남감
/home/minsu/disk_c/trash_dataset/085.생활_폐기물_이미지/01.데이터/1.Training/라벨링데이터/전자제품/전기밥솥/20_X035_C172_0201/20_X035_C172_0201_4.Json,1,전자제품,플라스틱류,장남감
/home/minsu/disk_c/trash_dataset/085.생활_폐기물_이미지/01.데이터/1.Training/라벨링데이터/전자제품/전기밥솥/20_X035_C172_0201/20_X035_C172_0201_3.Json,1,전자제품,플라스틱류,밀폐용기
/home/minsu/disk_c/trash_dataset/085.생활_폐기물_이미지/01.데이터/1.Training/라벨링데이터/전자제품/전기밥솥/20_X035_C172_0201/20_X035_C172_0201_2.Json,1,전자제품,플라스틱류,장남감
/home/minsu/disk_c/trash_dataset/085.생활_폐기물_이미지/01.데이터/1.Training/라벨링데이터/전자제품/전기밥솥/20_X035_C172_0201/20_X035_C172_0201_1.Json,1,전자제품,플라스틱류,장남감
/home/minsu/disk_c/trash_dataset/085.생활_폐기물_이미지/01.데이터/1.Training/라벨링데이터/전자제품/전기밥솥/20_X022_C171_0201/20_X022_C171_0201_3.Json,1,전자제품,페트병류,페트병
/home/minsu/disk_c/trash_dataset/085.생활_폐기물_이미지/01.데이터/1.Training/라벨링데이터/전자제품/전기밥솥/20_X022_C171_0201/20_X022_C171_0201_1.Json,1,전자제품,페트병류,페트병
/home/minsu/disk_c/trash_dataset/085.생활_폐기물_이미지/01.데이터/1.Training/라벨링데이터/전자제품/전기밥솥/20_X022_C171_0201/20_X022_C171_0201_0.Json,1,전자제품,페트병류,페트병
/home/minsu/disk_c/trash_dataset/085.생활_폐기물_이미지/01.데이터/1.Training/라벨링데이터/전자제품/전기밥솥/20_X022_C171_0201/20_X022_C171_0201_2.Json,1,전자제품,페트병류,페트병
/home/minsu/disk_c/trash_dataset/085.생활_폐기물_이미지/01.데이터/1.Training/라벨링데이터/전자제품/전기밥솥/20_X022_C171_0201/20_X022_C171_0201_4.Json,1,전자제품,페트병류,페트병
/home/minsu/disk_c/trash_dataset/085.생활_폐기물_이미지/01.데이터/1.Training/라벨링데이터/전자제품/전기밥솥/20_X008_C171_0201/20_X008_C171_0201_4.Json,1,전자제품,플라스틱류,장남감
/home/minsu/disk_c/trash_dataset/085.생활_폐기물_이미지/01.데이터/1.Training/라벨링데이터/전자제품/전기밥솥/20_X008_C171_0201/20_X008_C171_0201_1.Json,1,전자제품,플라스틱류,장남감
/home/minsu/disk_c/trash_dataset/085.생활_폐기물_이미지/01.데이터/1.Training/라벨링데이터/전자제품/전기밥솥/20_X008_C171_0201/20_X008_C171_0201_3.Json,1,전자제품,플라스틱류,장남감
/home/minsu/disk_c/trash_dataset/085.생활_폐기물_이미지/01.데이터/1.Training/라벨링데이터/전자제품/전기밥솥/20_X008_C171_0201/20_X008_C171_0201_2.Json,1,전자제품,플라스틱류,장남감
/home/minsu/disk_c/trash_dataset/085.생활_폐기물_이미지/01.데이터/1.Training/라벨링데이터/전자제품/전기밥솥/20_X008_C171_0201/20_X008_C171_0201_0.Json,1,전자제품,플라스틱류,장남감
/home/minsu/disk_c/trash_dataset/085.생활_폐기물_이미지/01.데이터/1.Training/라벨링데이터/전자제품/전기밥솥/20_X023_C171_0204/20_X023_C171_0204_4.Json,1,전자제품,페트병류,페트병
/home/minsu/disk_c/trash_dataset/085.생활_폐기물_이미지/01.데이터/1.Training/라벨링데이터/전자제품/전기밥솥/20_X023_C171_0204/20_X023_C171_0204_3.Json,1,전자제품,페트병류,페트병
/home/minsu/disk_c/trash_dataset/085.생활_폐기물_이미지/01.데이터/1.Training/라벨링데이터/전자제품/전기밥솥/20_X023_C171_0204/20_X023_C171_0204_2.Json,1,전자제품,페트병류,페트병
/home/minsu/disk_c/trash_dataset/085.생활_폐기물_이미지/01.데이터/1.Training/라벨링데이터/전자제품/전기밥솥/20_X023_C171_0204/20_X023_C171_0204_1.Json,1,전자제품,페트병류,페트병
/home/minsu/disk_c/trash_dataset/085.생활_폐기물_이미지/01.데이터/1.Training/라벨링데이터/전자제품/전기밥솥/20_X023_C171_0204/20_X023_C171_0204_0.Json,1,전자제품,페트병류,페트병
/home/minsu/disk_c/trash_dataset/085.생활_폐기물_이미지/01.데이터/1.Training/라벨링데이터/전자제품/전기밥솥/20_X035_C172_0130/20_X035_C172_0130_0.Json,1,전자제품,페트병류,페트병
/home/minsu/disk_c/trash_dataset/085.생활_폐기물_이미지/01.데이터/1.Training/라벨링데이터/전자제품/전기밥솥/20_X035_C172_0130/20_X035_C172_0130_2.Json,1,전자제품,페트병류,페트병
/home/minsu/disk_c/trash_dataset/085.생활_폐기물_이미지/01.데이터/1.Training/라벨링데이터/전자제품/전기밥솥/20_X035_C172_0130/20_X035_C172_0130_1.Json,1,전자제품,페트병류,페트병
/home/minsu/disk_c/trash_dataset/085.생활_폐기물_이미지/01.데이터/1.Training/라벨링데이터/전자제품/전기밥솥/20_X035_C172_0130/20_X035_C172_0130_3.Json,1,전자제품,페트병류,페트병
/home/minsu/disk_c/trash_dataset/085.생활_폐기물_이미지/01.데이터/1.Training/라벨링데이터/전자제품/전기밥솥/20_X035_C172_0130/20_X035_C172_0130_4.Json,1,전자제품,페트병류,페트병
/home/minsu/disk_c/trash_dataset/085.생활_폐기물_이미지/01.데이터/1.Training/라벨링데이터/전자제품/전기밥솥/20_X002_C014_0130/20_X002_C014_0130_1.Json,0,전자제품,플라스틱류,밀폐용기
/home/minsu/disk_c/trash_dataset/085.생활_폐기물_이미지/01.데이터/1.Training/라벨링데이터/전자제품/전기밥솥/20_X002_C014_0130/20_X002_C014_0130_0.Json,1,전자제품,플라스틱류,밀폐용기
/home/minsu/disk_c/trash_dataset/085.생활_폐기물_이미지/01.데이터/1.Training/라벨링데이터/전자제품/전기밥솥/20_X002_C014_0130/20_X002_C014_0130_2.Json,0,전자제품,플라스틱류,밀폐용기
/home/minsu/disk_c/trash_dataset/085.생활_폐기물_이미지/01.데이터/1.Training/라벨링데이터/전자제품/전기밥솥/20_X002_C014_0130/20_X002_C014_0130_3.Json,0,전자제품,플라스틱류,밀폐용기
/home/minsu/disk_c/trash_dataset/085.생활_폐기물_이미지/01.데이터/1.Training/라벨링데이터/전자제품/전기밥솥/20_X002_C014_0130/20_X002_C014_0130_4.Json,0,전자제품,플라스틱류,밀폐용기
/home/minsu/disk_c/trash_dataset/085.생활_폐기물_이미지/01.데이터/1.Training/라벨링데이터/전자제품/전기밥솥/20_X042_C171_0130/20_X042_C171_0130_2.Json,1,전자제품,종이류,책자
/home/minsu/disk_c/trash_dataset/085.생활_폐기물_이미지/01.데이터/1.Training/라벨링데이터/전자제품/전기밥솥/20_X042_C171_0130/20_X042_C171_0130_0.Json,1,전자제품,종이류,책자
/home/minsu/disk_c/trash_dataset/085.생활_폐기물_이미지/01.데이터/1.Training/라벨링데이터/전자제품/전기밥솥/20_X042_C171_0130/20_X042_C171_0130_3.Json,1,전자제품,종이류,책자
/home/minsu/disk_c/trash_dataset/085.생활_폐기물_이미지/01.데이터/1.Training/라벨링데이터/전자제품/전기밥솥/20_X042_C171_0130/20_X042_C171_0130_4.Json,1,전자제품,종이류,책자
/home/minsu/disk_c/trash_dataset/085.생활_폐기물_이미지/01.데이터/1.Training/라벨링데이터/전자제품/전기밥솥/20_X042_C171_0130/20_X042_C171_0130_1.Json,1,전자제품,종이류,책자
/home/minsu/disk_c/trash_dataset/085.생활_폐기물_이미지/01.데이터/1.Training/라벨링데이터/전자제품/전기밥솥/20_X045_C045_0202/20_X045_C045_0202_1.Json,1,전자제품,고철류,고철
/home/minsu/disk_c/trash_dataset/085.생활_폐기물_이미지/01.데이터/1.Training/라벨링데이터/전자제품/전기밥솥/20_X045_C045_0202/20_X045_C045_0202_2.Json,1,전자제품,고철류,고철
/home/minsu/disk_c/trash_dataset/085.생활_폐기물_이미지/01.데이터/1.Training/라벨링데이터/전자제품/전기밥솥/20_X045_C045_0202/20_X045_C045_0202_4.Json,1,전자제품,고철류,고철
/home/minsu/disk_c/trash_dataset/085.생활_폐기물_이미지/01.데이터/1.Training/라벨링데이터/전자제품/전기밥솥/20_X045_C045_0202/20_X045_C045_0202_3.Json,1,전자제품,고철류,고철
/home/minsu/disk_c/trash_dataset/085.생활_폐기물_이미지/01.데이터/1.Training/라벨링데이터/전자제품/전기밥솥/20_X045_C045_0202/20_X045_C045_0202_0.Json,1,전자제품,고철류,고철
/home/minsu/disk_c/trash_dataset/085.생활_폐기물_이미지/01.데이터/1.Training/라벨링데이터/전자제품/전기밥솥/20_X045_C045_0202/20_X045_C045_0202_0.Json,2,전자제품,고철류,고철
/home/minsu/disk_c/trash_dataset/085.생활_폐기물_이미지/01.데이터/1.Training/라벨링데이터/전자제품/전기밥솥/20_X030_C172_0207/20_X030_C172_0207_4.Json,1,전자제품,캔류,커피캔
/home/minsu/disk_c/trash_dataset/085.생활_폐기물_이미지/01.데이터/1.Training/라벨링데이터/전자제품/전기밥솥/20_X030_C172_0207/20_X030_C172_0207_0.Json,1,전자제품,캔류,커피캔
/home/minsu/disk_c/trash_dataset/085.생활_폐기물_이미지/01.데이터/1.Training/라벨링데이터/전자제품/전기밥솥/20_X030_C172_0207/20_X030_C172_0207_1.Json,1,전자제품,캔류,커피캔
/home/minsu/disk_c/trash_dataset/085.생활_폐기물_이미지/01.데이터/1.Training/라벨링데이터/전자제품/전기밥솥/20_X030_C172_0207/20_X030_C172_0207_2.Json,1,전자제품,캔류,커피캔
/home/minsu/disk_c/trash_dataset/085.생활_폐기물_이미지/01.데이터/1.Training/라벨링데이터/전자제품/전기밥솥/20_X030_C172_0207/20_X030_C172_0207_3.Json,1,전자제품,캔류,커피캔
/home/minsu/disk_c/trash_dataset/085.생활_폐기물_이미지/01.데이터/1.Training/라벨링데이터/전자제품/전기밥솥/20_X007_C014_0129/20_X007_C014_0129_0.Json,1,전자제품,플라스틱류,밀폐용기
/home/minsu/disk_c/trash_dataset/085.생활_폐기물_이미지/01.데이터/1.Training/라벨링데이터/전자제품/전기밥솥/20_X007_C014_0129/20_X007_C014_0129_4.Json,1,전자제품,플라스틱류,밀폐용기
/home/minsu/disk_c/trash_dataset/085.생활_폐기물_이미지/01.데이터/1.Training/라벨링데이터/전자제품/전기밥솥/20_X007_C014_0129/20_X007_C014_0129_1.Json,1,전자제품,플라스틱류,밀폐용기
/home/minsu/disk_c/trash_dataset/085.생활_폐기물_이미지/01.데이터/1.Training/라벨링데이터/전자제품/전기밥솥/20_X007_C014_0129/20_X007_C014_0129_3.Json,1,전자제품,플라스틱류,밀폐용기
/home/minsu/disk_c/trash_dataset/085.생활_폐기물_이미지/01.데이터/1.Training/라벨링데이터/전자제품/전기밥솥/20_X007_C014_0129/20_X007_C014_0129_2.Json,1,전자제품,플라스틱류,밀폐용기
/home/minsu/disk_c/trash_dataset/085.생활_폐기물_이미지/01.데이터/1.Training/라벨링데이터/전자제품/전기밥솥/20_X017_C171_0129/20_X017_C171_0129_0.Json,1,전자제품,캔류,음료수캔
/home/minsu/disk_c/trash_dataset/085.생활_폐기물_이미지/01.데이터/1.Training/라벨링데이터/전자제품/전기밥솥/20_X017_C171_0129/20_X017_C171_0129_4.Json,1,전자제품,캔류,음료수캔
/home/minsu/disk_c/trash_dataset/085.생활_폐기물_이미지/01.데이터/1.Training/라벨링데이터/전자제품/전기밥솥/20_X017_C171_0129/20_X017_C171_0129_2.Json,1,전자제품,캔류,음료수캔
/home/minsu/disk_c/trash_dataset/085.생활_폐기물_이미지/01.데이터/1.Training/라벨링데이터/전자제품/전기밥솥/20_X017_C171_0129/20_X017_C171_0129_1.Json,1,전자제품,캔류,음료수캔
/home/minsu/disk_c/trash_dataset/085.생활_폐기물_이미지/01.데이터/1.Training/라벨링데이터/전자제품/전기밥솥/20_X017_C171_0129/20_X017_C171_0129_3.Json,1,전자제품,캔류,음료수캔
/home/minsu/disk_c/trash_dataset/085.생활_폐기물_이미지/01.데이터/1.Training/라벨링데이터/전자제품/전기밥솥/20_X003_C171_0201/20_X003_C171_0201_2.Json,1,전자제품,페트병류,페트병
/home/minsu/disk_c/trash_dataset/085.생활_폐기물_이미지/01.데이터/1.Training/라벨링데이터/전자제품/전기밥솥/20_X003_C171_0201/20_X003_C171_0201_3.Json,1,전자제품,페트병류,페트병
/home/minsu/disk_c/trash_dataset/085.생활_폐기물_이미지/01.데이터/1.Training/라벨링데이터/전자제품/전기밥솥/20_X003_C171_0201/20_X003_C171_0201_1.Json,1,전자제품,페트병류,페트병
/home/minsu/disk_c/trash_dataset/085.생활_폐기물_이미지/01.데이터/1.Training/라벨링데이터/전자제품/전기밥솥/20_X003_C171_0201/20_X003_C171_0201_0.Json,1,전자제품,페트병류,페트병
/home/minsu/disk_c/trash_dataset/085.생활_폐기물_이미지/01.데이터/1.Training/라벨링데이터/전자제품/전기밥솥/20_X003_C171_0201/20_X003_C171_0201_4.Json,1,전자제품,페트병류,페트병
/home/minsu/disk_c/trash_dataset/085.생활_폐기물_이미지/01.데이터/1.Training/라벨링데이터/전자제품/전기밥솥/20_X015_C172_0217/20_X015_C172_0217_2.Json,1,전자제품,캔류,음료수캔
/home/minsu/disk_c/trash_dataset/085.생활_폐기물_이미지/01.데이터/1.Training/라벨링데이터/전자제품/전기밥솥/20_X015_C172_0217/20_X015_C172_0217_0.Json,1,전자제품,캔류,음료수캔
/home/minsu/disk_c/trash_dataset/085.생활_폐기물_이미지/01.데이터/1.Training/라벨링데이터/전자제품/전기밥솥/20_X015_C172_0217/20_X015_C172_0217_4.Json,1,전자제품,캔류,음료수캔
/home/minsu/disk_c/trash_dataset/085.생활_폐기물_이미지/01.데이터/1.Training/라벨링데이터/전자제품/전기밥솥/20_X015_C172_0217/20_X015_C172_0217_1.Json,1,전자제품,캔류,음료수캔
/home/minsu/disk_c/trash_dataset/085.생활_폐기물_이미지/01.데이터/1.Training/라벨링데이터/전자제품/전기밥솥/20_X015_C172_0217/20_X015_C172_0217_3.Json,1,전자제품,캔류,음료수캔
/home/minsu/disk_c/trash_dataset/085.생활_폐기물_이미지/01.데이터/1.Training/라벨링데이터/전자제품/전기밥솥/20_X066_C172_0201/20_X066_C172_0201_4.Json,1,전자제품,캔류,음료수캔
/home/minsu/disk_c/trash_dataset/085.생활_폐기물_이미지/01.데이터/1.Training/라벨링데이터/전자제품/전기밥솥/20_X066_C172_0201/20_X066_C172_0201_1.Json,1,전자제품,캔류,음료수캔
/home/minsu/disk_c/trash_dataset/085.생활_폐기물_이미지/01.데이터/1.Training/라벨링데이터/전자제품/전기밥솥/20_X066_C172_0201/20_X066_C172_0201_3.Json,1,전자제품,캔류,음료수캔
/home/minsu/disk_c/trash_dataset/085.생활_폐기물_이미지/01.데이터/1.Training/라벨링데이터/전자제품/전기밥솥/20_X066_C172_0201/20_X066_C172_0201_0.Json,1,전자제품,캔류,음료수캔
/home/minsu/disk_c/trash_dataset/085.생활_폐기물_이미지/01.데이터/1.Training/라벨링데이터/전자제품/전기밥솥/20_X066_C172_0201/20_X066_C172_0201_2.Json,1,전자제품,캔류,음료수캔
/home/minsu/disk_c/trash_dataset/085.생활_폐기물_이미지/01.데이터/1.Training/라벨링데이터/전자제품/전기밥솥/20_X004_C172_0201/20_X004_C172_0201_3.Json,1,전자제품,페트병류,일회용음료수잔
/home/minsu/disk_c/trash_dataset/085.생활_폐기물_이미지/01.데이터/1.Training/라벨링데이터/전자제품/전기밥솥/20_X004_C172_0201/20_X004_C172_0201_2.Json,1,전자제품,페트병류,일회용음료수잔
/home/minsu/disk_c/trash_dataset/085.생활_폐기물_이미지/01.데이터/1.Training/라벨링데이터/전자제품/전기밥솥/20_X004_C172_0201/20_X004_C172_0201_1.Json,1,전자제품,페트병류,일회용음료수잔
/home/minsu/disk_c/trash_dataset/085.생활_폐기물_이미지/01.데이터/1.Training/라벨링데이터/전자제품/전기밥솥/20_X004_C172_0201/20_X004_C172_0201_4.Json,1,전자제품,페트병류,일회용음료수잔
/home/minsu/disk_c/trash_dataset/085.생활_폐기물_이미지/01.데이터/1.Training/라벨링데이터/전자제품/전기밥솥/20_X004_C172_0201/20_X004_C172_0201_0.Json,1,전자제품,페트병류,일회용음료수잔
/home/minsu/disk_c/trash_dataset/085.생활_폐기물_이미지/01.데이터/1.Training/라벨링데이터/전자제품/전기밥솥/20_X004_C014_0129/20_X004_C014_0129_4.Json,1,전자제품,캔류,음료수캔
/home/minsu/disk_c/trash_dataset/085.생활_폐기물_이미지/01.데이터/1.Training/라벨링데이터/전자제품/전기밥솥/20_X004_C014_0129/20_X004_C014_0129_3.Json,1,전자제품,캔류,음료수캔
/home/minsu/disk_c/trash_dataset/085.생활_폐기물_이미지/01.데이터/1.Training/라벨링데이터/전자제품/전기밥솥/20_X004_C014_0129/20_X004_C014_0129_2.Json,1,전자제품,캔류,음료수캔
/home/minsu/disk_c/trash_dataset/085.생활_폐기물_이미지/01.데이터/1.Training/라벨링데이터/전자제품/전기밥솥/20_X004_C014_0129/20_X004_C014_0129_1.Json,1,전자제품,캔류,음료수캔
/home/minsu/disk_c/trash_dataset/085.생활_폐기물_이미지/01.데이터/1.Training/라벨링데이터/전자제품/전기밥솥/20_X004_C014_0129/20_X004_C014_0129_0.Json,1,전자제품,캔류,음료수캔
/home/minsu/disk_c/trash_dataset/085.생활_폐기물_이미지/01.데이터/1.Training/라벨링데이터/전자제품/전기밥솥/20_X034_C172_0201/20_X034_C172_0201_0.Json,1,전자제품,페트병류,페트병
/home/minsu/disk_c/trash_dataset/085.생활_폐기물_이미지/01.데이터/1.Training/라벨링데이터/전자제품/전기밥솥/20_X034_C172_0201/20_X034_C172_0201_2.Json,1,전자제품,페트병류,페트병
/home/minsu/disk_c/trash_dataset/085.생활_폐기물_이미지/01.데이터/1.Training/라벨링데이터/전자제품/전기밥솥/20_X034_C172_0201/20_X034_C172_0201_3.Json,1,전자제품,페트병류,페트병
/home/minsu/disk_c/trash_dataset/085.생활_폐기물_이미지/01.데이터/1.Training/라벨링데이터/전자제품/전기밥솥/20_X034_C172_0201/20_X034_C172_0201_4.Json,1,전자제품,페트병류,페트병
/home/minsu/disk_c/trash_dataset/085.생활_폐기물_이미지/01.데이터/1.Training/라벨링데이터/전자제품/전기밥솥/20_X034_C172_0201/20_X034_C172_0201_1.Json,1,전자제품,페트병류,페트병
/home/minsu/disk_c/trash_dataset/085.생활_폐기물_이미지/01.데이터/1.Training/라벨링데이터/전자제품/전기밥솥/20_X003_C998_0302/20_X003_C998_0302_1.Json,1,전자제품,유리병류,주방용기
/home/minsu/disk_c/trash_dataset/085.생활_폐기물_이미지/01.데이터/1.Training/라벨링데이터/전자제품/전기밥솥/20_X003_C998_0302/20_X003_C998_0302_6.Json,1,전자제품,유리병류,주방용기
/home/minsu/disk_c/trash_dataset/085.생활_폐기물_이미지/01.데이터/1.Training/라벨링데이터/전자제품/전기밥솥/20_X003_C998_0302/20_X003_C998_0302_6.Json,2,전자제품,나무류,주걱
/home/minsu/disk_c/trash_dataset/085.생활_폐기물_이미지/01.데이터/1.Training/라벨링데이터/전자제품/전기밥솥/20_X011_C171_0201/20_X011_C171_0201_3.Json,1,전자제품,페트병류,페트병
/home/minsu/disk_c/trash_dataset/085.생활_폐기물_이미지/01.데이터/1.Training/라벨링데이터/전자제품/전기밥솥/20_X011_C171_0201/20_X011_C171_0201_1.Json,1,전자제품,페트병류,페트병
/home/minsu/disk_c/trash_dataset/085.생활_폐기물_이미지/01.데이터/1.Training/라벨링데이터/전자제품/전기밥솥/20_X011_C171_0201/20_X011_C171_0201_2.Json,1,전자제품,페트병류,페트병
/home/minsu/disk_c/trash_dataset/085.생활_폐기물_이미지/01.데이터/1.Training/라벨링데이터/전자제품/전기밥솥/20_X011_C171_0201/20_X011_C171_0201_0.Json,1,전자제품,페트병류,페트병
/home/minsu/disk_c/trash_dataset/085.생활_폐기물_이미지/01.데이터/1.Training/라벨링데이터/전자제품/전기밥솥/20_X011_C171_0201/20_X011_C171_0201_4.Json,1,전자제품,페트병류,페트병
/home/minsu/disk_c/trash_dataset/085.생활_폐기물_이미지/01.데이터/1.Training/라벨링데이터/전자제품/전기밥솥/20_X001_C171_0215/20_X001_C171_0215_1.Json,0,전자제품,종이류,포장상자
/home/minsu/disk_c/trash_dataset/085.생활_폐기물_이미지/01.데이터/1.Training/라벨링데이터/전자제품/전기밥솥/20_X001_C171_0215/20_X001_C171_0215_3.Json,0,전자제품,종이류,포장상자
/home/minsu/disk_c/trash_dataset/085.생활_폐기물_이미지/01.데이터/1.Training/라벨링데이터/전자제품/전기밥솥/20_X001_C171_0215/20_X001_C171_0215_0.Json,1,전자제품,종이류,포장상자
/home/minsu/disk_c/trash_dataset/085.생활_폐기물_이미지/01.데이터/1.Training/라벨링데이터/전자제품/전기밥솥/20_X001_C171_0215/20_X001_C171_0215_2.Json,0,전자제품,종이류,포장상자
/home/minsu/disk_c/trash_dataset/085.생활_폐기물_이미지/01.데이터/1.Training/라벨링데이터/전자제품/전기밥솥/20_X001_C171_0215/20_X001_C171_0215_4.Json,0,전자제품,종이류,포장상자
/home/minsu/disk_c/trash_dataset/085.생활_폐기물_이미지/01.데이터/1.Training/라벨링데이터/전자제품/전기밥솥/20_X034_C172_0130/20_X034_C172_0130_3.Json,1,전자제품,종이류,노트
/home/minsu/disk_c/trash_dataset/085.생활_폐기물_이미지/01.데이터/1.Training/라벨링데이터/전자제품/전기밥솥/20_X034_C172_0130/20_X034_C172_0130_1.Json,1,전자제품,종이류,노트
/home/minsu/disk_c/trash_dataset/085.생활_폐기물_이미지/01.데이터/1.Training/라벨링데이터/전자제품/전기밥솥/20_X034_C172_0130/20_X034_C172_0130_4.Json,1,전자제품,종이류,노트
/home/minsu/disk_c/trash_dataset/085.생활_폐기물_이미지/01.데이터/1.Training/라벨링데이터/전자제품/전기밥솥/20_X034_C172_0130/20_X034_C172_0130_2.Json,1,전자제품,종이류,노트
/home/minsu/disk_c/trash_dataset/085.생활_폐기물_이미지/01.데이터/1.Training/라벨링데이터/전자제품/전기밥솥/20_X034_C172_0130/20_X034_C172_0130_0.Json,1,전자제품,종이류,노트
/home/minsu/disk_c/trash_dataset/085.생활_폐기물_이미지/01.데이터/1.Training/라벨링데이터/전자제품/전기밥솥/20_X016_C171_0127/20_X016_C171_0127_2.Json,1,전자제품,페트병류,페트병
/home/minsu/disk_c/trash_dataset/085.생활_폐기물_이미지/01.데이터/1.Training/라벨링데이터/전자제품/전기밥솥/20_X016_C171_0127/20_X016_C171_0127_1.Json,1,전자제품,페트병류,페트병
/home/minsu/disk_c/trash_dataset/085.생활_폐기물_이미지/01.데이터/1.Training/라벨링데이터/전자제품/전기밥솥/20_X016_C171_0127/20_X016_C171_0127_4.Json,1,전자제품,페트병류,페트병
/home/minsu/disk_c/trash_dataset/085.생활_폐기물_이미지/01.데이터/1.Training/라벨링데이터/전자제품/전기밥솥/20_X016_C171_0127/20_X016_C171_0127_3.Json,1,전자제품,페트병류,페트병
/home/minsu/disk_c/trash_dataset/085.생활_폐기물_이미지/01.데이터/1.Training/라벨링데이터/전자제품/전기밥솥/20_X016_C171_0127/20_X016_C171_0127_0.Json,1,전자제품,페트병류,페트병
/home/minsu/disk_c/trash_dataset/085.생활_폐기물_이미지/01.데이터/1.Training/라벨링데이터/전자제품/전기밥솥/20_X002_C323_0130/20_X002_C323_0130_3.Json,0,전자제품,플라스틱류,밀폐용기
/home/minsu/disk_c/trash_dataset/085.생활_폐기물_이미지/01.데이터/1.Training/라벨링데이터/전자제품/전기밥솥/20_X002_C323_0130/20_X002_C323_0130_0.Json,1,전자제품,플라스틱류,밀폐용기
/home/minsu/disk_c/trash_dataset/085.생활_폐기물_이미지/01.데이터/1.Training/라벨링데이터/전자제품/전기밥솥/20_X002_C323_0130/20_X002_C323_0130_2.Json,0,전자제품,플라스틱류,밀폐용기
/home/minsu/disk_c/trash_dataset/085.생활_폐기물_이미지/01.데이터/1.Training/라벨링데이터/전자제품/전기밥솥/20_X002_C323_0130/20_X002_C323_0130_4.Json,0,전자제품,플라스틱류,밀폐용기
/home/minsu/disk_c/trash_dataset/085.생활_폐기물_이미지/01.데이터/1.Training/라벨링데이터/전자제품/전기밥솥/20_X002_C323_0130/20_X002_C323_0130_1.Json,0,전자제품,플라스틱류,밀폐용기
/home/minsu/disk_c/trash_dataset/085.생활_폐기물_이미지/01.데이터/1.Training/라벨링데이터/전자제품/전기밥솥/20_X040_C171_0130/20_X040_C171_0130_3.Json,1,전자제품,캔류,커피캔
/home/minsu/disk_c/trash_dataset/085.생활_폐기물_이미지/01.데이터/1.Training/라벨링데이터/전자제품/전기밥솥/20_X040_C171_0130/20_X040_C171_0130_2.Json,1,전자제품,캔류,커피캔
/home/minsu/disk_c/trash_dataset/085.생활_폐기물_이미지/01.데이터/1.Training/라벨링데이터/전자제품/전기밥솥/20_X040_C171_0130/20_X040_C171_0130_4.Json,1,전자제품,캔류,커피캔
/home/minsu/disk_c/trash_dataset/085.생활_폐기물_이미지/01.데이터/1.Training/라벨링데이터/전자제품/전기밥솥/20_X040_C171_0130/20_X040_C171_0130_1.Json,1,전자제품,캔류,커피캔
/home/minsu/disk_c/trash_dataset/085.생활_폐기물_이미지/01.데이터/1.Training/라벨링데이터/전자제품/전기밥솥/20_X040_C171_0130/20_X040_C171_0130_0.Json,1,전자제품,캔류,커피캔
/home/minsu/disk_c/trash_dataset/085.생활_폐기물_이미지/01.데이터/1.Training/라벨링데이터/전자제품/전기밥솥/20_X021_C171_0208/20_X021_C171_0208_6.Json,1,전자제품,도기류,컵
/home/minsu/disk_c/trash_dataset/085.생활_폐기물_이미지/01.데이터/1.Training/라벨링데이터/전자제품/전기밥솥/20_X021_C171_0208/20_X021_C171_0208_2.Json,1,전자제품,도기류,컵
/home/minsu/disk_c/trash_dataset/085.생활_폐기물_이미지/01.데이터/1.Training/라벨링데이터/전자제품/전기밥솥/20_X021_C171_0208/20_X021_C171_0208_3.Json,1,전자제품,도기류,컵
/home/minsu/disk_c/trash_dataset/085.생활_폐기물_이미지/01.데이터/1.Training/라벨링데이터/전자제품/전기밥솥/20_X021_C171_0208/20_X021_C171_0208_5.Json,1,전자제품,도기류,컵
/home/minsu/disk_c/trash_dataset/085.생활_폐기물_이미지/01.데이터/1.Training/라벨링데이터/전자제품/전기밥솥/20_X021_C171_0208/20_X021_C171_0208_1.Json,1,전자제품,도기류,컵
/home/minsu/disk_c/trash_dataset/085.생활_폐기물_이미지/01.데이터/1.Training/라벨링데이터/전자제품/전기밥솥/20_X062_C172_0201/20_X062_C172_0201_3.Json,1,전자제품,플라스틱류,장남감
/home/minsu/disk_c/trash_dataset/085.생활_폐기물_이미지/01.데이터/1.Training/라벨링데이터/전자제품/전기밥솥/20_X062_C172_0201/20_X062_C172_0201_2.Json,1,전자제품,플라스틱류,장남감
/home/minsu/disk_c/trash_dataset/085.생활_폐기물_이미지/01.데이터/1.Training/라벨링데이터/전자제품/전기밥솥/20_X062_C172_0201/20_X062_C172_0201_1.Json,1,전자제품,플라스틱류,장남감
/home/minsu/disk_c/trash_dataset/085.생활_폐기물_이미지/01.데이터/1.Training/라벨링데이터/전자제품/전기밥솥/20_X062_C172_0201/20_X062_C172_0201_0.Json,1,전자제품,플라스틱류,장남감
/home/minsu/disk_c/trash_dataset/085.생활_폐기물_이미지/01.데이터/1.Training/라벨링데이터/전자제품/전기밥솥/20_X062_C172_0201/20_X062_C172_0201_4.Json,1,전자제품,플라스틱류,장남감
/home/minsu/disk_c/trash_dataset/085.생활_폐기물_이미지/01.데이터/1.Training/라벨링데이터/전자제품/청소기/20_X068_C172_0201/20_X068_C172_0201_0.Json,1,전자제품,플라스틱류,장남감
/home/minsu/disk_c/trash_dataset/085.생활_폐기물_이미지/01.데이터/1.Training/라벨링데이터/전자제품/청소기/20_X068_C172_0201/20_X068_C172_0201_4.Json,1,전자제품,플라스틱류,장남감
/home/minsu/disk_c/trash_dataset/085.생활_폐기물_이미지/01.데이터/1.Training/라벨링데이터/전자제품/청소기/20_X068_C172_0201/20_X068_C172_0201_1.Json,1,전자제품,플라스틱류,장남감
/home/minsu/disk_c/trash_dataset/085.생활_폐기물_이미지/01.데이터/1.Training/라벨링데이터/전자제품/청소기/20_X068_C172_0201/20_X068_C172_0201_2.Json,1,전자제품,플라스틱류,장남감
/home/minsu/disk_c/trash_dataset/085.생활_폐기물_이미지/01.데이터/1.Training/라벨링데이터/전자제품/청소기/20_X068_C172_0201/20_X068_C172_0201_3.Json,1,전자제품,플라스틱류,장남감
/home/minsu/disk_c/trash_dataset/085.생활_폐기물_이미지/01.데이터/1.Training/라벨링데이터/전자제품/청소기/20_X025_C058_0129/20_X025_C058_0129_2.Json,1,전자제품,고철류,고철
/home/minsu/disk_c/trash_dataset/085.생활_폐기물_이미지/01.데이터/1.Training/라벨링데이터/전자제품/청소기/20_X025_C058_0129/20_X025_C058_0129_3.Json,1,전자제품,고철류,고철
/home/minsu/disk_c/trash_dataset/085.생활_폐기물_이미지/01.데이터/1.Training/라벨링데이터/전자제품/청소기/20_X025_C058_0129/20_X025_C058_0129_0.Json,1,전자제품,고철류,고철
/home/minsu/disk_c/trash_dataset/085.생활_폐기물_이미지/01.데이터/1.Training/라벨링데이터/전자제품/청소기/20_X025_C058_0129/20_X025_C058_0129_6.Json,1,전자제품,고철류,고철
/home/minsu/disk_c/trash_dataset/085.생활_폐기물_이미지/01.데이터/1.Training/라벨링데이터/전자제품/청소기/20_X025_C058_0129/20_X025_C058_0129_5.Json,1,전자제품,고철류,고철
/home/minsu/disk_c/trash_dataset/085.생활_폐기물_이미지/01.데이터/1.Training/라벨링데이터/전자제품/청소기/20_X002_C172_0202/20_X002_C172_0202_4.Json,1,전자제품,캔류,음료수캔
/home/minsu/disk_c/trash_dataset/085.생활_폐기물_이미지/01.데이터/1.Training/라벨링데이터/전자제품/청소기/20_X002_C172_0202/20_X002_C172_0202_2.Json,1,전자제품,캔류,음료수캔
/home/minsu/disk_c/trash_dataset/085.생활_폐기물_이미지/01.데이터/1.Training/라벨링데이터/전자제품/청소기/20_X002_C172_0202/20_X002_C172_0202_5.Json,1,전자제품,캔류,음료수캔
/home/minsu/disk_c/trash_dataset/085.생활_폐기물_이미지/01.데이터/1.Training/라벨링데이터/전자제품/청소기/20_X002_C172_0202/20_X002_C172_0202_3.Json,1,전자제품,캔류,음료수캔
/home/minsu/disk_c/trash_dataset/085.생활_폐기물_이미지/01.데이터/1.Training/라벨링데이터/전자제품/청소기/20_X002_C172_0202/20_X002_C172_0202_1.Json,1,전자제품,캔류,음료수캔
/home/minsu/disk_c/trash_dataset/085.생활_폐기물_이미지/01.데이터/1.Training/라벨링데이터/전자제품/청소기/20_X021_C171_0201/20_X021_C171_0201_2.Json,1,전자제품,캔류,음료수캔
/home/minsu/disk_c/trash_dataset/085.생활_폐기물_이미지/01.데이터/1.Training/라벨링데이터/전자제품/청소기/20_X021_C171_0201/20_X021_C171_0201_4.Json,1,전자제품,캔류,음료수캔
/home/minsu/disk_c/trash_dataset/085.생활_폐기물_이미지/01.데이터/1.Training/라벨링데이터/전자제품/청소기/20_X021_C171_0201/20_X021_C171_0201_3.Json,1,전자제품,캔류,음료수캔
/home/minsu/disk_c/trash_dataset/085.생활_폐기물_이미지/01.데이터/1.Training/라벨링데이터/전자제품/청소기/20_X021_C171_0201/20_X021_C171_0201_1.Json,1,전자제품,캔류,음료수캔
/home/minsu/disk_c/trash_dataset/085.생활_폐기물_이미지/01.데이터/1.Training/라벨링데이터/전자제품/청소기/20_X021_C171_0201/20_X021_C171_0201_0.Json,1,전자제품,캔류,음료수캔
/home/minsu/disk_c/trash_dataset/085.생활_폐기물_이미지/01.데이터/1.Training/라벨링데이터/전자제품/청소기/20_X031_C172_0201/20_X031_C172_0201_2.Json,1,전자제품,페트병류,페트병
/home/minsu/disk_c/trash_dataset/085.생활_폐기물_이미지/01.데이터/1.Training/라벨링데이터/전자제품/청소기/20_X031_C172_0201/20_X031_C172_0201_4.Json,1,전자제품,페트병류,페트병
/home/minsu/disk_c/trash_dataset/085.생활_폐기물_이미지/01.데이터/1.Training/라벨링데이터/전자제품/청소기/20_X031_C172_0201/20_X031_C172_0201_0.Json,1,전자제품,페트병류,페트병
/home/minsu/disk_c/trash_dataset/085.생활_폐기물_이미지/01.데이터/1.Training/라벨링데이터/전자제품/청소기/20_X031_C172_0201/20_X031_C172_0201_3.Json,1,전자제품,페트병류,페트병
/home/minsu/disk_c/trash_dataset/085.생활_폐기물_이미지/01.데이터/1.Training/라벨링데이터/전자제품/청소기/20_X031_C172_0201/20_X031_C172_0201_1.Json,1,전자제품,페트병류,페트병
/home/minsu/disk_c/trash_dataset/085.생활_폐기물_이미지/01.데이터/1.Training/라벨링데이터/전자제품/청소기/20_X046_C172_0201/20_X046_C172_0201_4.Json,1,전자제품,플라스틱류,장남감
/home/minsu/disk_c/trash_dataset/085.생활_폐기물_이미지/01.데이터/1.Training/라벨링데이터/전자제품/청소기/20_X046_C172_0201/20_X046_C172_0201_3.Json,1,전자제품,플라스틱류,장남감
/home/minsu/disk_c/trash_dataset/085.생활_폐기물_이미지/01.데이터/1.Training/라벨링데이터/전자제품/청소기/20_X046_C172_0201/20_X046_C172_0201_1.Json,1,전자제품,플라스틱류,장남감
/home/minsu/disk_c/trash_dataset/085.생활_폐기물_이미지/01.데이터/1.Training/라벨링데이터/전자제품/청소기/20_X046_C172_0201/20_X046_C172_0201_0.Json,1,전자제품,플라스틱류,장남감
/home/minsu/disk_c/trash_dataset/085.생활_폐기물_이미지/01.데이터/1.Training/라벨링데이터/전자제품/청소기/20_X046_C172_0201/20_X046_C172_0201_2.Json,1,전자제품,플라스틱류,장남감
/home/minsu/disk_c/trash_dataset/085.생활_폐기물_이미지/01.데이터/1.Training/라벨링데이터/전자제품/청소기/20_X007_C171_0128/20_X007_C171_0128_0.Json,1,전자제품,캔류,음료수캔
/home/minsu/disk_c/trash_dataset/085.생활_폐기물_이미지/01.데이터/1.Training/라벨링데이터/전자제품/청소기/20_X007_C171_0128/20_X007_C171_0128_1.Json,1,전자제품,캔류,음료수캔
/home/minsu/disk_c/trash_dataset/085.생활_폐기물_이미지/01.데이터/1.Training/라벨링데이터/전자제품/청소기/20_X007_C171_0128/20_X007_C171_0128_2.Json,1,전자제품,캔류,음료수캔
/home/minsu/disk_c/trash_dataset/085.생활_폐기물_이미지/01.데이터/1.Training/라벨링데이터/전자제품/청소기/20_X007_C171_0128/20_X007_C171_0128_3.Json,1,전자제품,캔류,음료수캔
/home/minsu/disk_c/trash_dataset/085.생활_폐기물_이미지/01.데이터/1.Training/라벨링데이터/전자제품/청소기/20_X024_C058_0129/20_X024_C058_0129_6.Json,1,전자제품,종이류,책자
/home/minsu/disk_c/trash_dataset/085.생활_폐기물_이미지/01.데이터/1.Training/라벨링데이터/전자제품/청소기/20_X024_C058_0129/20_X024_C058_0129_5.Json,1,전자제품,종이류,책자
/home/minsu/disk_c/trash_dataset/085.생활_폐기물_이미지/01.데이터/1.Training/라벨링데이터/전자제품/청소기/20_X024_C058_0129/20_X024_C058_0129_0.Json,1,전자제품,종이류,책자
/home/minsu/disk_c/trash_dataset/085.생활_폐기물_이미지/01.데이터/1.Training/라벨링데이터/전자제품/청소기/20_X024_C058_0129/20_X024_C058_0129_1.Json,1,전자제품,종이류,책자
/home/minsu/disk_c/trash_dataset/085.생활_폐기물_이미지/01.데이터/1.Training/라벨링데이터/전자제품/청소기/20_X024_C058_0129/20_X024_C058_0129_3.Json,1,전자제품,종이류,책자
/home/minsu/disk_c/trash_dataset/085.생활_폐기물_이미지/01.데이터/1.Training/라벨링데이터/전자제품/청소기/20_X021_C058_0129/20_X021_C058_0129_5.Json,1,전자제품,고철류,고철
/home/minsu/disk_c/trash_dataset/085.생활_폐기물_이미지/01.데이터/1.Training/라벨링데이터/전자제품/청소기/20_X021_C058_0129/20_X021_C058_0129_0.Json,1,전자제품,고철류,고철
/home/minsu/disk_c/trash_dataset/085.생활_폐기물_이미지/01.데이터/1.Training/라벨링데이터/전자제품/청소기/20_X021_C058_0129/20_X021_C058_0129_4.Json,1,전자제품,고철류,고철
/home/minsu/disk_c/trash_dataset/085.생활_폐기물_이미지/01.데이터/1.Training/라벨링데이터/전자제품/청소기/20_X021_C058_0129/20_X021_C058_0129_2.Json,1,전자제품,고철류,고철
/home/minsu/disk_c/trash_dataset/085.생활_폐기물_이미지/01.데이터/1.Training/라벨링데이터/전자제품/청소기/20_X021_C058_0129/20_X021_C058_0129_1.Json,1,전자제품,고철류,고철
/home/minsu/disk_c/trash_dataset/085.생활_폐기물_이미지/01.데이터/1.Training/라벨링데이터/전자제품/청소기/20_X008_C171_0203/20_X008_C171_0203_0.Json,1,전자제품,플라스틱류,밀폐용기
/home/minsu/disk_c/trash_dataset/085.생활_폐기물_이미지/01.데이터/1.Training/라벨링데이터/전자제품/청소기/20_X008_C171_0203/20_X008_C171_0203_3.Json,1,전자제품,플라스틱류,밀폐용기
/home/minsu/disk_c/trash_dataset/085.생활_폐기물_이미지/01.데이터/1.Training/라벨링데이터/전자제품/청소기/20_X008_C171_0203/20_X008_C171_0203_1.Json,1,전자제품,플라스틱류,밀폐용기
/home/minsu/disk_c/trash_dataset/085.생활_폐기물_이미지/01.데이터/1.Training/라벨링데이터/전자제품/청소기/20_X008_C171_0203/20_X008_C171_0203_4.Json,1,전자제품,플라스틱류,밀폐용기
/home/minsu/disk_c/trash_dataset/085.생활_폐기물_이미지/01.데이터/1.Training/라벨링데이터/전자제품/청소기/20_X008_C171_0203/20_X008_C171_0203_2.Json,1,전자제품,플라스틱류,밀폐용기
/home/minsu/disk_c/trash_dataset/085.생활_폐기물_이미지/01.데이터/1.Training/라벨링데이터/전자제품/청소기/20_X003_C171_0131/20_X003_C171_0131_4.Json,1,전자제품,종이류,상자류
/home/minsu/disk_c/trash_dataset/085.생활_폐기물_이미지/01.데이터/1.Training/라벨링데이터/전자제품/청소기/20_X003_C171_0131/20_X003_C171_0131_1.Json,1,전자제품,종이류,상자류
/home/minsu/disk_c/trash_dataset/085.생활_폐기물_이미지/01.데이터/1.Training/라벨링데이터/전자제품/청소기/20_X003_C171_0131/20_X003_C171_0131_3.Json,1,전자제품,종이류,상자류
/home/minsu/disk_c/trash_dataset/085.생활_폐기물_이미지/01.데이터/1.Training/라벨링데이터/전자제품/청소기/20_X003_C171_0131/20_X003_C171_0131_2.Json,1,전자제품,종이류,신문지
/home/minsu/disk_c/trash_dataset/085.생활_폐기물_이미지/01.데이터/1.Training/라벨링데이터/전자제품/청소기/20_X003_C171_0131/20_X003_C171_0131_0.Json,1,전자제품,종이류,상자류
/home/minsu/disk_c/trash_dataset/085.생활_폐기물_이미지/01.데이터/1.Training/라벨링데이터/전자제품/청소기/20_X012_C172_0217/20_X012_C172_0217_3.Json,1,전자제품,페트병류,페트병
/home/minsu/disk_c/trash_dataset/085.생활_폐기물_이미지/01.데이터/1.Training/라벨링데이터/전자제품/청소기/20_X012_C172_0217/20_X012_C172_0217_1.Json,1,전자제품,페트병류,페트병
/home/minsu/disk_c/trash_dataset/085.생활_폐기물_이미지/01.데이터/1.Training/라벨링데이터/전자제품/청소기/20_X012_C172_0217/20_X012_C172_0217_4.Json,1,전자제품,페트병류,페트병
/home/minsu/disk_c/trash_dataset/085.생활_폐기물_이미지/01.데이터/1.Training/라벨링데이터/전자제품/청소기/20_X012_C172_0217/20_X012_C172_0217_2.Json,1,전자제품,페트병류,페트병
/home/minsu/disk_c/trash_dataset/085.생활_폐기물_이미지/01.데이터/1.Training/라벨링데이터/전자제품/청소기/20_X012_C172_0217/20_X012_C172_0217_0.Json,1,전자제품,페트병류,페트병
/home/minsu/disk_c/trash_dataset/085.생활_폐기물_이미지/01.데이터/1.Training/라벨링데이터/전자제품/청소기/20_X064_C172_0201/20_X064_C172_0201_4.Json,1,전자제품,페트병류,페트병
/home/minsu/disk_c/trash_dataset/085.생활_폐기물_이미지/01.데이터/1.Training/라벨링데이터/전자제품/청소기/20_X064_C172_0201/20_X064_C172_0201_2.Json,1,전자제품,페트병류,페트병
/home/minsu/disk_c/trash_dataset/085.생활_폐기물_이미지/01.데이터/1.Training/라벨링데이터/전자제품/청소기/20_X064_C172_0201/20_X064_C172_0201_3.Json,1,전자제품,페트병류,페트병
/home/minsu/disk_c/trash_dataset/085.생활_폐기물_이미지/01.데이터/1.Training/라벨링데이터/전자제품/청소기/20_X064_C172_0201/20_X064_C172_0201_0.Json,1,전자제품,페트병류,페트병
/home/minsu/disk_c/trash_dataset/085.생활_폐기물_이미지/01.데이터/1.Training/라벨링데이터/전자제품/청소기/20_X064_C172_0201/20_X064_C172_0201_1.Json,1,전자제품,페트병류,페트병
/home/minsu/disk_c/trash_dataset/085.생활_폐기물_이미지/01.데이터/1.Training/라벨링데이터/전자제품/청소기/20_X008_C171_0128/20_X008_C171_0128_4.Json,1,전자제품,캔류,음료수캔
/home/minsu/disk_c/trash_dataset/085.생활_폐기물_이미지/01.데이터/1.Training/라벨링데이터/전자제품/청소기/20_X008_C171_0128/20_X008_C171_0128_0.Json,1,전자제품,캔류,음료수캔
/home/minsu/disk_c/trash_dataset/085.생활_폐기물_이미지/01.데이터/1.Training/라벨링데이터/전자제품/청소기/20_X008_C171_0128/20_X008_C171_0128_1.Json,1,전자제품,캔류,음료수캔
/home/minsu/disk_c/trash_dataset/085.생활_폐기물_이미지/01.데이터/1.Training/라벨링데이터/전자제품/청소기/20_X008_C171_0128/20_X008_C171_0128_3.Json,1,전자제품,캔류,음료수캔
/home/minsu/disk_c/trash_dataset/085.생활_폐기물_이미지/01.데이터/1.Training/라벨링데이터/전자제품/청소기/20_X008_C171_0128/20_X008_C171_0128_2.Json,1,전자제품,캔류,음료수캔
/home/minsu/disk_c/trash_dataset/085.생활_폐기물_이미지/01.데이터/1.Training/라벨링데이터/전자제품/이동전화단말기/20_X013_C171_0201/20_X013_C171_0201_1.Json,1,전자제품,페트병류,페트병
/home/minsu/disk_c/trash_dataset/085.생활_폐기물_이미지/01.데이터/1.Training/라벨링데이터/전자제품/이동전화단말기/20_X013_C171_0201/20_X013_C171_0201_2.Json,1,전자제품,페트병류,페트병
/home/minsu/disk_c/trash_dataset/085.생활_폐기물_이미지/01.데이터/1.Training/라벨링데이터/전자제품/이동전화단말기/20_X013_C171_0201/20_X013_C171_0201_0.Json,1,전자제품,페트병류,페트병
/home/minsu/disk_c/trash_dataset/085.생활_폐기물_이미지/01.데이터/1.Training/라벨링데이터/전자제품/이동전화단말기/20_X013_C171_0201/20_X013_C171_0201_3.Json,1,전자제품,페트병류,페트병
/home/minsu/disk_c/trash_dataset/085.생활_폐기물_이미지/01.데이터/1.Training/라벨링데이터/전자제품/이동전화단말기/20_X013_C171_0201/20_X013_C171_0201_4.Json,1,전자제품,페트병류,페트병
/home/minsu/disk_c/trash_dataset/085.생활_폐기물_이미지/01.데이터/1.Training/라벨링데이터/전자제품/이동전화단말기/20_X010_C015_0128/20_X010_C015_0128_4.Json,0,전자제품,유리병류,주방용기
/home/minsu/disk_c/trash_dataset/085.생활_폐기물_이미지/01.데이터/1.Training/라벨링데이터/전자제품/이동전화단말기/20_X010_C015_0128/20_X010_C015_0128_3.Json,0,전자제품,유리병류,주방용기
/home/minsu/disk_c/trash_dataset/085.생활_폐기물_이미지/01.데이터/1.Training/라벨링데이터/전자제품/이동전화단말기/20_X010_C015_0128/20_X010_C015_0128_0.Json,1,전자제품,유리병류,주방용기
/home/minsu/disk_c/trash_dataset/085.생활_폐기물_이미지/01.데이터/1.Training/라벨링데이터/전자제품/이동전화단말기/20_X010_C015_0128/20_X010_C015_0128_2.Json,0,전자제품,유리병류,주방용기
/home/minsu/disk_c/trash_dataset/085.생활_폐기물_이미지/01.데이터/1.Training/라벨링데이터/전자제품/이동전화단말기/20_X010_C015_0128/20_X010_C015_0128_1.Json,0,전자제품,유리병류,주방용기
/home/minsu/disk_c/trash_dataset/085.생활_폐기물_이미지/01.데이터/1.Training/라벨링데이터/전자제품/이동전화단말기/20_X027_C172_0207/20_X027_C172_0207_0.Json,1,전자제품,플라스틱류,밀폐용기
/home/minsu/disk_c/trash_dataset/085.생활_폐기물_이미지/01.데이터/1.Training/라벨링데이터/전자제품/이동전화단말기/20_X027_C172_0207/20_X027_C172_0207_4.Json,1,전자제품,플라스틱류,밀폐용기
/home/minsu/disk_c/trash_dataset/085.생활_폐기물_이미지/01.데이터/1.Training/라벨링데이터/전자제품/이동전화단말기/20_X027_C172_0207/20_X027_C172_0207_3.Json,1,전자제품,플라스틱류,밀폐용기
/home/minsu/disk_c/trash_dataset/085.생활_폐기물_이미지/01.데이터/1.Training/라벨링데이터/전자제품/이동전화단말기/20_X027_C172_0207/20_X027_C172_0207_2.Json,1,전자제품,플라스틱류,밀폐용기
/home/minsu/disk_c/trash_dataset/085.생활_폐기물_이미지/01.데이터/1.Training/라벨링데이터/전자제품/이동전화단말기/20_X027_C172_0207/20_X027_C172_0207_1.Json,1,전자제품,플라스틱류,밀폐용기
/home/minsu/disk_c/trash_dataset/085.생활_폐기물_이미지/01.데이터/1.Training/라벨링데이터/전자제품/이동전화단말기/20_X007_C045_0129/20_X007_C045_0129_3.Json,1,전자제품,유리병류,음료수병
/home/minsu/disk_c/trash_dataset/085.생활_폐기물_이미지/01.데이터/1.Training/라벨링데이터/전자제품/이동전화단말기/20_X007_C045_0129/20_X007_C045_0129_1.Json,1,전자제품,유리병류,음료수병
/home/minsu/disk_c/trash_dataset/085.생활_폐기물_이미지/01.데이터/1.Training/라벨링데이터/전자제품/이동전화단말기/20_X007_C045_0129/20_X007_C045_0129_2.Json,1,전자제품,유리병류,음료수병
/home/minsu/disk_c/trash_dataset/085.생활_폐기물_이미지/01.데이터/1.Training/라벨링데이터/전자제품/이동전화단말기/20_X007_C045_0129/20_X007_C045_0129_4.Json,1,전자제품,유리병류,음료수병
/home/minsu/disk_c/trash_dataset/085.생활_폐기물_이미지/01.데이터/1.Training/라벨링데이터/전자제품/이동전화단말기/20_X007_C045_0129/20_X007_C045_0129_0.Json,1,전자제품,유리병류,음료수병
/home/minsu/disk_c/trash_dataset/085.생활_폐기물_이미지/01.데이터/1.Training/라벨링데이터/전자제품/이동전화단말기/20_X026_C172_0207/20_X026_C172_0207_1.Json,1,전자제품,플라스틱류,밀폐용기
/home/minsu/disk_c/trash_dataset/085.생활_폐기물_이미지/01.데이터/1.Training/라벨링데이터/전자제품/이동전화단말기/20_X026_C172_0207/20_X026_C172_0207_0.Json,1,전자제품,플라스틱류,밀폐용기
/home/minsu/disk_c/trash_dataset/085.생활_폐기물_이미지/01.데이터/1.Training/라벨링데이터/전자제품/이동전화단말기/20_X026_C172_0207/20_X026_C172_0207_4.Json,1,전자제품,플라스틱류,밀폐용기
/home/minsu/disk_c/trash_dataset/085.생활_폐기물_이미지/01.데이터/1.Training/라벨링데이터/전자제품/이동전화단말기/20_X026_C172_0207/20_X026_C172_0207_3.Json,1,전자제품,플라스틱류,밀폐용기
/home/minsu/disk_c/trash_dataset/085.생활_폐기물_이미지/01.데이터/1.Training/라벨링데이터/전자제품/이동전화단말기/20_X026_C172_0207/20_X026_C172_0207_2.Json,1,전자제품,플라스틱류,밀폐용기
/home/minsu/disk_c/trash_dataset/085.생활_폐기물_이미지/01.데이터/1.Training/라벨링데이터/전자제품/이동전화단말기/20_X012_C015_0131/20_X012_C015_0131_2.Json,0,전자제품,종이류,책자
/home/minsu/disk_c/trash_dataset/085.생활_폐기물_이미지/01.데이터/1.Training/라벨링데이터/전자제품/이동전화단말기/20_X012_C015_0131/20_X012_C015_0131_3.Json,0,전자제품,종이류,책자
/home/minsu/disk_c/trash_dataset/085.생활_폐기물_이미지/01.데이터/1.Training/라벨링데이터/전자제품/이동전화단말기/20_X012_C015_0131/20_X012_C015_0131_1.Json,0,전자제품,종이류,책자
/home/minsu/disk_c/trash_dataset/085.생활_폐기물_이미지/01.데이터/1.Training/라벨링데이터/전자제품/이동전화단말기/20_X012_C015_0131/20_X012_C015_0131_0.Json,1,전자제품,종이류,책자
/home/minsu/disk_c/trash_dataset/085.생활_폐기물_이미지/01.데이터/1.Training/라벨링데이터/전자제품/이동전화단말기/20_X012_C015_0131/20_X012_C015_0131_4.Json,0,전자제품,종이류,책자
/home/minsu/disk_c/trash_dataset/085.생활_폐기물_이미지/01.데이터/1.Training/라벨링데이터/전자제품/이동전화단말기/20_X002_C171_0207/20_X002_C171_0207_3.Json,1,전자제품,플라스틱류,밀폐용기
/home/minsu/disk_c/trash_dataset/085.생활_폐기물_이미지/01.데이터/1.Training/라벨링데이터/전자제품/이동전화단말기/20_X002_C171_0207/20_X002_C171_0207_1.Json,1,전자제품,페트병류,페트병
/home/minsu/disk_c/trash_dataset/085.생활_폐기물_이미지/01.데이터/1.Training/라벨링데이터/전자제품/이동전화단말기/20_X002_C171_0207/20_X002_C171_0207_2.Json,1,전자제품,플라스틱류,밀폐용기
/home/minsu/disk_c/trash_dataset/085.생활_폐기물_이미지/01.데이터/1.Training/라벨링데이터/전자제품/이동전화단말기/20_X002_C171_0207/20_X002_C171_0207_0.Json,1,전자제품,플라스틱류,밀폐용기
/home/minsu/disk_c/trash_dataset/085.생활_폐기물_이미지/01.데이터/1.Training/라벨링데이터/전자제품/이동전화단말기/20_X002_C171_0207/20_X002_C171_0207_4.Json,1,전자제품,플라스틱류,밀폐용기
/home/minsu/disk_c/trash_dataset/085.생활_폐기물_이미지/01.데이터/1.Training/라벨링데이터/전자제품/이동전화단말기/20_X008_C015_0128/20_X008_C015_0128_0.Json,1,전자제품,플라스틱류,밀폐용기
/home/minsu/disk_c/trash_dataset/085.생활_폐기물_이미지/01.데이터/1.Training/라벨링데이터/전자제품/이동전화단말기/20_X008_C015_0128/20_X008_C015_0128_4.Json,1,전자제품,플라스틱류,밀폐용기
/home/minsu/disk_c/trash_dataset/085.생활_폐기물_이미지/01.데이터/1.Training/라벨링데이터/전자제품/이동전화단말기/20_X008_C015_0128/20_X008_C015_0128_3.Json,1,전자제품,플라스틱류,밀폐용기
/home/minsu/disk_c/trash_dataset/085.생활_폐기물_이미지/01.데이터/1.Training/라벨링데이터/전자제품/이동전화단말기/20_X008_C015_0128/20_X008_C015_0128_1.Json,1,전자제품,플라스틱류,밀폐용기
/home/minsu/disk_c/trash_dataset/085.생활_폐기물_이미지/01.데이터/1.Training/라벨링데이터/전자제품/이동전화단말기/20_X008_C015_0128/20_X008_C015_0128_2.Json,1,전자제품,플라스틱류,밀폐용기
/home/minsu/disk_c/trash_dataset/085.생활_폐기물_이미지/01.데이터/1.Training/라벨링데이터/전자제품/이동전화단말기/20_X006_C015_0131/20_X006_C015_0131_1.Json,0,전자제품,종이류,책자
/home/minsu/disk_c/trash_dataset/085.생활_폐기물_이미지/01.데이터/1.Training/라벨링데이터/전자제품/이동전화단말기/20_X006_C015_0131/20_X006_C015_0131_0.Json,1,전자제품,종이류,책자
/home/minsu/disk_c/trash_dataset/085.생활_폐기물_이미지/01.데이터/1.Training/라벨링데이터/전자제품/이동전화단말기/20_X006_C015_0131/20_X006_C015_0131_4.Json,0,전자제품,종이류,책자
/home/minsu/disk_c/trash_dataset/085.생활_폐기물_이미지/01.데이터/1.Training/라벨링데이터/전자제품/이동전화단말기/20_X006_C015_0131/20_X006_C015_0131_2.Json,0,전자제품,종이류,책자
/home/minsu/disk_c/trash_dataset/085.생활_폐기물_이미지/01.데이터/1.Training/라벨링데이터/전자제품/이동전화단말기/20_X006_C015_0131/20_X006_C015_0131_3.Json,1,전자제품,종이류,책자
/home/minsu/disk_c/trash_dataset/085.생활_폐기물_이미지/01.데이터/1.Training/라벨링데이터/전자제품/이동전화단말기/20_X025_C172_0207/20_X025_C172_0207_0.Json,1,전자제품,플라스틱류,밀폐용기
/home/minsu/disk_c/trash_dataset/085.생활_폐기물_이미지/01.데이터/1.Training/라벨링데이터/전자제품/이동전화단말기/20_X025_C172_0207/20_X025_C172_0207_3.Json,1,전자제품,플라스틱류,밀폐용기
/home/minsu/disk_c/trash_dataset/085.생활_폐기물_이미지/01.데이터/1.Training/라벨링데이터/전자제품/이동전화단말기/20_X025_C172_0207/20_X025_C172_0207_1.Json,0,전자제품,플라스틱류,밀폐용기
/home/minsu/disk_c/trash_dataset/085.생활_폐기물_이미지/01.데이터/1.Training/라벨링데이터/전자제품/이동전화단말기/20_X025_C172_0207/20_X025_C172_0207_2.Json,1,전자제품,플라스틱류,밀폐용기
/home/minsu/disk_c/trash_dataset/085.생활_폐기물_이미지/01.데이터/1.Training/라벨링데이터/전자제품/이동전화단말기/20_X025_C172_0207/20_X025_C172_0207_4.Json,1,전자제품,플라스틱류,밀폐용기
/home/minsu/disk_c/trash_dataset/085.생활_폐기물_이미지/01.데이터/1.Training/라벨링데이터/전자제품/이동전화단말기/20_X010_C015_0131/20_X010_C015_0131_1.Json,0,전자제품,종이류,책자
/home/minsu/disk_c/trash_dataset/085.생활_폐기물_이미지/01.데이터/1.Training/라벨링데이터/전자제품/이동전화단말기/20_X010_C015_0131/20_X010_C015_0131_3.Json,0,전자제품,종이류,책자
/home/minsu/disk_c/trash_dataset/085.생활_폐기물_이미지/01.데이터/1.Training/라벨링데이터/전자제품/이동전화단말기/20_X010_C015_0131/20_X010_C015_0131_0.Json,1,전자제품,종이류,책자
/home/minsu/disk_c/trash_dataset/085.생활_폐기물_이미지/01.데이터/1.Training/라벨링데이터/전자제품/이동전화단말기/20_X010_C015_0131/20_X010_C015_0131_2.Json,0,전자제품,종이류,책자
/home/minsu/disk_c/trash_dataset/085.생활_폐기물_이미지/01.데이터/1.Training/라벨링데이터/전자제품/이동전화단말기/20_X010_C015_0131/20_X010_C015_0131_4.Json,0,전자제품,종이류,책자
/home/minsu/disk_c/trash_dataset/085.생활_폐기물_이미지/01.데이터/1.Training/라벨링데이터/전자제품/이동전화단말기/20_X008_C058_0128/20_X008_C058_0128_2.Json,1,전자제품,도기류,그릇류
/home/minsu/disk_c/trash_dataset/085.생활_폐기물_이미지/01.데이터/1.Training/라벨링데이터/전자제품/이동전화단말기/20_X008_C058_0128/20_X008_C058_0128_4.Json,1,전자제품,도기류,그릇류
/home/minsu/disk_c/trash_dataset/085.생활_폐기물_이미지/01.데이터/1.Training/라벨링데이터/전자제품/이동전화단말기/20_X008_C058_0128/20_X008_C058_0128_0.Json,1,전자제품,도기류,그릇류
/home/minsu/disk_c/trash_dataset/085.생활_폐기물_이미지/01.데이터/1.Training/라벨링데이터/전자제품/이동전화단말기/20_X008_C058_0128/20_X008_C058_0128_3.Json,1,전자제품,도기류,그릇류
/home/minsu/disk_c/trash_dataset/085.생활_폐기물_이미지/01.데이터/1.Training/라벨링데이터/전자제품/이동전화단말기/20_X008_C058_0128/20_X008_C058_0128_1.Json,1,전자제품,도기류,그릇류
/home/minsu/disk_c/trash_dataset/085.생활_폐기물_이미지/01.데이터/1.Training/라벨링데이터/전자제품/이동전화단말기/20_X011_C058_0131/20_X011_C058_0131_0.Json,1,전자제품,종이류,포장상자
/home/minsu/disk_c/trash_dataset/085.생활_폐기물_이미지/01.데이터/1.Training/라벨링데이터/전자제품/이동전화단말기/20_X011_C058_0131/20_X011_C058_0131_1.Json,1,전자제품,종이류,포장상자
/home/minsu/disk_c/trash_dataset/085.생활_폐기물_이미지/01.데이터/1.Training/라벨링데이터/전자제품/이동전화단말기/20_X011_C058_0131/20_X011_C058_0131_2.Json,1,전자제품,종이류,포장상자
/home/minsu/disk_c/trash_dataset/085.생활_폐기물_이미지/01.데이터/1.Training/라벨링데이터/전자제품/이동전화단말기/20_X011_C058_0131/20_X011_C058_0131_3.Json,1,전자제품,종이류,포장상자
/home/minsu/disk_c/trash_dataset/085.생활_폐기물_이미지/01.데이터/1.Training/라벨링데이터/전자제품/이동전화단말기/20_X011_C058_0131/20_X011_C058_0131_4.Json,1,전자제품,종이류,포장상자
/home/minsu/disk_c/trash_dataset/085.생활_폐기물_이미지/01.데이터/1.Training/라벨링데이터/전자제품/이동전화단말기/20_X036_C014_0127/20_X036_C014_0127_0.Json,1,전자제품,나무류,도마
/home/minsu/disk_c/trash_dataset/085.생활_폐기물_이미지/01.데이터/1.Training/라벨링데이터/전자제품/이동전화단말기/20_X036_C014_0127/20_X036_C014_0127_4.Json,1,전자제품,나무류,도마
/home/minsu/disk_c/trash_dataset/085.생활_폐기물_이미지/01.데이터/1.Training/라벨링데이터/전자제품/이동전화단말기/20_X036_C014_0127/20_X036_C014_0127_1.Json,1,전자제품,나무류,도마
/home/minsu/disk_c/trash_dataset/085.생활_폐기물_이미지/01.데이터/1.Training/라벨링데이터/전자제품/이동전화단말기/20_X036_C014_0127/20_X036_C014_0127_3.Json,1,전자제품,나무류,도마
/home/minsu/disk_c/trash_dataset/085.생활_폐기물_이미지/01.데이터/1.Training/라벨링데이터/전자제품/이동전화단말기/20_X036_C014_0127/20_X036_C014_0127_2.Json,1,전자제품,나무류,도마
/home/minsu/disk_c/trash_dataset/085.생활_폐기물_이미지/01.데이터/1.Training/라벨링데이터/전자제품/이동전화단말기/20_X028_C058_0128/20_X028_C058_0128_3.Json,0,전자제품,도기류,그릇류
/home/minsu/disk_c/trash_dataset/085.생활_폐기물_이미지/01.데이터/1.Training/라벨링데이터/전자제품/이동전화단말기/20_X028_C058_0128/20_X028_C058_0128_4.Json,0,전자제품,도기류,그릇류
/home/minsu/disk_c/trash_dataset/085.생활_폐기물_이미지/01.데이터/1.Training/라벨링데이터/전자제품/이동전화단말기/20_X028_C058_0128/20_X028_C058_0128_2.Json,0,전자제품,도기류,그릇류
/home/minsu/disk_c/trash_dataset/085.생활_폐기물_이미지/01.데이터/1.Training/라벨링데이터/전자제품/이동전화단말기/20_X028_C058_0128/20_X028_C058_0128_1.Json,0,전자제품,도기류,그릇류
/home/minsu/disk_c/trash_dataset/085.생활_폐기물_이미지/01.데이터/1.Training/라벨링데이터/전자제품/이동전화단말기/20_X028_C058_0128/20_X028_C058_0128_0.Json,1,전자제품,도기류,그릇류
/home/minsu/disk_c/trash_dataset/085.생활_폐기물_이미지/01.데이터/1.Training/라벨링데이터/전자제품/이동전화단말기/20_X007_C045_0201/20_X007_C045_0201_3.Json,1,전자제품,스티로폼류,네모트레이
/home/minsu/disk_c/trash_dataset/085.생활_폐기물_이미지/01.데이터/1.Training/라벨링데이터/전자제품/이동전화단말기/20_X007_C045_0201/20_X007_C045_0201_2.Json,1,전자제품,스티로폼류,네모트레이
/home/minsu/disk_c/trash_dataset/085.생활_폐기물_이미지/01.데이터/1.Training/라벨링데이터/전자제품/이동전화단말기/20_X007_C045_0201/20_X007_C045_0201_5.Json,1,전자제품,스티로폼류,네모트레이
/home/minsu/disk_c/trash_dataset/085.생활_폐기물_이미지/01.데이터/1.Training/라벨링데이터/전자제품/이동전화단말기/20_X007_C045_0201/20_X007_C045_0201_1.Json,1,전자제품,스티로폼류,네모트레이
/home/minsu/disk_c/trash_dataset/085.생활_폐기물_이미지/01.데이터/1.Training/라벨링데이터/전자제품/이동전화단말기/20_X007_C045_0201/20_X007_C045_0201_4.Json,1,전자제품,스티로폼류,네모트레이
/home/minsu/disk_c/trash_dataset/085.생활_폐기물_이미지/01.데이터/1.Training/라벨링데이터/전자제품/이동전화단말기/20_X002_C015_0131/20_X002_C015_0131_4.Json,0,전자제품,플라스틱류,밀폐용기
/home/minsu/disk_c/trash_dataset/085.생활_폐기물_이미지/01.데이터/1.Training/라벨링데이터/전자제품/이동전화단말기/20_X002_C015_0131/20_X002_C015_0131_3.Json,0,전자제품,플라스틱류,밀폐용기
/home/minsu/disk_c/trash_dataset/085.생활_폐기물_이미지/01.데이터/1.Training/라벨링데이터/전자제품/이동전화단말기/20_X002_C015_0131/20_X002_C015_0131_2.Json,0,전자제품,플라스틱류,밀폐용기
/home/minsu/disk_c/trash_dataset/085.생활_폐기물_이미지/01.데이터/1.Training/라벨링데이터/전자제품/이동전화단말기/20_X002_C015_0131/20_X002_C015_0131_0.Json,1,전자제품,플라스틱류,밀폐용기
/home/minsu/disk_c/trash_dataset/085.생활_폐기물_이미지/01.데이터/1.Training/라벨링데이터/전자제품/이동전화단말기/20_X002_C015_0131/20_X002_C015_0131_1.Json,0,전자제품,플라스틱류,밀폐용기
/home/minsu/disk_c/trash_dataset/085.생활_폐기물_이미지/01.데이터/1.Training/라벨링데이터/전자제품/이동전화단말기/20_X009_C045_0201/20_X009_C045_0201_1.Json,1,전자제품,스티로폼류,보호재
/home/minsu/disk_c/trash_dataset/085.생활_폐기물_이미지/01.데이터/1.Training/라벨링데이터/전자제품/이동전화단말기/20_X009_C045_0201/20_X009_C045_0201_2.Json,1,전자제품,스티로폼류,보호재
/home/minsu/disk_c/trash_dataset/085.생활_폐기물_이미지/01.데이터/1.Training/라벨링데이터/전자제품/이동전화단말기/20_X009_C045_0201/20_X009_C045_0201_3.Json,1,전자제품,스티로폼류,보호재
/home/minsu/disk_c/trash_dataset/085.생활_폐기물_이미지/01.데이터/1.Training/라벨링데이터/전자제품/이동전화단말기/20_X009_C045_0201/20_X009_C045_0201_4.Json,1,전자제품,스티로폼류,보호재
/home/minsu/disk_c/trash_dataset/085.생활_폐기물_이미지/01.데이터/1.Training/라벨링데이터/전자제품/이동전화단말기/20_X009_C045_0201/20_X009_C045_0201_0.Json,1,전자제품,스티로폼류,보호재
/home/minsu/disk_c/trash_dataset/085.생활_폐기물_이미지/01.데이터/1.Training/라벨링데이터/전자제품/이동전화단말기/20_X006_C058_0131/20_X006_C058_0131_1.Json,1,전자제품,종이류,포장상자
/home/minsu/disk_c/trash_dataset/085.생활_폐기물_이미지/01.데이터/1.Training/라벨링데이터/전자제품/이동전화단말기/20_X006_C058_0131/20_X006_C058_0131_4.Json,1,전자제품,종이류,포장상자
/home/minsu/disk_c/trash_dataset/085.생활_폐기물_이미지/01.데이터/1.Training/라벨링데이터/전자제품/이동전화단말기/20_X006_C058_0131/20_X006_C058_0131_3.Json,1,전자제품,종이류,포장상자
/home/minsu/disk_c/trash_dataset/085.생활_폐기물_이미지/01.데이터/1.Training/라벨링데이터/전자제품/이동전화단말기/20_X006_C058_0131/20_X006_C058_0131_2.Json,1,전자제품,종이류,포장상자
/home/minsu/disk_c/trash_dataset/085.생활_폐기물_이미지/01.데이터/1.Training/라벨링데이터/전자제품/이동전화단말기/20_X006_C058_0131/20_X006_C058_0131_0.Json,1,전자제품,종이류,포장상자
/home/minsu/disk_c/trash_dataset/085.생활_폐기물_이미지/01.데이터/1.Training/라벨링데이터/전자제품/이동전화단말기/20_X009_C058_0131/20_X009_C058_0131_4.Json,1,전자제품,종이류,포장상자
/home/minsu/disk_c/trash_dataset/085.생활_폐기물_이미지/01.데이터/1.Training/라벨링데이터/전자제품/이동전화단말기/20_X009_C058_0131/20_X009_C058_0131_0.Json,1,전자제품,종이류,포장상자
/home/minsu/disk_c/trash_dataset/085.생활_폐기물_이미지/01.데이터/1.Training/라벨링데이터/전자제품/이동전화단말기/20_X009_C058_0131/20_X009_C058_0131_3.Json,1,전자제품,종이류,포장상자
/home/minsu/disk_c/trash_dataset/085.생활_폐기물_이미지/01.데이터/1.Training/라벨링데이터/전자제품/이동전화단말기/20_X009_C058_0131/20_X009_C058_0131_1.Json,1,전자제품,종이류,포장상자
/home/minsu/disk_c/trash_dataset/085.생활_폐기물_이미지/01.데이터/1.Training/라벨링데이터/전자제품/이동전화단말기/20_X009_C058_0131/20_X009_C058_0131_2.Json,1,전자제품,종이류,포장상자
/home/minsu/disk_c/trash_dataset/085.생활_폐기물_이미지/01.데이터/1.Training/라벨링데이터/전자제품/이동전화단말기/20_X014_C015_0131/20_X014_C015_0131_4.Json,1,전자제품,종이류,책자
/home/minsu/disk_c/trash_dataset/085.생활_폐기물_이미지/01.데이터/1.Training/라벨링데이터/전자제품/이동전화단말기/20_X014_C015_0131/20_X014_C015_0131_1.Json,1,전자제품,종이류,책자
/home/minsu/disk_c/trash_dataset/085.생활_폐기물_이미지/01.데이터/1.Training/라벨링데이터/전자제품/이동전화단말기/20_X014_C015_0131/20_X014_C015_0131_0.Json,1,전자제품,종이류,책자
/home/minsu/disk_c/trash_dataset/085.생활_폐기물_이미지/01.데이터/1.Training/라벨링데이터/전자제품/이동전화단말기/20_X014_C015_0131/20_X014_C015_0131_2.Json,1,전자제품,종이류,책자
/home/minsu/disk_c/trash_dataset/085.생활_폐기물_이미지/01.데이터/1.Training/라벨링데이터/전자제품/이동전화단말기/20_X014_C015_0131/20_X014_C015_0131_3.Json,1,전자제품,종이류,책자
/home/minsu/disk_c/trash_dataset/085.생활_폐기물_이미지/01.데이터/1.Training/라벨링데이터/전자제품/이동전화단말기/20_X020_C058_0128/20_X020_C058_0128_2.Json,1,전자제품,고철류,고철
/home/minsu/disk_c/trash_dataset/085.생활_폐기물_이미지/01.데이터/1.Training/라벨링데이터/전자제품/이동전화단말기/20_X020_C058_0128/20_X020_C058_0128_6.Json,1,전자제품,고철류,고철
/home/minsu/disk_c/trash_dataset/085.생활_폐기물_이미지/01.데이터/1.Training/라벨링데이터/전자제품/이동전화단말기/20_X020_C058_0128/20_X020_C058_0128_5.Json,1,전자제품,고철류,고철
/home/minsu/disk_c/trash_dataset/085.생활_폐기물_이미지/01.데이터/1.Training/라벨링데이터/전자제품/이동전화단말기/20_X020_C058_0128/20_X020_C058_0128_4.Json,1,전자제품,고철류,고철
/home/minsu/disk_c/trash_dataset/085.생활_폐기물_이미지/01.데이터/1.Training/라벨링데이터/전자제품/이동전화단말기/20_X020_C058_0128/20_X020_C058_0128_3.Json,1,전자제품,고철류,고철
/home/minsu/disk_c/trash_dataset/085.생활_폐기물_이미지/01.데이터/1.Training/라벨링데이터/전자제품/이동전화단말기/20_X034_C014_0127/20_X034_C014_0127_4.Json,1,전자제품,나무류,도마
/home/minsu/disk_c/trash_dataset/085.생활_폐기물_이미지/01.데이터/1.Training/라벨링데이터/전자제품/이동전화단말기/20_X034_C014_0127/20_X034_C014_0127_0.Json,1,전자제품,나무류,도마
/home/minsu/disk_c/trash_dataset/085.생활_폐기물_이미지/01.데이터/1.Training/라벨링데이터/전자제품/이동전화단말기/20_X034_C014_0127/20_X034_C014_0127_3.Json,1,전자제품,나무류,도마
/home/minsu/disk_c/trash_dataset/085.생활_폐기물_이미지/01.데이터/1.Training/라벨링데이터/전자제품/이동전화단말기/20_X034_C014_0127/20_X034_C014_0127_1.Json,1,전자제품,나무류,도마
/home/minsu/disk_c/trash_dataset/085.생활_폐기물_이미지/01.데이터/1.Training/라벨링데이터/전자제품/이동전화단말기/20_X034_C014_0127/20_X034_C014_0127_2.Json,1,전자제품,나무류,도마
/home/minsu/disk_c/trash_dataset/085.생활_폐기물_이미지/01.데이터/1.Training/라벨링데이터/전자제품/전기오븐/20_X025_C045_0201/20_X025_C045_0201_4.Json,1,전자제품,나무류,장식품
/home/minsu/disk_c/trash_dataset/085.생활_폐기물_이미지/01.데이터/1.Training/라벨링데이터/전자제품/전기오븐/20_X025_C045_0201/20_X025_C045_0201_3.Json,1,전자제품,나무류,장식품
/home/minsu/disk_c/trash_dataset/085.생활_폐기물_이미지/01.데이터/1.Training/라벨링데이터/전자제품/전기오븐/20_X025_C045_0201/20_X025_C045_0201_1.Json,1,전자제품,나무류,장식품
/home/minsu/disk_c/trash_dataset/085.생활_폐기물_이미지/01.데이터/1.Training/라벨링데이터/전자제품/전기오븐/20_X025_C045_0201/20_X025_C045_0201_0.Json,1,전자제품,나무류,장식품
/home/minsu/disk_c/trash_dataset/085.생활_폐기물_이미지/01.데이터/1.Training/라벨링데이터/전자제품/전기오븐/20_X025_C045_0201/20_X025_C045_0201_2.Json,1,전자제품,나무류,장식품
/home/minsu/disk_c/trash_dataset/085.생활_폐기물_이미지/01.데이터/1.Training/라벨링데이터/전자제품/전기오븐/20_X026_C171_0130/20_X026_C171_0130_1.Json,1,전자제품,종이류,책자
/home/minsu/disk_c/trash_dataset/085.생활_폐기물_이미지/01.데이터/1.Training/라벨링데이터/전자제품/전기오븐/20_X026_C171_0130/20_X026_C171_0130_2.Json,1,전자제품,종이류,책자
/home/minsu/disk_c/trash_dataset/085.생활_폐기물_이미지/01.데이터/1.Training/라벨링데이터/전자제품/전기오븐/20_X026_C171_0130/20_X026_C171_0130_4.Json,1,전자제품,종이류,책자
/home/minsu/disk_c/trash_dataset/085.생활_폐기물_이미지/01.데이터/1.Training/라벨링데이터/전자제품/전기오븐/20_X026_C171_0130/20_X026_C171_0130_0.Json,1,전자제품,종이류,책자
/home/minsu/disk_c/trash_dataset/085.생활_폐기물_이미지/01.데이터/1.Training/라벨링데이터/전자제품/전기오븐/20_X026_C171_0130/20_X026_C171_0130_3.Json,1,전자제품,종이류,책자
/home/minsu/disk_c/trash_dataset/085.생활_폐기물_이미지/01.데이터/1.Training/라벨링데이터/전자제품/전기오븐/20_X015_C045_0129/20_X015_C045_0129_4.Json,1,전자제품,페트병류,페트병
/home/minsu/disk_c/trash_dataset/085.생활_폐기물_이미지/01.데이터/1.Training/라벨링데이터/전자제품/전기오븐/20_X015_C045_0129/20_X015_C045_0129_1.Json,1,전자제품,페트병류,페트병
/home/minsu/disk_c/trash_dataset/085.생활_폐기물_이미지/01.데이터/1.Training/라벨링데이터/전자제품/전기오븐/20_X015_C045_0129/20_X015_C045_0129_0.Json,1,전자제품,페트병류,페트병
/home/minsu/disk_c/trash_dataset/085.생활_폐기물_이미지/01.데이터/1.Training/라벨링데이터/전자제품/전기오븐/20_X015_C045_0129/20_X015_C045_0129_3.Json,1,전자제품,페트병류,페트병
/home/minsu/disk_c/trash_dataset/085.생활_폐기물_이미지/01.데이터/1.Training/라벨링데이터/전자제품/전기오븐/20_X015_C045_0129/20_X015_C045_0129_2.Json,1,전자제품,페트병류,페트병
/home/minsu/disk_c/trash_dataset/085.생활_폐기물_이미지/01.데이터/1.Training/라벨링데이터/전자제품/전기오븐/20_X001_C058_0127/20_X001_C058_0127_1.Json,0,전자제품,종이류,책자
/home/minsu/disk_c/trash_dataset/085.생활_폐기물_이미지/01.데이터/1.Training/라벨링데이터/전자제품/전기오븐/20_X001_C058_0127/20_X001_C058_0127_2.Json,0,전자제품,종이류,책자
/home/minsu/disk_c/trash_dataset/085.생활_폐기물_이미지/01.데이터/1.Training/라벨링데이터/전자제품/전기오븐/20_X001_C058_0127/20_X001_C058_0127_0.Json,1,전자제품,종이류,책자
/home/minsu/disk_c/trash_dataset/085.생활_폐기물_이미지/01.데이터/1.Training/라벨링데이터/전자제품/전기오븐/20_X001_C058_0127/20_X001_C058_0127_4.Json,1,전자제품,종이류,책자
/home/minsu/disk_c/trash_dataset/085.생활_폐기물_이미지/01.데이터/1.Training/라벨링데이터/전자제품/전기오븐/20_X001_C058_0127/20_X001_C058_0127_3.Json,1,전자제품,종이류,책자
/home/minsu/disk_c/trash_dataset/085.생활_폐기물_이미지/01.데이터/1.Training/라벨링데이터/전자제품/전기오븐/20_X011_C172_0208/20_X011_C172_0208_3.Json,1,전자제품,고철류,고철
/home/minsu/disk_c/trash_dataset/085.생활_폐기물_이미지/01.데이터/1.Training/라벨링데이터/전자제품/전기오븐/20_X011_C172_0208/20_X011_C172_0208_4.Json,1,전자제품,고철류,고철
/home/minsu/disk_c/trash_dataset/085.생활_폐기물_이미지/01.데이터/1.Training/라벨링데이터/전자제품/전기오븐/20_X011_C172_0208/20_X011_C172_0208_2.Json,1,전자제품,고철류,고철
/home/minsu/disk_c/trash_dataset/085.생활_폐기물_이미지/01.데이터/1.Training/라벨링데이터/전자제품/전기오븐/20_X011_C172_0208/20_X011_C172_0208_1.Json,1,전자제품,고철류,고철
/home/minsu/disk_c/trash_dataset/085.생활_폐기물_이미지/01.데이터/1.Training/라벨링데이터/전자제품/전기오븐/20_X011_C172_0208/20_X011_C172_0208_0.Json,1,전자제품,고철류,고철
/home/minsu/disk_c/trash_dataset/085.생활_폐기물_이미지/01.데이터/1.Training/라벨링데이터/전자제품/전기오븐/20_X007_C171_0201/20_X007_C171_0201_3.Json,1,전자제품,플라스틱류,장남감
/home/minsu/disk_c/trash_dataset/085.생활_폐기물_이미지/01.데이터/1.Training/라벨링데이터/전자제품/전기오븐/20_X007_C171_0201/20_X007_C171_0201_1.Json,1,전자제품,플라스틱류,장남감
/home/minsu/disk_c/trash_dataset/085.생활_폐기물_이미지/01.데이터/1.Training/라벨링데이터/전자제품/전기오븐/20_X007_C171_0201/20_X007_C171_0201_4.Json,1,전자제품,플라스틱류,장남감
/home/minsu/disk_c/trash_dataset/085.생활_폐기물_이미지/01.데이터/1.Training/라벨링데이터/전자제품/전기오븐/20_X007_C171_0201/20_X007_C171_0201_0.Json,1,전자제품,플라스틱류,장남감
/home/minsu/disk_c/trash_dataset/085.생활_폐기물_이미지/01.데이터/1.Training/라벨링데이터/전자제품/전기오븐/20_X007_C171_0201/20_X007_C171_0201_2.Json,1,전자제품,플라스틱류,장남감
/home/minsu/disk_c/trash_dataset/085.생활_폐기물_이미지/01.데이터/1.Training/라벨링데이터/전자제품/전자레인지/20_X005_C172_0201/20_X005_C172_0201_4.Json,1,전자제품,유리병류,음료수병
/home/minsu/disk_c/trash_dataset/085.생활_폐기물_이미지/01.데이터/1.Training/라벨링데이터/전자제품/전자레인지/20_X005_C172_0201/20_X005_C172_0201_2.Json,1,전자제품,유리병류,음료수병
/home/minsu/disk_c/trash_dataset/085.생활_폐기물_이미지/01.데이터/1.Training/라벨링데이터/전자제품/전자레인지/20_X005_C172_0201/20_X005_C172_0201_1.Json,1,전자제품,유리병류,음료수병
/home/minsu/disk_c/trash_dataset/085.생활_폐기물_이미지/01.데이터/1.Training/라벨링데이터/전자제품/전자레인지/20_X005_C172_0201/20_X005_C172_0201_0.Json,1,전자제품,유리병류,음료수병
/home/minsu/disk_c/trash_dataset/085.생활_폐기물_이미지/01.데이터/1.Training/라벨링데이터/전자제품/전자레인지/20_X005_C172_0201/20_X005_C172_0201_3.Json,1,전자제품,유리병류,음료수병
/home/minsu/disk_c/trash_dataset/085.생활_폐기물_이미지/01.데이터/1.Training/라벨링데이터/전자제품/식기건조기/20_X019_C171_0127/20_X019_C171_0127_2.Json,1,전자제품,캔류,음료수캔
/home/minsu/disk_c/trash_dataset/085.생활_폐기물_이미지/01.데이터/1.Training/라벨링데이터/전자제품/식기건조기/20_X019_C171_0127/20_X019_C171_0127_4.Json,1,전자제품,캔류,음료수캔
/home/minsu/disk_c/trash_dataset/085.생활_폐기물_이미지/01.데이터/1.Training/라벨링데이터/전자제품/식기건조기/20_X019_C171_0127/20_X019_C171_0127_1.Json,1,전자제품,캔류,음료수캔
/home/minsu/disk_c/trash_dataset/085.생활_폐기물_이미지/01.데이터/1.Training/라벨링데이터/전자제품/식기건조기/20_X019_C171_0127/20_X019_C171_0127_3.Json,1,전자제품,캔류,음료수캔
/home/minsu/disk_c/trash_dataset/085.생활_폐기물_이미지/01.데이터/1.Training/라벨링데이터/전자제품/식기건조기/20_X019_C171_0127/20_X019_C171_0127_0.Json,1,전자제품,캔류,음료수캔
/home/minsu/disk_c/trash_dataset/085.생활_폐기물_이미지/01.데이터/1.Training/라벨링데이터/전자제품/기타/20_X015_C211_0108/20_X015_C211_0108_4.Json,1,전자제품,의류,기타의류
/home/minsu/disk_c/trash_dataset/085.생활_폐기물_이미지/01.데이터/1.Training/라벨링데이터/전자제품/기타/20_X015_C211_0108/20_X015_C211_0108_3.Json,1,전자제품,의류,기타의류
/home/minsu/disk_c/trash_dataset/085.생활_폐기물_이미지/01.데이터/1.Training/라벨링데이터/전자제품/기타/20_X015_C211_0108/20_X015_C211_0108_2.Json,1,전자제품,의류,기타의류
/home/minsu/disk_c/trash_dataset/085.생활_폐기물_이미지/01.데이터/1.Training/라벨링데이터/전자제품/기타/20_X015_C211_0108/20_X015_C211_0108_1.Json,1,전자제품,의류,기타의류
/home/minsu/disk_c/trash_dataset/085.생활_폐기물_이미지/01.데이터/1.Training/라벨링데이터/전자제품/기타/20_X015_C211_0108/20_X015_C211_0108_0.Json,1,전자제품,의류,기타의류
/home/minsu/disk_c/trash_dataset/085.생활_폐기물_이미지/01.데이터/1.Training/라벨링데이터/전자제품/기타/20_X005_C058_0127/20_X005_C058_0127_4.Json,0,전자제품,종이류,기타
/home/minsu/disk_c/trash_dataset/085.생활_폐기물_이미지/01.데이터/1.Training/라벨링데이터/전자제품/기타/20_X005_C058_0127/20_X005_C058_0127_2.Json,1,전자제품,종이류,기타
/home/minsu/disk_c/trash_dataset/085.생활_폐기물_이미지/01.데이터/1.Training/라벨링데이터/전자제품/기타/20_X005_C058_0127/20_X005_C058_0127_1.Json,1,전자제품,종이류,기타
/home/minsu/disk_c/trash_dataset/085.생활_폐기물_이미지/01.데이터/1.Training/라벨링데이터/전자제품/기타/20_X005_C058_0127/20_X005_C058_0127_0.Json,1,전자제품,종이류,기타
/home/minsu/disk_c/trash_dataset/085.생활_폐기물_이미지/01.데이터/1.Training/라벨링데이터/전자제품/기타/20_X005_C058_0127/20_X005_C058_0127_3.Json,0,전자제품,종이류,기타
/home/minsu/disk_c/trash_dataset/085.생활_폐기물_이미지/01.데이터/1.Training/라벨링데이터/전자제품/기타/20_X043_C058_0128/20_X043_C058_0128_6.Json,0,전자제품,종이류,기타
/home/minsu/disk_c/trash_dataset/085.생활_폐기물_이미지/01.데이터/1.Training/라벨링데이터/전자제품/기타/20_X043_C058_0128/20_X043_C058_0128_2.Json,0,전자제품,종이류,기타
/home/minsu/disk_c/trash_dataset/085.생활_폐기물_이미지/01.데이터/1.Training/라벨링데이터/전자제품/기타/20_X043_C058_0128/20_X043_C058_0128_5.Json,0,전자제품,종이류,기타
/home/minsu/disk_c/trash_dataset/085.생활_폐기물_이미지/01.데이터/1.Training/라벨링데이터/전자제품/기타/20_X043_C058_0128/20_X043_C058_0128_4.Json,0,전자제품,종이류,신문지
/home/minsu/disk_c/trash_dataset/085.생활_폐기물_이미지/01.데이터/1.Training/라벨링데이터/전자제품/기타/20_X043_C058_0128/20_X043_C058_0128_3.Json,0,전자제품,종이류,신문지
/home/minsu/disk_c/trash_dataset/085.생활_폐기물_이미지/01.데이터/1.Training/라벨링데이터/스티로폼/스티로폼/16_X011_C061_0129/16_X011_C061_0129_4.Json,1,스티로폼류,캔류,음료수캔
/home/minsu/disk_c/trash_dataset/085.생활_폐기물_이미지/01.데이터/1.Training/라벨링데이터/스티로폼/스티로폼/16_X011_C061_0129/16_X011_C061_0129_1.Json,1,스티로폼류,캔류,음료수캔
/home/minsu/disk_c/trash_dataset/085.생활_폐기물_이미지/01.데이터/1.Training/라벨링데이터/스티로폼/스티로폼/16_X011_C061_0129/16_X011_C061_0129_2.Json,1,스티로폼류,캔류,음료수캔
/home/minsu/disk_c/trash_dataset/085.생활_폐기물_이미지/01.데이터/1.Training/라벨링데이터/스티로폼/스티로폼/16_X011_C061_0129/16_X011_C061_0129_0.Json,1,스티로폼류,캔류,음료수캔
/home/minsu/disk_c/trash_dataset/085.생활_폐기물_이미지/01.데이터/1.Training/라벨링데이터/스티로폼/스티로폼/16_X011_C061_0129/16_X011_C061_0129_3.Json,1,스티로폼류,캔류,음료수캔
/home/minsu/disk_c/trash_dataset/085.생활_폐기물_이미지/01.데이터/1.Training/라벨링데이터/스티로폼/스티로폼/16_X020_C045_0201/16_X020_C045_0201_3.Json,1,스티로폼류,전자제품,이동전화단말기
/home/minsu/disk_c/trash_dataset/085.생활_폐기물_이미지/01.데이터/1.Training/라벨링데이터/스티로폼/스티로폼/16_X020_C045_0201/16_X020_C045_0201_1.Json,1,스티로폼류,전자제품,이동전화단말기
/home/minsu/disk_c/trash_dataset/085.생활_폐기물_이미지/01.데이터/1.Training/라벨링데이터/스티로폼/스티로폼/16_X020_C045_0201/16_X020_C045_0201_2.Json,1,스티로폼류,전자제품,이동전화단말기
/home/minsu/disk_c/trash_dataset/085.생활_폐기물_이미지/01.데이터/1.Training/라벨링데이터/스티로폼/스티로폼/16_X020_C045_0201/16_X020_C045_0201_0.Json,1,스티로폼류,전자제품,이동전화단말기
/home/minsu/disk_c/trash_dataset/085.생활_폐기물_이미지/01.데이터/1.Training/라벨링데이터/스티로폼/스티로폼/16_X020_C045_0201/16_X020_C045_0201_4.Json,1,스티로폼류,전자제품,이동전화단말기
/home/minsu/disk_c/trash_dataset/085.생활_폐기물_이미지/01.데이터/1.Training/라벨링데이터/스티로폼/스티로폼/16_X382_C509_0401/16_X382_C509_0401_2.Json,1,스티로폼류,페트병류,페트병
/home/minsu/disk_c/trash_dataset/085.생활_폐기물_이미지/01.데이터/1.Training/라벨링데이터/스티로폼/스티로폼/16_X102_C102_0321/16_X102_C102_0321_4.Json,0,스티로폼류,종이류,포장상자
/home/minsu/disk_c/trash_dataset/085.생활_폐기물_이미지/01.데이터/1.Training/라벨링데이터/스티로폼/스티로폼/16_X102_C102_0321/16_X102_C102_0321_1.Json,0,스티로폼류,종이류,포장상자
/home/minsu/disk_c/trash_dataset/085.생활_폐기물_이미지/01.데이터/1.Training/라벨링데이터/스티로폼/스티로폼/16_X102_C102_0321/16_X102_C102_0321_3.Json,1,스티로폼류,종이류,포장상자
/home/minsu/disk_c/trash_dataset/085.생활_폐기물_이미지/01.데이터/1.Training/라벨링데이터/스티로폼/스티로폼/16_X102_C102_0321/16_X102_C102_0321_2.Json,0,스티로폼류,종이류,신문지
/home/minsu/disk_c/trash_dataset/085.생활_폐기물_이미지/01.데이터/1.Training/라벨링데이터/스티로폼/스티로폼/16_X102_C102_0321/16_X102_C102_0321_0.Json,1,스티로폼류,종이류,종이봉투
/home/minsu/disk_c/trash_dataset/085.생활_폐기물_이미지/01.데이터/1.Training/라벨링데이터/스티로폼/스티로폼/16_X001_C172_0210/16_X001_C172_0210_2.Json,0,스티로폼류,캔류,음료수캔
/home/minsu/disk_c/trash_dataset/085.생활_폐기물_이미지/01.데이터/1.Training/라벨링데이터/스티로폼/스티로폼/16_X001_C172_0210/16_X001_C172_0210_1.Json,0,스티로폼류,캔류,음료수캔
/home/minsu/disk_c/trash_dataset/085.생활_폐기물_이미지/01.데이터/1.Training/라벨링데이터/스티로폼/스티로폼/16_X001_C172_0210/16_X001_C172_0210_0.Json,1,스티로폼류,캔류,음료수캔
/home/minsu/disk_c/trash_dataset/085.생활_폐기물_이미지/01.데이터/1.Training/라벨링데이터/스티로폼/스티로폼/16_X001_C172_0210/16_X001_C172_0210_3.Json,0,스티로폼류,캔류,음료수캔
/home/minsu/disk_c/trash_dataset/085.생활_폐기물_이미지/01.데이터/1.Training/라벨링데이터/스티로폼/스티로폼/16_X001_C172_0210/16_X001_C172_0210_4.Json,0,스티로폼류,캔류,음료수캔
/home/minsu/disk_c/trash_dataset/085.생활_폐기물_이미지/01.데이터/1.Training/라벨링데이터/스티로폼/스티로폼/16_X065_C502_0110/16_X065_C502_0110_0.Json,2,스티로폼류,종이류,상자류
/home/minsu/disk_c/trash_dataset/085.생활_폐기물_이미지/01.데이터/1.Training/라벨링데이터/스티로폼/스티로폼/16_X065_C502_0110/16_X065_C502_0110_0.Json,3,스티로폼류,종이류,상자류
/home/minsu/disk_c/trash_dataset/085.생활_폐기물_이미지/01.데이터/1.Training/라벨링데이터/스티로폼/스티로폼/16_X065_C502_0110/16_X065_C502_0110_3.Json,1,스티로폼류,종이류,상자류
/home/minsu/disk_c/trash_dataset/085.생활_폐기물_이미지/01.데이터/1.Training/라벨링데이터/스티로폼/스티로폼/16_X065_C502_0110/16_X065_C502_0110_4.Json,1,스티로폼류,종이류,상자류
/home/minsu/disk_c/trash_dataset/085.생활_폐기물_이미지/01.데이터/1.Training/라벨링데이터/스티로폼/스티로폼/16_X065_C502_0110/16_X065_C502_0110_2.Json,1,스티로폼류,종이류,상자류
/home/minsu/disk_c/trash_dataset/085.생활_폐기물_이미지/01.데이터/1.Training/라벨링데이터/스티로폼/스티로폼/16_X070_C502_0110/16_X070_C502_0110_0.Json,1,스티로폼류,종이류,상자류
/home/minsu/disk_c/trash_dataset/085.생활_폐기물_이미지/01.데이터/1.Training/라벨링데이터/스티로폼/스티로폼/16_X070_C502_0110/16_X070_C502_0110_4.Json,1,스티로폼류,종이류,상자류
/home/minsu/disk_c/trash_dataset/085.생활_폐기물_이미지/01.데이터/1.Training/라벨링데이터/스티로폼/스티로폼/16_X070_C502_0110/16_X070_C502_0110_3.Json,1,스티로폼류,종이류,상자류
/home/minsu/disk_c/trash_dataset/085.생활_폐기물_이미지/01.데이터/1.Training/라벨링데이터/스티로폼/스티로폼/16_X070_C502_0110/16_X070_C502_0110_2.Json,1,스티로폼류,종이류,상자류
/home/minsu/disk_c/trash_dataset/085.생활_폐기물_이미지/01.데이터/1.Training/라벨링데이터/스티로폼/스티로폼/16_X001_C171_0210/16_X001_C171_0210_2.Json,0,스티로폼류,캔류,음료수캔
/home/minsu/disk_c/trash_dataset/085.생활_폐기물_이미지/01.데이터/1.Training/라벨링데이터/스티로폼/스티로폼/16_X001_C171_0210/16_X001_C171_0210_4.Json,0,스티로폼류,캔류,음료수캔
/home/minsu/disk_c/trash_dataset/085.생활_폐기물_이미지/01.데이터/1.Training/라벨링데이터/스티로폼/스티로폼/16_X001_C171_0210/16_X001_C171_0210_0.Json,1,스티로폼류,캔류,음료수캔
/home/minsu/disk_c/trash_dataset/085.생활_폐기물_이미지/01.데이터/1.Training/라벨링데이터/스티로폼/스티로폼/16_X001_C171_0210/16_X001_C171_0210_3.Json,0,스티로폼류,캔류,음료수캔
/home/minsu/disk_c/trash_dataset/085.생활_폐기물_이미지/01.데이터/1.Training/라벨링데이터/스티로폼/스티로폼/16_X001_C171_0210/16_X001_C171_0210_1.Json,0,스티로폼류,캔류,음료수캔
/home/minsu/disk_c/trash_dataset/085.생활_폐기물_이미지/01.데이터/1.Training/라벨링데이터/스티로폼/스티로폼/16_X101_C102_0321/16_X101_C102_0321_2.Json,1,스티로폼류,플라스틱류,밀폐용기
/home/minsu/disk_c/trash_dataset/085.생활_폐기물_이미지/01.데이터/1.Training/라벨링데이터/스티로폼/스티로폼/16_X101_C102_0321/16_X101_C102_0321_3.Json,1,스티로폼류,플라스틱류,밀폐용기
/home/minsu/disk_c/trash_dataset/085.생활_폐기물_이미지/01.데이터/1.Training/라벨링데이터/스티로폼/스티로폼/16_X101_C102_0321/16_X101_C102_0321_1.Json,1,스티로폼류,플라스틱류,밀폐용기
/home/minsu/disk_c/trash_dataset/085.생활_폐기물_이미지/01.데이터/1.Training/라벨링데이터/스티로폼/스티로폼/16_X101_C102_0321/16_X101_C102_0321_4.Json,1,스티로폼류,플라스틱류,밀폐용기
/home/minsu/disk_c/trash_dataset/085.생활_폐기물_이미지/01.데이터/1.Training/라벨링데이터/스티로폼/스티로폼/16_X101_C102_0321/16_X101_C102_0321_0.Json,1,스티로폼류,플라스틱류,밀폐용기
/home/minsu/disk_c/trash_dataset/085.생활_폐기물_이미지/01.데이터/1.Training/라벨링데이터/스티로폼/스티로폼/16_X017_C045_0201/16_X017_C045_0201_4.Json,1,스티로폼류,전자제품,이동전화단말기
/home/minsu/disk_c/trash_dataset/085.생활_폐기물_이미지/01.데이터/1.Training/라벨링데이터/스티로폼/스티로폼/16_X017_C045_0201/16_X017_C045_0201_2.Json,1,스티로폼류,전자제품,이동전화단말기
/home/minsu/disk_c/trash_dataset/085.생활_폐기물_이미지/01.데이터/1.Training/라벨링데이터/스티로폼/스티로폼/16_X017_C045_0201/16_X017_C045_0201_1.Json,1,스티로폼류,전자제품,이동전화단말기
/home/minsu/disk_c/trash_dataset/085.생활_폐기물_이미지/01.데이터/1.Training/라벨링데이터/스티로폼/스티로폼/16_X017_C045_0201/16_X017_C045_0201_3.Json,1,스티로폼류,전자제품,이동전화단말기
/home/minsu/disk_c/trash_dataset/085.생활_폐기물_이미지/01.데이터/1.Training/라벨링데이터/스티로폼/스티로폼/16_X017_C045_0201/16_X017_C045_0201_0.Json,1,스티로폼류,전자제품,이동전화단말기
/home/minsu/disk_c/trash_dataset/085.생활_폐기물_이미지/01.데이터/1.Training/라벨링데이터/스티로폼/스티로폼/16_X003_C014_0127/16_X003_C014_0127_0.Json,1,스티로폼류,종이류,포장상자
/home/minsu/disk_c/trash_dataset/085.생활_폐기물_이미지/01.데이터/1.Training/라벨링데이터/스티로폼/스티로폼/16_X003_C014_0127/16_X003_C014_0127_4.Json,1,스티로폼류,종이류,포장상자
/home/minsu/disk_c/trash_dataset/085.생활_폐기물_이미지/01.데이터/1.Training/라벨링데이터/스티로폼/스티로폼/16_X003_C014_0127/16_X003_C014_0127_1.Json,1,스티로폼류,종이류,포장상자
/home/minsu/disk_c/trash_dataset/085.생활_폐기물_이미지/01.데이터/1.Training/라벨링데이터/스티로폼/스티로폼/16_X003_C014_0127/16_X003_C014_0127_2.Json,1,스티로폼류,종이류,포장상자
/home/minsu/disk_c/trash_dataset/085.생활_폐기물_이미지/01.데이터/1.Training/라벨링데이터/스티로폼/스티로폼/16_X003_C014_0127/16_X003_C014_0127_3.Json,1,스티로폼류,종이류,포장상자
/home/minsu/disk_c/trash_dataset/085.생활_폐기물_이미지/01.데이터/1.Training/라벨링데이터/스티로폼/스티로폼/16_X003_C014_0129/16_X003_C014_0129_0.Json,1,스티로폼류,캔류,음료수캔
/home/minsu/disk_c/trash_dataset/085.생활_폐기물_이미지/01.데이터/1.Training/라벨링데이터/스티로폼/스티로폼/16_X003_C014_0129/16_X003_C014_0129_2.Json,1,스티로폼류,캔류,음료수캔
/home/minsu/disk_c/trash_dataset/085.생활_폐기물_이미지/01.데이터/1.Training/라벨링데이터/스티로폼/스티로폼/16_X003_C014_0129/16_X003_C014_0129_4.Json,1,스티로폼류,캔류,음료수캔
/home/minsu/disk_c/trash_dataset/085.생활_폐기물_이미지/01.데이터/1.Training/라벨링데이터/스티로폼/스티로폼/16_X003_C014_0129/16_X003_C014_0129_3.Json,1,스티로폼류,캔류,음료수캔
/home/minsu/disk_c/trash_dataset/085.생활_폐기물_이미지/01.데이터/1.Training/라벨링데이터/스티로폼/스티로폼/16_X003_C014_0129/16_X003_C014_0129_1.Json,1,스티로폼류,캔류,음료수캔
/home/minsu/disk_c/trash_dataset/085.생활_폐기물_이미지/01.데이터/1.Training/라벨링데이터/스티로폼/스티로폼/16_X001_C061_0128/16_X001_C061_0128_2.Json,0,스티로폼류,고철류,고철
/home/minsu/disk_c/trash_dataset/085.생활_폐기물_이미지/01.데이터/1.Training/라벨링데이터/스티로폼/스티로폼/16_X001_C061_0128/16_X001_C061_0128_0.Json,1,스티로폼류,고철류,고철
/home/minsu/disk_c/trash_dataset/085.생활_폐기물_이미지/01.데이터/1.Training/라벨링데이터/스티로폼/스티로폼/16_X001_C061_0128/16_X001_C061_0128_1.Json,0,스티로폼류,고철류,고철
/home/minsu/disk_c/trash_dataset/085.생활_폐기물_이미지/01.데이터/1.Training/라벨링데이터/스티로폼/스티로폼/16_X001_C061_0128/16_X001_C061_0128_4.Json,0,스티로폼류,고철류,고철
/home/minsu/disk_c/trash_dataset/085.생활_폐기물_이미지/01.데이터/1.Training/라벨링데이터/스티로폼/스티로폼/16_X001_C061_0128/16_X001_C061_0128_3.Json,1,스티로폼류,고철류,고철
/home/minsu/disk_c/trash_dataset/085.생활_폐기물_이미지/01.데이터/1.Training/라벨링데이터/스티로폼/스티로폼/16_X003_C171_0210/16_X003_C171_0210_2.Json,0,스티로폼류,캔류,스팸류
/home/minsu/disk_c/trash_dataset/085.생활_폐기물_이미지/01.데이터/1.Training/라벨링데이터/스티로폼/스티로폼/16_X003_C171_0210/16_X003_C171_0210_3.Json,0,스티로폼류,캔류,스팸류
/home/minsu/disk_c/trash_dataset/085.생활_폐기물_이미지/01.데이터/1.Training/라벨링데이터/스티로폼/스티로폼/16_X003_C171_0210/16_X003_C171_0210_4.Json,0,스티로폼류,캔류,스팸류
/home/minsu/disk_c/trash_dataset/085.생활_폐기물_이미지/01.데이터/1.Training/라벨링데이터/스티로폼/스티로폼/16_X003_C171_0210/16_X003_C171_0210_0.Json,1,스티로폼류,캔류,스팸류
/home/minsu/disk_c/trash_dataset/085.생활_폐기물_이미지/01.데이터/1.Training/라벨링데이터/스티로폼/스티로폼/16_X003_C171_0210/16_X003_C171_0210_1.Json,0,스티로폼류,캔류,스팸류
/home/minsu/disk_c/trash_dataset/085.생활_폐기물_이미지/01.데이터/1.Training/라벨링데이터/스티로폼/스티로폼/16_X002_C500_0217/16_X002_C500_0217_0.Json,1,스티로폼류,플라스틱류,밀폐용기
/home/minsu/disk_c/trash_dataset/085.생활_폐기물_이미지/01.데이터/1.Training/라벨링데이터/스티로폼/스티로폼/16_X002_C500_0217/16_X002_C500_0217_1.Json,0,스티로폼류,플라스틱류,밀폐용기
/home/minsu/disk_c/trash_dataset/085.생활_폐기물_이미지/01.데이터/1.Training/라벨링데이터/스티로폼/스티로폼/16_X002_C500_0217/16_X002_C500_0217_4.Json,1,스티로폼류,플라스틱류,밀폐용기
/home/minsu/disk_c/trash_dataset/085.생활_폐기물_이미지/01.데이터/1.Training/라벨링데이터/스티로폼/스티로폼/16_X002_C500_0217/16_X002_C500_0217_2.Json,1,스티로폼류,플라스틱류,밀폐용기
/home/minsu/disk_c/trash_dataset/085.생활_폐기물_이미지/01.데이터/1.Training/라벨링데이터/스티로폼/스티로폼/16_X026_C045_0130/16_X026_C045_0130_1.Json,1,스티로폼류,플라스틱류,밀폐용기
/home/minsu/disk_c/trash_dataset/085.생활_폐기물_이미지/01.데이터/1.Training/라벨링데이터/스티로폼/스티로폼/16_X026_C045_0130/16_X026_C045_0130_3.Json,1,스티로폼류,플라스틱류,밀폐용기
/home/minsu/disk_c/trash_dataset/085.생활_폐기물_이미지/01.데이터/1.Training/라벨링데이터/스티로폼/스티로폼/16_X026_C045_0130/16_X026_C045_0130_0.Json,1,스티로폼류,플라스틱류,밀폐용기
/home/minsu/disk_c/trash_dataset/085.생활_폐기물_이미지/01.데이터/1.Training/라벨링데이터/스티로폼/스티로폼/16_X026_C045_0130/16_X026_C045_0130_2.Json,1,스티로폼류,플라스틱류,밀폐용기
/home/minsu/disk_c/trash_dataset/085.생활_폐기물_이미지/01.데이터/1.Training/라벨링데이터/스티로폼/스티로폼/16_X026_C045_0130/16_X026_C045_0130_4.Json,1,스티로폼류,플라스틱류,밀폐용기
/home/minsu/disk_c/trash_dataset/085.생활_폐기물_이미지/01.데이터/1.Training/라벨링데이터/스티로폼/스티로폼/16_X061_C502_0110/16_X061_C502_0110_4.Json,1,스티로폼류,종이류,상자류
/home/minsu/disk_c/trash_dataset/085.생활_폐기물_이미지/01.데이터/1.Training/라벨링데이터/스티로폼/스티로폼/16_X061_C502_0110/16_X061_C502_0110_1.Json,1,스티로폼류,종이류,상자류
/home/minsu/disk_c/trash_dataset/085.생활_폐기물_이미지/01.데이터/1.Training/라벨링데이터/스티로폼/스티로폼/16_X061_C502_0110/16_X061_C502_0110_3.Json,1,스티로폼류,종이류,상자류
/home/minsu/disk_c/trash_dataset/085.생활_폐기물_이미지/01.데이터/1.Training/라벨링데이터/스티로폼/스티로폼/16_X061_C502_0110/16_X061_C502_0110_0.Json,2,스티로폼류,종이류,상자류
/home/minsu/disk_c/trash_dataset/085.생활_폐기물_이미지/01.데이터/1.Training/라벨링데이터/스티로폼/스티로폼/16_X061_C502_0110/16_X061_C502_0110_2.Json,1,스티로폼류,종이류,상자류
/home/minsu/disk_c/trash_dataset/085.생활_폐기물_이미지/01.데이터/1.Training/라벨링데이터/스티로폼/스티로폼/16_X071_C502_0110/16_X071_C502_0110_1.Json,1,스티로폼류,종이류,상자류
/home/minsu/disk_c/trash_dataset/085.생활_폐기물_이미지/01.데이터/1.Training/라벨링데이터/스티로폼/스티로폼/16_X071_C502_0110/16_X071_C502_0110_2.Json,1,스티로폼류,종이류,상자류
/home/minsu/disk_c/trash_dataset/085.생활_폐기물_이미지/01.데이터/1.Training/라벨링데이터/스티로폼/스티로폼/16_X071_C502_0110/16_X071_C502_0110_3.Json,1,스티로폼류,종이류,상자류
/home/minsu/disk_c/trash_dataset/085.생활_폐기물_이미지/01.데이터/1.Training/라벨링데이터/스티로폼/스티로폼/16_X071_C502_0110/16_X071_C502_0110_0.Json,2,스티로폼류,종이류,상자류
/home/minsu/disk_c/trash_dataset/085.생활_폐기물_이미지/01.데이터/1.Training/라벨링데이터/스티로폼/스티로폼/16_X071_C502_0110/16_X071_C502_0110_0.Json,3,스티로폼류,종이류,상자류
/home/minsu/disk_c/trash_dataset/085.생활_폐기물_이미지/01.데이터/1.Training/라벨링데이터/스티로폼/스티로폼/16_X071_C502_0110/16_X071_C502_0110_4.Json,1,스티로폼류,종이류,상자류
/home/minsu/disk_c/trash_dataset/085.생활_폐기물_이미지/01.데이터/1.Training/라벨링데이터/스티로폼/스티로폼/16_X057_C502_0110/16_X057_C502_0110_2.Json,1,스티로폼류,종이류,상자류
/home/minsu/disk_c/trash_dataset/085.생활_폐기물_이미지/01.데이터/1.Training/라벨링데이터/스티로폼/스티로폼/16_X057_C502_0110/16_X057_C502_0110_3.Json,1,스티로폼류,종이류,상자류
/home/minsu/disk_c/trash_dataset/085.생활_폐기물_이미지/01.데이터/1.Training/라벨링데이터/스티로폼/스티로폼/16_X057_C502_0110/16_X057_C502_0110_0.Json,0,스티로폼류,종이류,상자류
/home/minsu/disk_c/trash_dataset/085.생활_폐기물_이미지/01.데이터/1.Training/라벨링데이터/스티로폼/스티로폼/16_X057_C502_0110/16_X057_C502_0110_0.Json,2,스티로폼류,종이류,상자류
/home/minsu/disk_c/trash_dataset/085.생활_폐기물_이미지/01.데이터/1.Training/라벨링데이터/스티로폼/스티로폼/16_X057_C502_0110/16_X057_C502_0110_0.Json,3,스티로폼류,종이류,상자류
/home/minsu/disk_c/trash_dataset/085.생활_폐기물_이미지/01.데이터/1.Training/라벨링데이터/스티로폼/스티로폼/16_X057_C502_0110/16_X057_C502_0110_4.Json,1,스티로폼류,종이류,상자류
/home/minsu/disk_c/trash_dataset/085.생활_폐기물_이미지/01.데이터/1.Training/라벨링데이터/스티로폼/스티로폼/16_X007_C014_0127/16_X007_C014_0127_1.Json,1,스티로폼류,종이류,상자류
/home/minsu/disk_c/trash_dataset/085.생활_폐기물_이미지/01.데이터/1.Training/라벨링데이터/스티로폼/스티로폼/16_X007_C014_0127/16_X007_C014_0127_0.Json,1,스티로폼류,종이류,상자류
/home/minsu/disk_c/trash_dataset/085.생활_폐기물_이미지/01.데이터/1.Training/라벨링데이터/스티로폼/스티로폼/16_X007_C014_0127/16_X007_C014_0127_4.Json,1,스티로폼류,종이류,상자류
/home/minsu/disk_c/trash_dataset/085.생활_폐기물_이미지/01.데이터/1.Training/라벨링데이터/스티로폼/스티로폼/16_X007_C014_0127/16_X007_C014_0127_3.Json,1,스티로폼류,종이류,상자류
/home/minsu/disk_c/trash_dataset/085.생활_폐기물_이미지/01.데이터/1.Training/라벨링데이터/스티로폼/스티로폼/16_X007_C014_0127/16_X007_C014_0127_2.Json,1,스티로폼류,종이류,상자류
/home/minsu/disk_c/trash_dataset/085.생활_폐기물_이미지/01.데이터/1.Training/라벨링데이터/스티로폼/스티로폼/16_X003_C014_0204/16_X003_C014_0204_4.Json,1,스티로폼류,플라스틱류,기타
/home/minsu/disk_c/trash_dataset/085.생활_폐기물_이미지/01.데이터/1.Training/라벨링데이터/스티로폼/스티로폼/16_X003_C014_0204/16_X003_C014_0204_0.Json,1,스티로폼류,플라스틱류,기타
/home/minsu/disk_c/trash_dataset/085.생활_폐기물_이미지/01.데이터/1.Training/라벨링데이터/스티로폼/스티로폼/16_X003_C014_0204/16_X003_C014_0204_2.Json,1,스티로폼류,플라스틱류,기타
/home/minsu/disk_c/trash_dataset/085.생활_폐기물_이미지/01.데이터/1.Training/라벨링데이터/스티로폼/스티로폼/16_X003_C014_0204/16_X003_C014_0204_3.Json,1,스티로폼류,플라스틱류,기타
/home/minsu/disk_c/trash_dataset/085.생활_폐기물_이미지/01.데이터/1.Training/라벨링데이터/스티로폼/스티로폼/16_X003_C014_0204/16_X003_C014_0204_1.Json,1,스티로폼류,플라스틱류,기타
/home/minsu/disk_c/trash_dataset/085.생활_폐기물_이미지/01.데이터/1.Training/라벨링데이터/스티로폼/스티로폼/16_X027_C045_0130/16_X027_C045_0130_0.Json,1,스티로폼류,플라스틱류,밀폐용기
/home/minsu/disk_c/trash_dataset/085.생활_폐기물_이미지/01.데이터/1.Training/라벨링데이터/스티로폼/스티로폼/16_X027_C045_0130/16_X027_C045_0130_1.Json,1,스티로폼류,플라스틱류,밀폐용기
/home/minsu/disk_c/trash_dataset/085.생활_폐기물_이미지/01.데이터/1.Training/라벨링데이터/스티로폼/스티로폼/16_X027_C045_0130/16_X027_C045_0130_4.Json,1,스티로폼류,플라스틱류,밀폐용기
/home/minsu/disk_c/trash_dataset/085.생활_폐기물_이미지/01.데이터/1.Training/라벨링데이터/스티로폼/스티로폼/16_X027_C045_0130/16_X027_C045_0130_2.Json,1,스티로폼류,플라스틱류,밀폐용기
/home/minsu/disk_c/trash_dataset/085.생활_폐기물_이미지/01.데이터/1.Training/라벨링데이터/스티로폼/스티로폼/16_X027_C045_0130/16_X027_C045_0130_3.Json,1,스티로폼류,플라스틱류,밀폐용기
/home/minsu/disk_c/trash_dataset/085.생활_폐기물_이미지/01.데이터/1.Training/라벨링데이터/스티로폼/스티로폼/16_X002_C171_0210/16_X002_C171_0210_4.Json,0,스티로폼류,유리병류,박카스병
/home/minsu/disk_c/trash_dataset/085.생활_폐기물_이미지/01.데이터/1.Training/라벨링데이터/스티로폼/스티로폼/16_X002_C171_0210/16_X002_C171_0210_2.Json,0,스티로폼류,유리병류,박카스병
/home/minsu/disk_c/trash_dataset/085.생활_폐기물_이미지/01.데이터/1.Training/라벨링데이터/스티로폼/스티로폼/16_X002_C171_0210/16_X002_C171_0210_0.Json,1,스티로폼류,유리병류,박카스병
/home/minsu/disk_c/trash_dataset/085.생활_폐기물_이미지/01.데이터/1.Training/라벨링데이터/스티로폼/스티로폼/16_X002_C171_0210/16_X002_C171_0210_3.Json,0,스티로폼류,유리병류,박카스병
/home/minsu/disk_c/trash_dataset/085.생활_폐기물_이미지/01.데이터/1.Training/라벨링데이터/스티로폼/스티로폼/16_X002_C171_0210/16_X002_C171_0210_1.Json,0,스티로폼류,유리병류,박카스병
/home/minsu/disk_c/trash_dataset/085.생활_폐기물_이미지/01.데이터/1.Training/라벨링데이터/스티로폼/스티로폼/16_X069_C502_0110/16_X069_C502_0110_3.Json,1,스티로폼류,종이류,상자류
/home/minsu/disk_c/trash_dataset/085.생활_폐기물_이미지/01.데이터/1.Training/라벨링데이터/스티로폼/스티로폼/16_X069_C502_0110/16_X069_C502_0110_0.Json,2,스티로폼류,종이류,상자류
/home/minsu/disk_c/trash_dataset/085.생활_폐기물_이미지/01.데이터/1.Training/라벨링데이터/스티로폼/스티로폼/16_X069_C502_0110/16_X069_C502_0110_2.Json,1,스티로폼류,종이류,상자류
/home/minsu/disk_c/trash_dataset/085.생활_폐기물_이미지/01.데이터/1.Training/라벨링데이터/스티로폼/스티로폼/16_X069_C502_0110/16_X069_C502_0110_4.Json,1,스티로폼류,종이류,상자류
/home/minsu/disk_c/trash_dataset/085.생활_폐기물_이미지/01.데이터/1.Training/라벨링데이터/스티로폼/스티로폼/16_X010_C045_0130/16_X010_C045_0130_3.Json,1,스티로폼류,가구류,소파
/home/minsu/disk_c/trash_dataset/085.생활_폐기물_이미지/01.데이터/1.Training/라벨링데이터/스티로폼/스티로폼/16_X010_C045_0130/16_X010_C045_0130_1.Json,1,스티로폼류,가구류,소파
/home/minsu/disk_c/trash_dataset/085.생활_폐기물_이미지/01.데이터/1.Training/라벨링데이터/스티로폼/스티로폼/16_X010_C045_0130/16_X010_C045_0130_2.Json,1,스티로폼류,가구류,소파
/home/minsu/disk_c/trash_dataset/085.생활_폐기물_이미지/01.데이터/1.Training/라벨링데이터/스티로폼/스티로폼/16_X010_C045_0130/16_X010_C045_0130_4.Json,1,스티로폼류,가구류,소파
/home/minsu/disk_c/trash_dataset/085.생활_폐기물_이미지/01.데이터/1.Training/라벨링데이터/스티로폼/스티로폼/16_X010_C045_0130/16_X010_C045_0130_0.Json,1,스티로폼류,가구류,소파
/home/minsu/disk_c/trash_dataset/085.생활_폐기물_이미지/01.데이터/1.Training/라벨링데이터/스티로폼/스티로폼/16_X081_C102_0321/16_X081_C102_0321_1.Json,1,스티로폼류,의류,기타의류
/home/minsu/disk_c/trash_dataset/085.생활_폐기물_이미지/01.데이터/1.Training/라벨링데이터/스티로폼/스티로폼/16_X081_C102_0321/16_X081_C102_0321_4.Json,1,스티로폼류,의류,기타의류
/home/minsu/disk_c/trash_dataset/085.생활_폐기물_이미지/01.데이터/1.Training/라벨링데이터/스티로폼/스티로폼/16_X006_C184_0923/16_X006_C184_0923_0.Json,1,스티로폼류,페트병류,페트병
/home/minsu/disk_c/trash_dataset/085.생활_폐기물_이미지/01.데이터/1.Training/라벨링데이터/스티로폼/스티로폼/16_X006_C184_0923/16_X006_C184_0923_3.Json,1,스티로폼류,페트병류,페트병
/home/minsu/disk_c/trash_dataset/085.생활_폐기물_이미지/01.데이터/1.Training/라벨링데이터/스티로폼/스티로폼/16_X006_C184_0923/16_X006_C184_0923_1.Json,1,스티로폼류,페트병류,페트병
/home/minsu/disk_c/trash_dataset/085.생활_폐기물_이미지/01.데이터/1.Training/라벨링데이터/스티로폼/스티로폼/16_X006_C184_0923/16_X006_C184_0923_4.Json,1,스티로폼류,페트병류,페트병
/home/minsu/disk_c/trash_dataset/085.생활_폐기물_이미지/01.데이터/1.Training/라벨링데이터/스티로폼/스티로폼/16_X006_C184_0923/16_X006_C184_0923_2.Json,1,스티로폼류,페트병류,페트병
/home/minsu/disk_c/trash_dataset/085.생활_폐기물_이미지/01.데이터/1.Training/라벨링데이터/스티로폼/스티로폼/16_X059_C502_0110/16_X059_C502_0110_3.Json,1,스티로폼류,종이류,상자류
/home/minsu/disk_c/trash_dataset/085.생활_폐기물_이미지/01.데이터/1.Training/라벨링데이터/스티로폼/스티로폼/16_X059_C502_0110/16_X059_C502_0110_0.Json,2,스티로폼류,종이류,상자류
/home/minsu/disk_c/trash_dataset/085.생활_폐기물_이미지/01.데이터/1.Training/라벨링데이터/스티로폼/스티로폼/16_X059_C502_0110/16_X059_C502_0110_4.Json,1,스티로폼류,종이류,상자류
/home/minsu/disk_c/trash_dataset/085.생활_폐기물_이미지/01.데이터/1.Training/라벨링데이터/스티로폼/스티로폼/16_X016_C045_0201/16_X016_C045_0201_4.Json,1,스티로폼류,전자제품,이동전화단말기
/home/minsu/disk_c/trash_dataset/085.생활_폐기물_이미지/01.데이터/1.Training/라벨링데이터/스티로폼/스티로폼/16_X016_C045_0201/16_X016_C045_0201_1.Json,1,스티로폼류,전자제품,이동전화단말기
/home/minsu/disk_c/trash_dataset/085.생활_폐기물_이미지/01.데이터/1.Training/라벨링데이터/스티로폼/스티로폼/16_X016_C045_0201/16_X016_C045_0201_2.Json,1,스티로폼류,전자제품,이동전화단말기
/home/minsu/disk_c/trash_dataset/085.생활_폐기물_이미지/01.데이터/1.Training/라벨링데이터/스티로폼/스티로폼/16_X016_C045_0201/16_X016_C045_0201_3.Json,1,스티로폼류,전자제품,이동전화단말기
/home/minsu/disk_c/trash_dataset/085.생활_폐기물_이미지/01.데이터/1.Training/라벨링데이터/스티로폼/스티로폼/16_X016_C045_0201/16_X016_C045_0201_0.Json,1,스티로폼류,전자제품,이동전화단말기
/home/minsu/disk_c/trash_dataset/085.생활_폐기물_이미지/01.데이터/1.Training/라벨링데이터/스티로폼/스티로폼/16_X058_C502_0110/16_X058_C502_0110_0.Json,2,스티로폼류,종이류,상자류
/home/minsu/disk_c/trash_dataset/085.생활_폐기물_이미지/01.데이터/1.Training/라벨링데이터/스티로폼/스티로폼/16_X058_C502_0110/16_X058_C502_0110_0.Json,3,스티로폼류,종이류,상자류
/home/minsu/disk_c/trash_dataset/085.생활_폐기물_이미지/01.데이터/1.Training/라벨링데이터/스티로폼/스티로폼/16_X058_C502_0110/16_X058_C502_0110_2.Json,1,스티로폼류,종이류,상자류
/home/minsu/disk_c/trash_dataset/085.생활_폐기물_이미지/01.데이터/1.Training/라벨링데이터/스티로폼/스티로폼/16_X058_C502_0110/16_X058_C502_0110_4.Json,1,스티로폼류,종이류,상자류
/home/minsu/disk_c/trash_dataset/085.생활_폐기물_이미지/01.데이터/1.Training/라벨링데이터/스티로폼/스티로폼/16_X058_C502_0110/16_X058_C502_0110_3.Json,1,스티로폼류,종이류,상자류
/home/minsu/disk_c/trash_dataset/085.생활_폐기물_이미지/01.데이터/1.Training/라벨링데이터/스티로폼/스티로폼/16_X094_C102_0321/16_X094_C102_0321_2.Json,1,스티로폼류,비닐류,과자봉지
/home/minsu/disk_c/trash_dataset/085.생활_폐기물_이미지/01.데이터/1.Training/라벨링데이터/스티로폼/스티로폼/16_X094_C102_0321/16_X094_C102_0321_4.Json,0,스티로폼류,비닐류,과자봉지
/home/minsu/disk_c/trash_dataset/085.생활_폐기물_이미지/01.데이터/1.Training/라벨링데이터/스티로폼/스티로폼/16_X094_C102_0321/16_X094_C102_0321_3.Json,1,스티로폼류,비닐류,과자봉지
/home/minsu/disk_c/trash_dataset/085.생활_폐기물_이미지/01.데이터/1.Training/라벨링데이터/스티로폼/스티로폼/16_X094_C102_0321/16_X094_C102_0321_0.Json,1,스티로폼류,비닐류,과자봉지
/home/minsu/disk_c/trash_dataset/085.생활_폐기물_이미지/01.데이터/1.Training/라벨링데이터/스티로폼/스티로폼/16_X094_C102_0321/16_X094_C102_0321_1.Json,0,스티로폼류,비닐류,과자봉지
/home/minsu/disk_c/trash_dataset/085.생활_폐기물_이미지/01.데이터/1.Training/라벨링데이터/스티로폼/스티로폼/16_X004_C172_0210/16_X004_C172_0210_2.Json,0,스티로폼류,플라스틱류,밀폐용기
/home/minsu/disk_c/trash_dataset/085.생활_폐기물_이미지/01.데이터/1.Training/라벨링데이터/스티로폼/스티로폼/16_X004_C172_0210/16_X004_C172_0210_1.Json,0,스티로폼류,플라스틱류,밀폐용기
/home/minsu/disk_c/trash_dataset/085.생활_폐기물_이미지/01.데이터/1.Training/라벨링데이터/스티로폼/스티로폼/16_X004_C172_0210/16_X004_C172_0210_0.Json,1,스티로폼류,플라스틱류,밀폐용기
/home/minsu/disk_c/trash_dataset/085.생활_폐기물_이미지/01.데이터/1.Training/라벨링데이터/스티로폼/스티로폼/16_X004_C172_0210/16_X004_C172_0210_4.Json,0,스티로폼류,플라스틱류,밀폐용기
/home/minsu/disk_c/trash_dataset/085.생활_폐기물_이미지/01.데이터/1.Training/라벨링데이터/스티로폼/스티로폼/16_X004_C172_0210/16_X004_C172_0210_6.Json,0,스티로폼류,플라스틱류,밀폐용기
/home/minsu/disk_c/trash_dataset/085.생활_폐기물_이미지/01.데이터/1.Training/라벨링데이터/스티로폼/스티로폼/16_X004_C172_0210/16_X004_C172_0210_5.Json,0,스티로폼류,플라스틱류,밀폐용기
/home/minsu/disk_c/trash_dataset/085.생활_폐기물_이미지/01.데이터/1.Training/라벨링데이터/스티로폼/스티로폼/16_X004_C172_0210/16_X004_C172_0210_3.Json,0,스티로폼류,플라스틱류,밀폐용기
/home/minsu/disk_c/trash_dataset/085.생활_폐기물_이미지/01.데이터/1.Training/라벨링데이터/스티로폼/스티로폼/16_X019_C045_0201/16_X019_C045_0201_0.Json,1,스티로폼류,전자제품,이동전화단말기
/home/minsu/disk_c/trash_dataset/085.생활_폐기물_이미지/01.데이터/1.Training/라벨링데이터/스티로폼/스티로폼/16_X019_C045_0201/16_X019_C045_0201_2.Json,1,스티로폼류,전자제품,이동전화단말기
/home/minsu/disk_c/trash_dataset/085.생활_폐기물_이미지/01.데이터/1.Training/라벨링데이터/스티로폼/스티로폼/16_X019_C045_0201/16_X019_C045_0201_3.Json,1,스티로폼류,전자제품,이동전화단말기
/home/minsu/disk_c/trash_dataset/085.생활_폐기물_이미지/01.데이터/1.Training/라벨링데이터/스티로폼/스티로폼/16_X019_C045_0201/16_X019_C045_0201_1.Json,1,스티로폼류,전자제품,이동전화단말기
/home/minsu/disk_c/trash_dataset/085.생활_폐기물_이미지/01.데이터/1.Training/라벨링데이터/스티로폼/스티로폼/16_X019_C045_0201/16_X019_C045_0201_4.Json,1,스티로폼류,전자제품,이동전화단말기
/home/minsu/disk_c/trash_dataset/085.생활_폐기물_이미지/01.데이터/1.Training/라벨링데이터/스티로폼/네모트레이/16_X024_C058_0210/16_X024_C058_0210_3.Json,1,스티로폼류,나무류,주방용품
/home/minsu/disk_c/trash_dataset/085.생활_폐기물_이미지/01.데이터/1.Training/라벨링데이터/스티로폼/네모트레이/16_X024_C058_0210/16_X024_C058_0210_4.Json,1,스티로폼류,나무류,주방용품
/home/minsu/disk_c/trash_dataset/085.생활_폐기물_이미지/01.데이터/1.Training/라벨링데이터/스티로폼/네모트레이/16_X024_C058_0210/16_X024_C058_0210_2.Json,0,스티로폼류,나무류,주방용품
/home/minsu/disk_c/trash_dataset/085.생활_폐기물_이미지/01.데이터/1.Training/라벨링데이터/스티로폼/네모트레이/16_X024_C058_0210/16_X024_C058_0210_0.Json,1,스티로폼류,나무류,주방용품
/home/minsu/disk_c/trash_dataset/085.생활_폐기물_이미지/01.데이터/1.Training/라벨링데이터/스티로폼/네모트레이/16_X024_C058_0210/16_X024_C058_0210_1.Json,0,스티로폼류,나무류,주방용품
/home/minsu/disk_c/trash_dataset/085.생활_폐기물_이미지/01.데이터/1.Training/라벨링데이터/스티로폼/네모트레이/16_X004_C061_0128/16_X004_C061_0128_3.Json,1,스티로폼류,캔류,커피캔
/home/minsu/disk_c/trash_dataset/085.생활_폐기물_이미지/01.데이터/1.Training/라벨링데이터/스티로폼/네모트레이/16_X004_C061_0128/16_X004_C061_0128_4.Json,1,스티로폼류,캔류,커피캔
/home/minsu/disk_c/trash_dataset/085.생활_폐기물_이미지/01.데이터/1.Training/라벨링데이터/스티로폼/네모트레이/16_X004_C061_0128/16_X004_C061_0128_1.Json,1,스티로폼류,캔류,커피캔
/home/minsu/disk_c/trash_dataset/085.생활_폐기물_이미지/01.데이터/1.Training/라벨링데이터/스티로폼/네모트레이/16_X004_C061_0128/16_X004_C061_0128_2.Json,1,스티로폼류,캔류,커피캔
/home/minsu/disk_c/trash_dataset/085.생활_폐기물_이미지/01.데이터/1.Training/라벨링데이터/스티로폼/네모트레이/16_X004_C061_0128/16_X004_C061_0128_0.Json,1,스티로폼류,캔류,커피캔
/home/minsu/disk_c/trash_dataset/085.생활_폐기물_이미지/01.데이터/1.Training/라벨링데이터/스티로폼/네모트레이/16_X021_C045_0201/16_X021_C045_0201_2.Json,1,스티로폼류,종이류,종이봉투
/home/minsu/disk_c/trash_dataset/085.생활_폐기물_이미지/01.데이터/1.Training/라벨링데이터/스티로폼/네모트레이/16_X021_C045_0201/16_X021_C045_0201_0.Json,1,스티로폼류,종이류,종이봉투
/home/minsu/disk_c/trash_dataset/085.생활_폐기물_이미지/01.데이터/1.Training/라벨링데이터/스티로폼/네모트레이/16_X021_C045_0201/16_X021_C045_0201_1.Json,1,스티로폼류,종이류,종이봉투
/home/minsu/disk_c/trash_dataset/085.생활_폐기물_이미지/01.데이터/1.Training/라벨링데이터/스티로폼/네모트레이/16_X021_C045_0201/16_X021_C045_0201_4.Json,1,스티로폼류,종이류,종이봉투
/home/minsu/disk_c/trash_dataset/085.생활_폐기물_이미지/01.데이터/1.Training/라벨링데이터/스티로폼/네모트레이/16_X021_C045_0201/16_X021_C045_0201_3.Json,1,스티로폼류,종이류,종이봉투
/home/minsu/disk_c/trash_dataset/085.생활_폐기물_이미지/01.데이터/1.Training/라벨링데이터/스티로폼/네모트레이/16_X001_C061_0129/16_X001_C061_0129_2.Json,1,스티로폼류,캔류,음료수캔
/home/minsu/disk_c/trash_dataset/085.생활_폐기물_이미지/01.데이터/1.Training/라벨링데이터/스티로폼/네모트레이/16_X001_C061_0129/16_X001_C061_0129_1.Json,1,스티로폼류,캔류,음료수캔
/home/minsu/disk_c/trash_dataset/085.생활_폐기물_이미지/01.데이터/1.Training/라벨링데이터/스티로폼/네모트레이/16_X001_C061_0129/16_X001_C061_0129_3.Json,1,스티로폼류,캔류,음료수캔
/home/minsu/disk_c/trash_dataset/085.생활_폐기물_이미지/01.데이터/1.Training/라벨링데이터/스티로폼/네모트레이/16_X001_C061_0129/16_X001_C061_0129_4.Json,1,스티로폼류,캔류,음료수캔
/home/minsu/disk_c/trash_dataset/085.생활_폐기물_이미지/01.데이터/1.Training/라벨링데이터/스티로폼/네모트레이/16_X001_C061_0129/16_X001_C061_0129_0.Json,1,스티로폼류,캔류,음료수캔
/home/minsu/disk_c/trash_dataset/085.생활_폐기물_이미지/01.데이터/1.Training/라벨링데이터/스티로폼/네모트레이/16_X093_C102_0321/16_X093_C102_0321_2.Json,0,스티로폼류,캔류,음료수캔
/home/minsu/disk_c/trash_dataset/085.생활_폐기물_이미지/01.데이터/1.Training/라벨링데이터/스티로폼/네모트레이/16_X093_C102_0321/16_X093_C102_0321_1.Json,0,스티로폼류,캔류,음료수캔
/home/minsu/disk_c/trash_dataset/085.생활_폐기물_이미지/01.데이터/1.Training/라벨링데이터/스티로폼/네모트레이/16_X093_C102_0321/16_X093_C102_0321_0.Json,1,스티로폼류,캔류,음료수캔
/home/minsu/disk_c/trash_dataset/085.생활_폐기물_이미지/01.데이터/1.Training/라벨링데이터/스티로폼/네모트레이/16_X093_C102_0321/16_X093_C102_0321_4.Json,0,스티로폼류,캔류,음료수캔
/home/minsu/disk_c/trash_dataset/085.생활_폐기물_이미지/01.데이터/1.Training/라벨링데이터/스티로폼/네모트레이/16_X093_C102_0321/16_X093_C102_0321_3.Json,0,스티로폼류,캔류,음료수캔
/home/minsu/disk_c/trash_dataset/085.생활_폐기물_이미지/01.데이터/1.Training/라벨링데이터/스티로폼/네모트레이/16_X090_C102_0321/16_X090_C102_0321_1.Json,0,스티로폼류,캔류,통조림캔
/home/minsu/disk_c/trash_dataset/085.생활_폐기물_이미지/01.데이터/1.Training/라벨링데이터/스티로폼/네모트레이/16_X090_C102_0321/16_X090_C102_0321_4.Json,0,스티로폼류,캔류,커피캔
/home/minsu/disk_c/trash_dataset/085.생활_폐기물_이미지/01.데이터/1.Training/라벨링데이터/스티로폼/네모트레이/16_X090_C102_0321/16_X090_C102_0321_2.Json,0,스티로폼류,캔류,통조림캔
/home/minsu/disk_c/trash_dataset/085.생활_폐기물_이미지/01.데이터/1.Training/라벨링데이터/스티로폼/네모트레이/16_X090_C102_0321/16_X090_C102_0321_3.Json,0,스티로폼류,캔류,통조림캔
/home/minsu/disk_c/trash_dataset/085.생활_폐기물_이미지/01.데이터/1.Training/라벨링데이터/스티로폼/네모트레이/16_X090_C102_0321/16_X090_C102_0321_0.Json,1,스티로폼류,캔류,통조림캔
/home/minsu/disk_c/trash_dataset/085.생활_폐기물_이미지/01.데이터/1.Training/라벨링데이터/스티로폼/네모트레이/16_X034_C058_0210/16_X034_C058_0210_4.Json,0,스티로폼류,고철류,고철
/home/minsu/disk_c/trash_dataset/085.생활_폐기물_이미지/01.데이터/1.Training/라벨링데이터/스티로폼/네모트레이/16_X034_C058_0210/16_X034_C058_0210_1.Json,0,스티로폼류,고철류,고철
/home/minsu/disk_c/trash_dataset/085.생활_폐기물_이미지/01.데이터/1.Training/라벨링데이터/스티로폼/네모트레이/16_X034_C058_0210/16_X034_C058_0210_2.Json,0,스티로폼류,고철류,고철
/home/minsu/disk_c/trash_dataset/085.생활_폐기물_이미지/01.데이터/1.Training/라벨링데이터/스티로폼/네모트레이/16_X034_C058_0210/16_X034_C058_0210_3.Json,0,스티로폼류,고철류,고철
/home/minsu/disk_c/trash_dataset/085.생활_폐기물_이미지/01.데이터/1.Training/라벨링데이터/스티로폼/네모트레이/16_X034_C058_0210/16_X034_C058_0210_0.Json,1,스티로폼류,고철류,고철
/home/minsu/disk_c/trash_dataset/085.생활_폐기물_이미지/01.데이터/1.Training/라벨링데이터/스티로폼/네모트레이/16_X040_C045_0130/16_X040_C045_0130_0.Json,1,스티로폼류,종이류,포장상자
/home/minsu/disk_c/trash_dataset/085.생활_폐기물_이미지/01.데이터/1.Training/라벨링데이터/스티로폼/네모트레이/16_X040_C045_0130/16_X040_C045_0130_4.Json,1,스티로폼류,종이류,포장상자
/home/minsu/disk_c/trash_dataset/085.생활_폐기물_이미지/01.데이터/1.Training/라벨링데이터/스티로폼/네모트레이/16_X040_C045_0130/16_X040_C045_0130_2.Json,1,스티로폼류,종이류,포장상자
/home/minsu/disk_c/trash_dataset/085.생활_폐기물_이미지/01.데이터/1.Training/라벨링데이터/스티로폼/네모트레이/16_X040_C045_0130/16_X040_C045_0130_3.Json,1,스티로폼류,종이류,포장상자
/home/minsu/disk_c/trash_dataset/085.생활_폐기물_이미지/01.데이터/1.Training/라벨링데이터/스티로폼/네모트레이/16_X040_C045_0130/16_X040_C045_0130_1.Json,1,스티로폼류,종이류,포장상자
/home/minsu/disk_c/trash_dataset/085.생활_폐기물_이미지/01.데이터/1.Training/라벨링데이터/스티로폼/네모트레이/16_X010_C061_0129/16_X010_C061_0129_4.Json,1,스티로폼류,캔류,맥주캔
/home/minsu/disk_c/trash_dataset/085.생활_폐기물_이미지/01.데이터/1.Training/라벨링데이터/스티로폼/네모트레이/16_X010_C061_0129/16_X010_C061_0129_0.Json,1,스티로폼류,캔류,맥주캔
/home/minsu/disk_c/trash_dataset/085.생활_폐기물_이미지/01.데이터/1.Training/라벨링데이터/스티로폼/네모트레이/16_X010_C061_0129/16_X010_C061_0129_1.Json,1,스티로폼류,캔류,맥주캔
/home/minsu/disk_c/trash_dataset/085.생활_폐기물_이미지/01.데이터/1.Training/라벨링데이터/스티로폼/네모트레이/16_X010_C061_0129/16_X010_C061_0129_3.Json,1,스티로폼류,캔류,맥주캔
/home/minsu/disk_c/trash_dataset/085.생활_폐기물_이미지/01.데이터/1.Training/라벨링데이터/스티로폼/네모트레이/16_X010_C061_0129/16_X010_C061_0129_2.Json,1,스티로폼류,캔류,맥주캔
/home/minsu/disk_c/trash_dataset/085.생활_폐기물_이미지/01.데이터/1.Training/라벨링데이터/스티로폼/네모트레이/16_X008_C061_0131/16_X008_C061_0131_2.Json,1,스티로폼류,종이류,음료수곽
/home/minsu/disk_c/trash_dataset/085.생활_폐기물_이미지/01.데이터/1.Training/라벨링데이터/스티로폼/네모트레이/16_X008_C061_0131/16_X008_C061_0131_1.Json,1,스티로폼류,종이류,음료수곽
/home/minsu/disk_c/trash_dataset/085.생활_폐기물_이미지/01.데이터/1.Training/라벨링데이터/스티로폼/네모트레이/16_X008_C061_0131/16_X008_C061_0131_0.Json,1,스티로폼류,종이류,음료수곽
/home/minsu/disk_c/trash_dataset/085.생활_폐기물_이미지/01.데이터/1.Training/라벨링데이터/스티로폼/네모트레이/16_X008_C061_0131/16_X008_C061_0131_4.Json,1,스티로폼류,종이류,음료수곽
/home/minsu/disk_c/trash_dataset/085.생활_폐기물_이미지/01.데이터/1.Training/라벨링데이터/스티로폼/네모트레이/16_X008_C061_0131/16_X008_C061_0131_3.Json,1,스티로폼류,종이류,음료수곽
/home/minsu/disk_c/trash_dataset/085.생활_폐기물_이미지/01.데이터/1.Training/라벨링데이터/스티로폼/네모트레이/16_X029_C058_0210/16_X029_C058_0210_0.Json,1,스티로폼류,고철류,고철
/home/minsu/disk_c/trash_dataset/085.생활_폐기물_이미지/01.데이터/1.Training/라벨링데이터/스티로폼/네모트레이/16_X029_C058_0210/16_X029_C058_0210_2.Json,0,스티로폼류,고철류,고철
/home/minsu/disk_c/trash_dataset/085.생활_폐기물_이미지/01.데이터/1.Training/라벨링데이터/스티로폼/네모트레이/16_X029_C058_0210/16_X029_C058_0210_1.Json,0,스티로폼류,고철류,고철
/home/minsu/disk_c/trash_dataset/085.생활_폐기물_이미지/01.데이터/1.Training/라벨링데이터/스티로폼/네모트레이/16_X029_C058_0210/16_X029_C058_0210_3.Json,0,스티로폼류,고철류,고철
/home/minsu/disk_c/trash_dataset/085.생활_폐기물_이미지/01.데이터/1.Training/라벨링데이터/스티로폼/네모트레이/16_X029_C058_0210/16_X029_C058_0210_4.Json,0,스티로폼류,고철류,고철
/home/minsu/disk_c/trash_dataset/085.생활_폐기물_이미지/01.데이터/1.Training/라벨링데이터/스티로폼/네모트레이/16_X031_C045_0130/16_X031_C045_0130_2.Json,1,스티로폼류,종이류,상자류
/home/minsu/disk_c/trash_dataset/085.생활_폐기물_이미지/01.데이터/1.Training/라벨링데이터/스티로폼/네모트레이/16_X031_C045_0130/16_X031_C045_0130_0.Json,1,스티로폼류,종이류,상자류
/home/minsu/disk_c/trash_dataset/085.생활_폐기물_이미지/01.데이터/1.Training/라벨링데이터/스티로폼/네모트레이/16_X031_C045_0130/16_X031_C045_0130_3.Json,1,스티로폼류,종이류,상자류
/home/minsu/disk_c/trash_dataset/085.생활_폐기물_이미지/01.데이터/1.Training/라벨링데이터/스티로폼/네모트레이/16_X031_C045_0130/16_X031_C045_0130_1.Json,1,스티로폼류,종이류,상자류
/home/minsu/disk_c/trash_dataset/085.생활_폐기물_이미지/01.데이터/1.Training/라벨링데이터/스티로폼/네모트레이/16_X031_C045_0130/16_X031_C045_0130_4.Json,1,스티로폼류,종이류,상자류
/home/minsu/disk_c/trash_dataset/085.생활_폐기물_이미지/01.데이터/1.Training/라벨링데이터/스티로폼/네모트레이/16_X026_C058_0210/16_X026_C058_0210_3.Json,1,스티로폼류,고철류,고철
/home/minsu/disk_c/trash_dataset/085.생활_폐기물_이미지/01.데이터/1.Training/라벨링데이터/스티로폼/네모트레이/16_X026_C058_0210/16_X026_C058_0210_2.Json,0,스티로폼류,고철류,고철
/home/minsu/disk_c/trash_dataset/085.생활_폐기물_이미지/01.데이터/1.Training/라벨링데이터/스티로폼/네모트레이/16_X026_C058_0210/16_X026_C058_0210_1.Json,0,스티로폼류,고철류,고철
/home/minsu/disk_c/trash_dataset/085.생활_폐기물_이미지/01.데이터/1.Training/라벨링데이터/스티로폼/네모트레이/16_X026_C058_0210/16_X026_C058_0210_4.Json,1,스티로폼류,고철류,고철
/home/minsu/disk_c/trash_dataset/085.생활_폐기물_이미지/01.데이터/1.Training/라벨링데이터/스티로폼/네모트레이/16_X026_C058_0210/16_X026_C058_0210_0.Json,1,스티로폼류,고철류,고철
/home/minsu/disk_c/trash_dataset/085.생활_폐기물_이미지/01.데이터/1.Training/라벨링데이터/스티로폼/네모트레이/16_X002_C061_0128/16_X002_C061_0128_2.Json,1,스티로폼류,캔류,통조림캔
/home/minsu/disk_c/trash_dataset/085.생활_폐기물_이미지/01.데이터/1.Training/라벨링데이터/스티로폼/네모트레이/16_X002_C061_0128/16_X002_C061_0128_3.Json,1,스티로폼류,캔류,통조림캔
/home/minsu/disk_c/trash_dataset/085.생활_폐기물_이미지/01.데이터/1.Training/라벨링데이터/스티로폼/네모트레이/16_X002_C061_0128/16_X002_C061_0128_0.Json,1,스티로폼류,캔류,통조림캔
/home/minsu/disk_c/trash_dataset/085.생활_폐기물_이미지/01.데이터/1.Training/라벨링데이터/스티로폼/네모트레이/16_X002_C061_0128/16_X002_C061_0128_4.Json,1,스티로폼류,캔류,통조림캔
/home/minsu/disk_c/trash_dataset/085.생활_폐기물_이미지/01.데이터/1.Training/라벨링데이터/스티로폼/네모트레이/16_X002_C061_0128/16_X002_C061_0128_1.Json,1,스티로폼류,캔류,통조림캔
/home/minsu/disk_c/trash_dataset/085.생활_폐기물_이미지/01.데이터/1.Training/라벨링데이터/스티로폼/네모트레이/16_X002_C061_0129/16_X002_C061_0129_2.Json,1,스티로폼류,캔류,통조림캔
/home/minsu/disk_c/trash_dataset/085.생활_폐기물_이미지/01.데이터/1.Training/라벨링데이터/스티로폼/네모트레이/16_X002_C061_0129/16_X002_C061_0129_0.Json,1,스티로폼류,캔류,통조림캔
/home/minsu/disk_c/trash_dataset/085.생활_폐기물_이미지/01.데이터/1.Training/라벨링데이터/스티로폼/네모트레이/16_X002_C061_0129/16_X002_C061_0129_3.Json,1,스티로폼류,캔류,통조림캔
/home/minsu/disk_c/trash_dataset/085.생활_폐기물_이미지/01.데이터/1.Training/라벨링데이터/스티로폼/네모트레이/16_X002_C061_0129/16_X002_C061_0129_1.Json,1,스티로폼류,캔류,통조림캔
/home/minsu/disk_c/trash_dataset/085.생활_폐기물_이미지/01.데이터/1.Training/라벨링데이터/스티로폼/네모트레이/16_X002_C061_0129/16_X002_C061_0129_4.Json,1,스티로폼류,캔류,통조림캔
/home/minsu/disk_c/trash_dataset/085.생활_폐기물_이미지/01.데이터/1.Training/라벨링데이터/스티로폼/네모트레이/16_X002_C061_0129/16_X002_C061_0129_4.Json,2,스티로폼류,캔류,통조림캔
/home/minsu/disk_c/trash_dataset/085.생활_폐기물_이미지/01.데이터/1.Training/라벨링데이터/스티로폼/네모트레이/16_X048_C058_0210/16_X048_C058_0210_4.Json,0,스티로폼류,고철류,고철
/home/minsu/disk_c/trash_dataset/085.생활_폐기물_이미지/01.데이터/1.Training/라벨링데이터/스티로폼/네모트레이/16_X048_C058_0210/16_X048_C058_0210_0.Json,1,스티로폼류,고철류,고철
/home/minsu/disk_c/trash_dataset/085.생활_폐기물_이미지/01.데이터/1.Training/라벨링데이터/스티로폼/네모트레이/16_X048_C058_0210/16_X048_C058_0210_2.Json,0,스티로폼류,고철류,고철
/home/minsu/disk_c/trash_dataset/085.생활_폐기물_이미지/01.데이터/1.Training/라벨링데이터/스티로폼/네모트레이/16_X048_C058_0210/16_X048_C058_0210_3.Json,0,스티로폼류,고철류,고철
/home/minsu/disk_c/trash_dataset/085.생활_폐기물_이미지/01.데이터/1.Training/라벨링데이터/스티로폼/네모트레이/16_X048_C058_0210/16_X048_C058_0210_1.Json,0,스티로폼류,고철류,고철
/home/minsu/disk_c/trash_dataset/085.생활_폐기물_이미지/01.데이터/1.Training/라벨링데이터/스티로폼/네모트레이/16_X004_C171_0208/16_X004_C171_0208_1.Json,1,스티로폼류,플라스틱류,기타
/home/minsu/disk_c/trash_dataset/085.생활_폐기물_이미지/01.데이터/1.Training/라벨링데이터/스티로폼/네모트레이/16_X004_C171_0208/16_X004_C171_0208_3.Json,1,스티로폼류,플라스틱류,기타
/home/minsu/disk_c/trash_dataset/085.생활_폐기물_이미지/01.데이터/1.Training/라벨링데이터/스티로폼/네모트레이/16_X004_C171_0208/16_X004_C171_0208_4.Json,1,스티로폼류,플라스틱류,기타
/home/minsu/disk_c/trash_dataset/085.생활_폐기물_이미지/01.데이터/1.Training/라벨링데이터/스티로폼/네모트레이/16_X004_C171_0208/16_X004_C171_0208_2.Json,1,스티로폼류,플라스틱류,기타
/home/minsu/disk_c/trash_dataset/085.생활_폐기물_이미지/01.데이터/1.Training/라벨링데이터/스티로폼/네모트레이/16_X004_C171_0208/16_X004_C171_0208_0.Json,1,스티로폼류,플라스틱류,기타
/home/minsu/disk_c/trash_dataset/085.생활_폐기물_이미지/01.데이터/1.Training/라벨링데이터/스티로폼/네모트레이/16_X005_C172_0210/16_X005_C172_0210_3.Json,1,스티로폼류,플라스틱류,밀폐용기
/home/minsu/disk_c/trash_dataset/085.생활_폐기물_이미지/01.데이터/1.Training/라벨링데이터/스티로폼/네모트레이/16_X005_C172_0210/16_X005_C172_0210_0.Json,1,스티로폼류,플라스틱류,밀폐용기
/home/minsu/disk_c/trash_dataset/085.생활_폐기물_이미지/01.데이터/1.Training/라벨링데이터/스티로폼/네모트레이/16_X005_C172_0210/16_X005_C172_0210_1.Json,1,스티로폼류,플라스틱류,밀폐용기
/home/minsu/disk_c/trash_dataset/085.생활_폐기물_이미지/01.데이터/1.Training/라벨링데이터/스티로폼/네모트레이/16_X005_C172_0210/16_X005_C172_0210_4.Json,1,스티로폼류,플라스틱류,밀폐용기
/home/minsu/disk_c/trash_dataset/085.생활_폐기물_이미지/01.데이터/1.Training/라벨링데이터/스티로폼/네모트레이/16_X005_C172_0210/16_X005_C172_0210_2.Json,1,스티로폼류,플라스틱류,밀폐용기
/home/minsu/disk_c/trash_dataset/085.생활_폐기물_이미지/01.데이터/1.Training/라벨링데이터/스티로폼/네모트레이/16_X034_C045_0130/16_X034_C045_0130_4.Json,1,스티로폼류,종이류,포장상자
/home/minsu/disk_c/trash_dataset/085.생활_폐기물_이미지/01.데이터/1.Training/라벨링데이터/스티로폼/네모트레이/16_X034_C045_0130/16_X034_C045_0130_0.Json,1,스티로폼류,종이류,포장상자
/home/minsu/disk_c/trash_dataset/085.생활_폐기물_이미지/01.데이터/1.Training/라벨링데이터/스티로폼/네모트레이/16_X034_C045_0130/16_X034_C045_0130_3.Json,1,스티로폼류,종이류,포장상자
/home/minsu/disk_c/trash_dataset/085.생활_폐기물_이미지/01.데이터/1.Training/라벨링데이터/스티로폼/네모트레이/16_X034_C045_0130/16_X034_C045_0130_2.Json,1,스티로폼류,종이류,포장상자
/home/minsu/disk_c/trash_dataset/085.생활_폐기물_이미지/01.데이터/1.Training/라벨링데이터/스티로폼/네모트레이/16_X034_C045_0130/16_X034_C045_0130_1.Json,1,스티로폼류,종이류,포장상자
/home/minsu/disk_c/trash_dataset/085.생활_폐기물_이미지/01.데이터/1.Training/라벨링데이터/스티로폼/네모트레이/16_X005_C061_0129/16_X005_C061_0129_3.Json,1,스티로폼류,캔류,통조림캔
/home/minsu/disk_c/trash_dataset/085.생활_폐기물_이미지/01.데이터/1.Training/라벨링데이터/스티로폼/네모트레이/16_X005_C061_0129/16_X005_C061_0129_4.Json,1,스티로폼류,캔류,통조림캔
/home/minsu/disk_c/trash_dataset/085.생활_폐기물_이미지/01.데이터/1.Training/라벨링데이터/스티로폼/네모트레이/16_X005_C061_0129/16_X005_C061_0129_1.Json,1,스티로폼류,캔류,통조림캔
/home/minsu/disk_c/trash_dataset/085.생활_폐기물_이미지/01.데이터/1.Training/라벨링데이터/스티로폼/네모트레이/16_X005_C061_0129/16_X005_C061_0129_0.Json,1,스티로폼류,캔류,통조림캔
/home/minsu/disk_c/trash_dataset/085.생활_폐기물_이미지/01.데이터/1.Training/라벨링데이터/스티로폼/네모트레이/16_X005_C061_0129/16_X005_C061_0129_2.Json,1,스티로폼류,캔류,통조림캔
/home/minsu/disk_c/trash_dataset/085.생활_폐기물_이미지/01.데이터/1.Training/라벨링데이터/스티로폼/네모트레이/16_X033_C045_0130/16_X033_C045_0130_3.Json,1,스티로폼류,종이류,포장상자
/home/minsu/disk_c/trash_dataset/085.생활_폐기물_이미지/01.데이터/1.Training/라벨링데이터/스티로폼/네모트레이/16_X033_C045_0130/16_X033_C045_0130_1.Json,1,스티로폼류,종이류,포장상자
/home/minsu/disk_c/trash_dataset/085.생활_폐기물_이미지/01.데이터/1.Training/라벨링데이터/스티로폼/네모트레이/16_X033_C045_0130/16_X033_C045_0130_0.Json,1,스티로폼류,종이류,포장상자
/home/minsu/disk_c/trash_dataset/085.생활_폐기물_이미지/01.데이터/1.Training/라벨링데이터/스티로폼/네모트레이/16_X033_C045_0130/16_X033_C045_0130_2.Json,1,스티로폼류,종이류,포장상자
/home/minsu/disk_c/trash_dataset/085.생활_폐기물_이미지/01.데이터/1.Training/라벨링데이터/스티로폼/네모트레이/16_X033_C045_0130/16_X033_C045_0130_4.Json,1,스티로폼류,종이류,포장상자
/home/minsu/disk_c/trash_dataset/085.생활_폐기물_이미지/01.데이터/1.Training/라벨링데이터/스티로폼/네모트레이/16_X003_C061_0129/16_X003_C061_0129_3.Json,1,스티로폼류,캔류,통조림캔
/home/minsu/disk_c/trash_dataset/085.생활_폐기물_이미지/01.데이터/1.Training/라벨링데이터/스티로폼/네모트레이/16_X003_C061_0129/16_X003_C061_0129_2.Json,1,스티로폼류,캔류,통조림캔
/home/minsu/disk_c/trash_dataset/085.생활_폐기물_이미지/01.데이터/1.Training/라벨링데이터/스티로폼/네모트레이/16_X003_C061_0129/16_X003_C061_0129_4.Json,1,스티로폼류,캔류,통조림캔
/home/minsu/disk_c/trash_dataset/085.생활_폐기물_이미지/01.데이터/1.Training/라벨링데이터/스티로폼/네모트레이/16_X003_C061_0129/16_X003_C061_0129_0.Json,1,스티로폼류,캔류,통조림캔
/home/minsu/disk_c/trash_dataset/085.생활_폐기물_이미지/01.데이터/1.Training/라벨링데이터/스티로폼/네모트레이/16_X003_C061_0129/16_X003_C061_0129_1.Json,1,스티로폼류,캔류,통조림캔
/home/minsu/disk_c/trash_dataset/085.생활_폐기물_이미지/01.데이터/1.Training/라벨링데이터/스티로폼/네모트레이/16_X007_C061_0129/16_X007_C061_0129_0.Json,1,스티로폼류,캔류,음료수캔
/home/minsu/disk_c/trash_dataset/085.생활_폐기물_이미지/01.데이터/1.Training/라벨링데이터/스티로폼/네모트레이/16_X007_C061_0129/16_X007_C061_0129_2.Json,1,스티로폼류,캔류,음료수캔
/home/minsu/disk_c/trash_dataset/085.생활_폐기물_이미지/01.데이터/1.Training/라벨링데이터/스티로폼/네모트레이/16_X007_C061_0129/16_X007_C061_0129_4.Json,1,스티로폼류,캔류,음료수캔
/home/minsu/disk_c/trash_dataset/085.생활_폐기물_이미지/01.데이터/1.Training/라벨링데이터/스티로폼/네모트레이/16_X007_C061_0129/16_X007_C061_0129_3.Json,1,스티로폼류,캔류,음료수캔
/home/minsu/disk_c/trash_dataset/085.생활_폐기물_이미지/01.데이터/1.Training/라벨링데이터/스티로폼/네모트레이/16_X007_C061_0129/16_X007_C061_0129_1.Json,1,스티로폼류,캔류,음료수캔
/home/minsu/disk_c/trash_dataset/085.생활_폐기물_이미지/01.데이터/1.Training/라벨링데이터/스티로폼/네모트레이/16_X001_C551_0114/16_X001_C551_0114_1.Json,0,스티로폼류,플라스틱류,기타
/home/minsu/disk_c/trash_dataset/085.생활_폐기물_이미지/01.데이터/1.Training/라벨링데이터/스티로폼/네모트레이/16_X001_C551_0114/16_X001_C551_0114_0.Json,0,스티로폼류,플라스틱류,기타
/home/minsu/disk_c/trash_dataset/085.생활_폐기물_이미지/01.데이터/1.Training/라벨링데이터/스티로폼/네모트레이/16_X001_C551_0114/16_X001_C551_0114_3.Json,0,스티로폼류,플라스틱류,기타
/home/minsu/disk_c/trash_dataset/085.생활_폐기물_이미지/01.데이터/1.Training/라벨링데이터/스티로폼/네모트레이/16_X001_C551_0114/16_X001_C551_0114_2.Json,0,스티로폼류,플라스틱류,기타
/home/minsu/disk_c/trash_dataset/085.생활_폐기물_이미지/01.데이터/1.Training/라벨링데이터/스티로폼/네모트레이/16_X001_C551_0114/16_X001_C551_0114_4.Json,0,스티로폼류,플라스틱류,기타
/home/minsu/disk_c/trash_dataset/085.생활_폐기물_이미지/01.데이터/1.Training/라벨링데이터/스티로폼/네모트레이/16_X037_C058_0210/16_X037_C058_0210_4.Json,0,스티로폼류,고철류,고철
/home/minsu/disk_c/trash_dataset/085.생활_폐기물_이미지/01.데이터/1.Training/라벨링데이터/스티로폼/네모트레이/16_X037_C058_0210/16_X037_C058_0210_0.Json,1,스티로폼류,고철류,고철
/home/minsu/disk_c/trash_dataset/085.생활_폐기물_이미지/01.데이터/1.Training/라벨링데이터/스티로폼/네모트레이/16_X037_C058_0210/16_X037_C058_0210_1.Json,0,스티로폼류,고철류,고철
/home/minsu/disk_c/trash_dataset/085.생활_폐기물_이미지/01.데이터/1.Training/라벨링데이터/스티로폼/네모트레이/16_X037_C058_0210/16_X037_C058_0210_2.Json,1,스티로폼류,고철류,고철
/home/minsu/disk_c/trash_dataset/085.생활_폐기물_이미지/01.데이터/1.Training/라벨링데이터/스티로폼/네모트레이/16_X037_C058_0210/16_X037_C058_0210_3.Json,1,스티로폼류,고철류,고철
/home/minsu/disk_c/trash_dataset/085.생활_폐기물_이미지/01.데이터/1.Training/라벨링데이터/스티로폼/네모트레이/16_X002_C551_0114/16_X002_C551_0114_3.Json,1,스티로폼류,플라스틱류,밀폐용기
/home/minsu/disk_c/trash_dataset/085.생활_폐기물_이미지/01.데이터/1.Training/라벨링데이터/스티로폼/네모트레이/16_X002_C551_0114/16_X002_C551_0114_0.Json,1,스티로폼류,플라스틱류,밀폐용기
/home/minsu/disk_c/trash_dataset/085.생활_폐기물_이미지/01.데이터/1.Training/라벨링데이터/스티로폼/네모트레이/16_X002_C551_0114/16_X002_C551_0114_2.Json,1,스티로폼류,플라스틱류,밀폐용기
/home/minsu/disk_c/trash_dataset/085.생활_폐기물_이미지/01.데이터/1.Training/라벨링데이터/스티로폼/네모트레이/16_X002_C551_0114/16_X002_C551_0114_1.Json,1,스티로폼류,플라스틱류,밀폐용기
/home/minsu/disk_c/trash_dataset/085.생활_폐기물_이미지/01.데이터/1.Training/라벨링데이터/스티로폼/네모트레이/16_X002_C551_0114/16_X002_C551_0114_4.Json,0,스티로폼류,플라스틱류,밀폐용기
/home/minsu/disk_c/trash_dataset/085.생활_폐기물_이미지/01.데이터/1.Training/라벨링데이터/스티로폼/네모트레이/16_X039_C045_0130/16_X039_C045_0130_3.Json,1,스티로폼류,종이류,포장상자
/home/minsu/disk_c/trash_dataset/085.생활_폐기물_이미지/01.데이터/1.Training/라벨링데이터/스티로폼/네모트레이/16_X039_C045_0130/16_X039_C045_0130_1.Json,1,스티로폼류,종이류,포장상자
/home/minsu/disk_c/trash_dataset/085.생활_폐기물_이미지/01.데이터/1.Training/라벨링데이터/스티로폼/네모트레이/16_X039_C045_0130/16_X039_C045_0130_4.Json,1,스티로폼류,종이류,포장상자
/home/minsu/disk_c/trash_dataset/085.생활_폐기물_이미지/01.데이터/1.Training/라벨링데이터/스티로폼/네모트레이/16_X039_C045_0130/16_X039_C045_0130_2.Json,1,스티로폼류,종이류,포장상자
/home/minsu/disk_c/trash_dataset/085.생활_폐기물_이미지/01.데이터/1.Training/라벨링데이터/스티로폼/네모트레이/16_X039_C045_0130/16_X039_C045_0130_0.Json,1,스티로폼류,종이류,포장상자
/home/minsu/disk_c/trash_dataset/085.생활_폐기물_이미지/01.데이터/1.Training/라벨링데이터/스티로폼/네모트레이/16_X036_C045_0130/16_X036_C045_0130_4.Json,1,스티로폼류,종이류,포장상자
/home/minsu/disk_c/trash_dataset/085.생활_폐기물_이미지/01.데이터/1.Training/라벨링데이터/스티로폼/네모트레이/16_X036_C045_0130/16_X036_C045_0130_2.Json,1,스티로폼류,종이류,포장상자
/home/minsu/disk_c/trash_dataset/085.생활_폐기물_이미지/01.데이터/1.Training/라벨링데이터/스티로폼/네모트레이/16_X036_C045_0130/16_X036_C045_0130_1.Json,1,스티로폼류,종이류,포장상자
/home/minsu/disk_c/trash_dataset/085.생활_폐기물_이미지/01.데이터/1.Training/라벨링데이터/스티로폼/네모트레이/16_X036_C045_0130/16_X036_C045_0130_3.Json,1,스티로폼류,종이류,포장상자
/home/minsu/disk_c/trash_dataset/085.생활_폐기물_이미지/01.데이터/1.Training/라벨링데이터/스티로폼/네모트레이/16_X036_C045_0130/16_X036_C045_0130_0.Json,1,스티로폼류,종이류,포장상자
/home/minsu/disk_c/trash_dataset/085.생활_폐기물_이미지/01.데이터/1.Training/라벨링데이터/스티로폼/네모트레이/16_X006_C061_0129/16_X006_C061_0129_3.Json,1,스티로폼류,캔류,커피캔
/home/minsu/disk_c/trash_dataset/085.생활_폐기물_이미지/01.데이터/1.Training/라벨링데이터/스티로폼/네모트레이/16_X006_C061_0129/16_X006_C061_0129_4.Json,1,스티로폼류,캔류,커피캔
/home/minsu/disk_c/trash_dataset/085.생활_폐기물_이미지/01.데이터/1.Training/라벨링데이터/스티로폼/네모트레이/16_X006_C061_0129/16_X006_C061_0129_1.Json,1,스티로폼류,캔류,커피캔
/home/minsu/disk_c/trash_dataset/085.생활_폐기물_이미지/01.데이터/1.Training/라벨링데이터/스티로폼/네모트레이/16_X006_C061_0129/16_X006_C061_0129_0.Json,1,스티로폼류,캔류,커피캔
/home/minsu/disk_c/trash_dataset/085.생활_폐기물_이미지/01.데이터/1.Training/라벨링데이터/스티로폼/네모트레이/16_X006_C061_0129/16_X006_C061_0129_2.Json,1,스티로폼류,캔류,커피캔
/home/minsu/disk_c/trash_dataset/085.생활_폐기물_이미지/01.데이터/1.Training/라벨링데이터/스티로폼/네모트레이/16_X051_C058_0210/16_X051_C058_0210_1.Json,0,스티로폼류,고철류,고철
/home/minsu/disk_c/trash_dataset/085.생활_폐기물_이미지/01.데이터/1.Training/라벨링데이터/스티로폼/네모트레이/16_X051_C058_0210/16_X051_C058_0210_2.Json,0,스티로폼류,고철류,고철
/home/minsu/disk_c/trash_dataset/085.생활_폐기물_이미지/01.데이터/1.Training/라벨링데이터/스티로폼/네모트레이/16_X051_C058_0210/16_X051_C058_0210_3.Json,0,스티로폼류,고철류,고철
/home/minsu/disk_c/trash_dataset/085.생활_폐기물_이미지/01.데이터/1.Training/라벨링데이터/스티로폼/네모트레이/16_X051_C058_0210/16_X051_C058_0210_0.Json,1,스티로폼류,고철류,고철
/home/minsu/disk_c/trash_dataset/085.생활_폐기물_이미지/01.데이터/1.Training/라벨링데이터/스티로폼/네모트레이/16_X051_C058_0210/16_X051_C058_0210_4.Json,0,스티로폼류,고철류,고철
/home/minsu/disk_c/trash_dataset/085.생활_폐기물_이미지/01.데이터/1.Training/라벨링데이터/스티로폼/네모트레이/16_X033_C058_0210/16_X033_C058_0210_2.Json,0,스티로폼류,고철류,고철
/home/minsu/disk_c/trash_dataset/085.생활_폐기물_이미지/01.데이터/1.Training/라벨링데이터/스티로폼/네모트레이/16_X033_C058_0210/16_X033_C058_0210_3.Json,0,스티로폼류,고철류,고철
/home/minsu/disk_c/trash_dataset/085.생활_폐기물_이미지/01.데이터/1.Training/라벨링데이터/스티로폼/네모트레이/16_X033_C058_0210/16_X033_C058_0210_1.Json,0,스티로폼류,고철류,고철
/home/minsu/disk_c/trash_dataset/085.생활_폐기물_이미지/01.데이터/1.Training/라벨링데이터/스티로폼/네모트레이/16_X033_C058_0210/16_X033_C058_0210_4.Json,0,스티로폼류,고철류,고철
/home/minsu/disk_c/trash_dataset/085.생활_폐기물_이미지/01.데이터/1.Training/라벨링데이터/스티로폼/네모트레이/16_X033_C058_0210/16_X033_C058_0210_0.Json,1,스티로폼류,고철류,고철
/home/minsu/disk_c/trash_dataset/085.생활_폐기물_이미지/01.데이터/1.Training/라벨링데이터/스티로폼/네모트레이/16_X089_C102_0321/16_X089_C102_0321_3.Json,0,스티로폼류,캔류,통조림캔
/home/minsu/disk_c/trash_dataset/085.생활_폐기물_이미지/01.데이터/1.Training/라벨링데이터/스티로폼/네모트레이/16_X089_C102_0321/16_X089_C102_0321_1.Json,1,스티로폼류,캔류,통조림캔
/home/minsu/disk_c/trash_dataset/085.생활_폐기물_이미지/01.데이터/1.Training/라벨링데이터/스티로폼/네모트레이/16_X089_C102_0321/16_X089_C102_0321_4.Json,0,스티로폼류,캔류,통조림캔
/home/minsu/disk_c/trash_dataset/085.생활_폐기물_이미지/01.데이터/1.Training/라벨링데이터/스티로폼/네모트레이/16_X089_C102_0321/16_X089_C102_0321_0.Json,1,스티로폼류,캔류,통조림캔
/home/minsu/disk_c/trash_dataset/085.생활_폐기물_이미지/01.데이터/1.Training/라벨링데이터/스티로폼/네모트레이/16_X089_C102_0321/16_X089_C102_0321_2.Json,0,스티로폼류,캔류,통조림캔
/home/minsu/disk_c/trash_dataset/085.생활_폐기물_이미지/01.데이터/1.Training/라벨링데이터/스티로폼/네모트레이/16_X049_C058_0210/16_X049_C058_0210_0.Json,1,스티로폼류,고철류,고철
/home/minsu/disk_c/trash_dataset/085.생활_폐기물_이미지/01.데이터/1.Training/라벨링데이터/스티로폼/네모트레이/16_X049_C058_0210/16_X049_C058_0210_1.Json,0,스티로폼류,고철류,고철
/home/minsu/disk_c/trash_dataset/085.생활_폐기물_이미지/01.데이터/1.Training/라벨링데이터/스티로폼/네모트레이/16_X049_C058_0210/16_X049_C058_0210_3.Json,0,스티로폼류,고철류,고철
/home/minsu/disk_c/trash_dataset/085.생활_폐기물_이미지/01.데이터/1.Training/라벨링데이터/스티로폼/네모트레이/16_X049_C058_0210/16_X049_C058_0210_2.Json,0,스티로폼류,고철류,고철
/home/minsu/disk_c/trash_dataset/085.생활_폐기물_이미지/01.데이터/1.Training/라벨링데이터/스티로폼/네모트레이/16_X049_C058_0210/16_X049_C058_0210_4.Json,1,스티로폼류,고철류,고철
/home/minsu/disk_c/trash_dataset/085.생활_폐기물_이미지/01.데이터/1.Training/라벨링데이터/스티로폼/네모트레이/16_X001_C581_0114/16_X001_C581_0114_4.Json,1,스티로폼류,플라스틱류,기타
/home/minsu/disk_c/trash_dataset/085.생활_폐기물_이미지/01.데이터/1.Training/라벨링데이터/스티로폼/네모트레이/16_X001_C581_0114/16_X001_C581_0114_2.Json,0,스티로폼류,플라스틱류,기타
/home/minsu/disk_c/trash_dataset/085.생활_폐기물_이미지/01.데이터/1.Training/라벨링데이터/스티로폼/네모트레이/16_X001_C581_0114/16_X001_C581_0114_1.Json,0,스티로폼류,플라스틱류,기타
/home/minsu/disk_c/trash_dataset/085.생활_폐기물_이미지/01.데이터/1.Training/라벨링데이터/스티로폼/네모트레이/16_X001_C581_0114/16_X001_C581_0114_0.Json,0,스티로폼류,플라스틱류,기타
/home/minsu/disk_c/trash_dataset/085.생활_폐기물_이미지/01.데이터/1.Training/라벨링데이터/스티로폼/네모트레이/16_X001_C581_0114/16_X001_C581_0114_3.Json,0,스티로폼류,플라스틱류,기타
/home/minsu/disk_c/trash_dataset/085.생활_폐기물_이미지/01.데이터/1.Training/라벨링데이터/스티로폼/네모트레이/16_X037_C045_0130/16_X037_C045_0130_4.Json,1,스티로폼류,종이류,포장상자
/home/minsu/disk_c/trash_dataset/085.생활_폐기물_이미지/01.데이터/1.Training/라벨링데이터/스티로폼/네모트레이/16_X037_C045_0130/16_X037_C045_0130_3.Json,1,스티로폼류,종이류,포장상자
/home/minsu/disk_c/trash_dataset/085.생활_폐기물_이미지/01.데이터/1.Training/라벨링데이터/스티로폼/네모트레이/16_X037_C045_0130/16_X037_C045_0130_2.Json,1,스티로폼류,종이류,포장상자
/home/minsu/disk_c/trash_dataset/085.생활_폐기물_이미지/01.데이터/1.Training/라벨링데이터/스티로폼/네모트레이/16_X037_C045_0130/16_X037_C045_0130_1.Json,1,스티로폼류,종이류,포장상자
/home/minsu/disk_c/trash_dataset/085.생활_폐기물_이미지/01.데이터/1.Training/라벨링데이터/스티로폼/네모트레이/16_X037_C045_0130/16_X037_C045_0130_0.Json,1,스티로폼류,종이류,포장상자
/home/minsu/disk_c/trash_dataset/085.생활_폐기물_이미지/01.데이터/1.Training/라벨링데이터/스티로폼/네모트레이/16_X004_C061_0129/16_X004_C061_0129_1.Json,1,스티로폼류,캔류,스팸류
/home/minsu/disk_c/trash_dataset/085.생활_폐기물_이미지/01.데이터/1.Training/라벨링데이터/스티로폼/네모트레이/16_X004_C061_0129/16_X004_C061_0129_3.Json,1,스티로폼류,캔류,스팸류
/home/minsu/disk_c/trash_dataset/085.생활_폐기물_이미지/01.데이터/1.Training/라벨링데이터/스티로폼/네모트레이/16_X004_C061_0129/16_X004_C061_0129_0.Json,1,스티로폼류,캔류,스팸류
/home/minsu/disk_c/trash_dataset/085.생활_폐기물_이미지/01.데이터/1.Training/라벨링데이터/스티로폼/네모트레이/16_X004_C061_0129/16_X004_C061_0129_4.Json,1,스티로폼류,캔류,스팸류
/home/minsu/disk_c/trash_dataset/085.생활_폐기물_이미지/01.데이터/1.Training/라벨링데이터/스티로폼/네모트레이/16_X004_C061_0129/16_X004_C061_0129_2.Json,1,스티로폼류,캔류,스팸류
/home/minsu/disk_c/trash_dataset/085.생활_폐기물_이미지/01.데이터/1.Training/라벨링데이터/스티로폼/네모트레이/16_X028_C058_0210/16_X028_C058_0210_1.Json,0,스티로폼류,고철류,고철
/home/minsu/disk_c/trash_dataset/085.생활_폐기물_이미지/01.데이터/1.Training/라벨링데이터/스티로폼/네모트레이/16_X028_C058_0210/16_X028_C058_0210_4.Json,0,스티로폼류,고철류,고철
/home/minsu/disk_c/trash_dataset/085.생활_폐기물_이미지/01.데이터/1.Training/라벨링데이터/스티로폼/네모트레이/16_X028_C058_0210/16_X028_C058_0210_0.Json,1,스티로폼류,고철류,고철
/home/minsu/disk_c/trash_dataset/085.생활_폐기물_이미지/01.데이터/1.Training/라벨링데이터/스티로폼/네모트레이/16_X028_C058_0210/16_X028_C058_0210_3.Json,0,스티로폼류,고철류,고철
/home/minsu/disk_c/trash_dataset/085.생활_폐기물_이미지/01.데이터/1.Training/라벨링데이터/스티로폼/네모트레이/16_X028_C058_0210/16_X028_C058_0210_2.Json,0,스티로폼류,고철류,고철
/home/minsu/disk_c/trash_dataset/085.생활_폐기물_이미지/01.데이터/1.Training/라벨링데이터/스티로폼/네모트레이/16_X050_C058_0210/16_X050_C058_0210_2.Json,0,스티로폼류,고철류,고철
/home/minsu/disk_c/trash_dataset/085.생활_폐기물_이미지/01.데이터/1.Training/라벨링데이터/스티로폼/네모트레이/16_X050_C058_0210/16_X050_C058_0210_3.Json,0,스티로폼류,고철류,고철
/home/minsu/disk_c/trash_dataset/085.생활_폐기물_이미지/01.데이터/1.Training/라벨링데이터/스티로폼/네모트레이/16_X050_C058_0210/16_X050_C058_0210_0.Json,1,스티로폼류,고철류,고철
/home/minsu/disk_c/trash_dataset/085.생활_폐기물_이미지/01.데이터/1.Training/라벨링데이터/스티로폼/네모트레이/16_X050_C058_0210/16_X050_C058_0210_4.Json,0,스티로폼류,고철류,고철
/home/minsu/disk_c/trash_dataset/085.생활_폐기물_이미지/01.데이터/1.Training/라벨링데이터/스티로폼/네모트레이/16_X050_C058_0210/16_X050_C058_0210_1.Json,0,스티로폼류,고철류,고철
/home/minsu/disk_c/trash_dataset/085.생활_폐기물_이미지/01.데이터/1.Training/라벨링데이터/스티로폼/네모트레이/16_X006_C061_0128/16_X006_C061_0128_1.Json,1,스티로폼류,캔류,커피캔
/home/minsu/disk_c/trash_dataset/085.생활_폐기물_이미지/01.데이터/1.Training/라벨링데이터/스티로폼/네모트레이/16_X006_C061_0128/16_X006_C061_0128_0.Json,1,스티로폼류,캔류,커피캔
/home/minsu/disk_c/trash_dataset/085.생활_폐기물_이미지/01.데이터/1.Training/라벨링데이터/스티로폼/네모트레이/16_X006_C061_0128/16_X006_C061_0128_3.Json,1,스티로폼류,캔류,커피캔
/home/minsu/disk_c/trash_dataset/085.생활_폐기물_이미지/01.데이터/1.Training/라벨링데이터/스티로폼/네모트레이/16_X006_C061_0128/16_X006_C061_0128_2.Json,1,스티로폼류,캔류,커피캔
/home/minsu/disk_c/trash_dataset/085.생활_폐기물_이미지/01.데이터/1.Training/라벨링데이터/스티로폼/네모트레이/16_X006_C061_0128/16_X006_C061_0128_4.Json,1,스티로폼류,캔류,커피캔
/home/minsu/disk_c/trash_dataset/085.생활_폐기물_이미지/01.데이터/1.Training/라벨링데이터/스티로폼/네모트레이/16_X018_C045_0201/16_X018_C045_0201_3.Json,1,스티로폼류,전자제품,이동전화단말기
/home/minsu/disk_c/trash_dataset/085.생활_폐기물_이미지/01.데이터/1.Training/라벨링데이터/스티로폼/네모트레이/16_X018_C045_0201/16_X018_C045_0201_1.Json,1,스티로폼류,전자제품,이동전화단말기
/home/minsu/disk_c/trash_dataset/085.생활_폐기물_이미지/01.데이터/1.Training/라벨링데이터/스티로폼/네모트레이/16_X018_C045_0201/16_X018_C045_0201_2.Json,1,스티로폼류,전자제품,이동전화단말기
/home/minsu/disk_c/trash_dataset/085.생활_폐기물_이미지/01.데이터/1.Training/라벨링데이터/스티로폼/네모트레이/16_X018_C045_0201/16_X018_C045_0201_4.Json,1,스티로폼류,전자제품,이동전화단말기
/home/minsu/disk_c/trash_dataset/085.생활_폐기물_이미지/01.데이터/1.Training/라벨링데이터/스티로폼/네모트레이/16_X018_C045_0201/16_X018_C045_0201_0.Json,1,스티로폼류,전자제품,이동전화단말기
/home/minsu/disk_c/trash_dataset/085.생활_폐기물_이미지/01.데이터/1.Training/라벨링데이터/스티로폼/네모트레이/16_X047_C058_0210/16_X047_C058_0210_1.Json,0,스티로폼류,고철류,고철
/home/minsu/disk_c/trash_dataset/085.생활_폐기물_이미지/01.데이터/1.Training/라벨링데이터/스티로폼/네모트레이/16_X047_C058_0210/16_X047_C058_0210_2.Json,1,스티로폼류,고철류,고철
/home/minsu/disk_c/trash_dataset/085.생활_폐기물_이미지/01.데이터/1.Training/라벨링데이터/스티로폼/네모트레이/16_X047_C058_0210/16_X047_C058_0210_0.Json,1,스티로폼류,고철류,고철
/home/minsu/disk_c/trash_dataset/085.생활_폐기물_이미지/01.데이터/1.Training/라벨링데이터/스티로폼/네모트레이/16_X047_C058_0210/16_X047_C058_0210_3.Json,1,스티로폼류,고철류,고철
/home/minsu/disk_c/trash_dataset/085.생활_폐기물_이미지/01.데이터/1.Training/라벨링데이터/스티로폼/네모트레이/16_X047_C058_0210/16_X047_C058_0210_4.Json,0,스티로폼류,고철류,고철
/home/minsu/disk_c/trash_dataset/085.생활_폐기물_이미지/01.데이터/1.Training/라벨링데이터/스티로폼/네모트레이/16_X002_C045_0201/16_X002_C045_0201_4.Json,1,스티로폼류,전자제품,이동전화단말기
/home/minsu/disk_c/trash_dataset/085.생활_폐기물_이미지/01.데이터/1.Training/라벨링데이터/스티로폼/네모트레이/16_X002_C045_0201/16_X002_C045_0201_3.Json,1,스티로폼류,전자제품,이동전화단말기
/home/minsu/disk_c/trash_dataset/085.생활_폐기물_이미지/01.데이터/1.Training/라벨링데이터/스티로폼/네모트레이/16_X002_C045_0201/16_X002_C045_0201_2.Json,1,스티로폼류,전자제품,이동전화단말기
/home/minsu/disk_c/trash_dataset/085.생활_폐기물_이미지/01.데이터/1.Training/라벨링데이터/스티로폼/네모트레이/16_X002_C045_0201/16_X002_C045_0201_0.Json,1,스티로폼류,전자제품,이동전화단말기
/home/minsu/disk_c/trash_dataset/085.생활_폐기물_이미지/01.데이터/1.Training/라벨링데이터/스티로폼/네모트레이/16_X002_C045_0201/16_X002_C045_0201_1.Json,1,스티로폼류,전자제품,이동전화단말기
/home/minsu/disk_c/trash_dataset/085.생활_폐기물_이미지/01.데이터/1.Training/라벨링데이터/스티로폼/네모트레이/16_X044_C058_0210/16_X044_C058_0210_1.Json,0,스티로폼류,고철류,고철
/home/minsu/disk_c/trash_dataset/085.생활_폐기물_이미지/01.데이터/1.Training/라벨링데이터/스티로폼/네모트레이/16_X044_C058_0210/16_X044_C058_0210_0.Json,1,스티로폼류,고철류,고철
/home/minsu/disk_c/trash_dataset/085.생활_폐기물_이미지/01.데이터/1.Training/라벨링데이터/스티로폼/네모트레이/16_X044_C058_0210/16_X044_C058_0210_3.Json,0,스티로폼류,고철류,고철
/home/minsu/disk_c/trash_dataset/085.생활_폐기물_이미지/01.데이터/1.Training/라벨링데이터/스티로폼/네모트레이/16_X044_C058_0210/16_X044_C058_0210_4.Json,0,스티로폼류,고철류,고철
/home/minsu/disk_c/trash_dataset/085.생활_폐기물_이미지/01.데이터/1.Training/라벨링데이터/스티로폼/네모트레이/16_X044_C058_0210/16_X044_C058_0210_2.Json,0,스티로폼류,고철류,고철
/home/minsu/disk_c/trash_dataset/085.생활_폐기물_이미지/01.데이터/1.Training/라벨링데이터/스티로폼/네모트레이/16_X004_C045_0201/16_X004_C045_0201_1.Json,1,스티로폼류,전자제품,이동전화단말기
/home/minsu/disk_c/trash_dataset/085.생활_폐기물_이미지/01.데이터/1.Training/라벨링데이터/스티로폼/네모트레이/16_X004_C045_0201/16_X004_C045_0201_4.Json,1,스티로폼류,전자제품,이동전화단말기
/home/minsu/disk_c/trash_dataset/085.생활_폐기물_이미지/01.데이터/1.Training/라벨링데이터/스티로폼/네모트레이/16_X004_C045_0201/16_X004_C045_0201_3.Json,1,스티로폼류,전자제품,이동전화단말기
/home/minsu/disk_c/trash_dataset/085.생활_폐기물_이미지/01.데이터/1.Training/라벨링데이터/스티로폼/네모트레이/16_X004_C045_0201/16_X004_C045_0201_2.Json,1,스티로폼류,전자제품,이동전화단말기
/home/minsu/disk_c/trash_dataset/085.생활_폐기물_이미지/01.데이터/1.Training/라벨링데이터/스티로폼/네모트레이/16_X004_C045_0201/16_X004_C045_0201_0.Json,1,스티로폼류,전자제품,이동전화단말기
/home/minsu/disk_c/trash_dataset/085.생활_폐기물_이미지/01.데이터/1.Training/라벨링데이터/스티로폼/네모트레이/16_X010_C061_0131/16_X010_C061_0131_2.Json,1,스티로폼류,종이류,책자
/home/minsu/disk_c/trash_dataset/085.생활_폐기물_이미지/01.데이터/1.Training/라벨링데이터/스티로폼/네모트레이/16_X010_C061_0131/16_X010_C061_0131_4.Json,1,스티로폼류,종이류,책자
/home/minsu/disk_c/trash_dataset/085.생활_폐기물_이미지/01.데이터/1.Training/라벨링데이터/스티로폼/네모트레이/16_X010_C061_0131/16_X010_C061_0131_1.Json,1,스티로폼류,종이류,책자
/home/minsu/disk_c/trash_dataset/085.생활_폐기물_이미지/01.데이터/1.Training/라벨링데이터/스티로폼/네모트레이/16_X010_C061_0131/16_X010_C061_0131_0.Json,1,스티로폼류,종이류,책자
/home/minsu/disk_c/trash_dataset/085.생활_폐기물_이미지/01.데이터/1.Training/라벨링데이터/스티로폼/네모트레이/16_X010_C061_0131/16_X010_C061_0131_3.Json,1,스티로폼류,종이류,책자
/home/minsu/disk_c/trash_dataset/085.생활_폐기물_이미지/01.데이터/1.Training/라벨링데이터/스티로폼/네모트레이/16_X036_C058_0210/16_X036_C058_0210_1.Json,0,스티로폼류,고철류,고철
/home/minsu/disk_c/trash_dataset/085.생활_폐기물_이미지/01.데이터/1.Training/라벨링데이터/스티로폼/네모트레이/16_X036_C058_0210/16_X036_C058_0210_4.Json,0,스티로폼류,고철류,고철
/home/minsu/disk_c/trash_dataset/085.생활_폐기물_이미지/01.데이터/1.Training/라벨링데이터/스티로폼/네모트레이/16_X036_C058_0210/16_X036_C058_0210_3.Json,0,스티로폼류,고철류,고철
/home/minsu/disk_c/trash_dataset/085.생활_폐기물_이미지/01.데이터/1.Training/라벨링데이터/스티로폼/네모트레이/16_X036_C058_0210/16_X036_C058_0210_2.Json,0,스티로폼류,고철류,고철
/home/minsu/disk_c/trash_dataset/085.생활_폐기물_이미지/01.데이터/1.Training/라벨링데이터/스티로폼/네모트레이/16_X036_C058_0210/16_X036_C058_0210_0.Json,1,스티로폼류,고철류,고철
/home/minsu/disk_c/trash_dataset/085.생활_폐기물_이미지/01.데이터/1.Training/라벨링데이터/스티로폼/네모트레이/16_X005_C061_0128/16_X005_C061_0128_4.Json,1,스티로폼류,캔류,음료수캔
/home/minsu/disk_c/trash_dataset/085.생활_폐기물_이미지/01.데이터/1.Training/라벨링데이터/스티로폼/네모트레이/16_X005_C061_0128/16_X005_C061_0128_3.Json,1,스티로폼류,캔류,음료수캔
/home/minsu/disk_c/trash_dataset/085.생활_폐기물_이미지/01.데이터/1.Training/라벨링데이터/스티로폼/네모트레이/16_X005_C061_0128/16_X005_C061_0128_1.Json,1,스티로폼류,캔류,음료수캔
/home/minsu/disk_c/trash_dataset/085.생활_폐기물_이미지/01.데이터/1.Training/라벨링데이터/스티로폼/네모트레이/16_X005_C061_0128/16_X005_C061_0128_0.Json,1,스티로폼류,캔류,음료수캔
/home/minsu/disk_c/trash_dataset/085.생활_폐기물_이미지/01.데이터/1.Training/라벨링데이터/스티로폼/네모트레이/16_X005_C061_0128/16_X005_C061_0128_2.Json,1,스티로폼류,캔류,음료수캔
/home/minsu/disk_c/trash_dataset/085.생활_폐기물_이미지/01.데이터/1.Training/라벨링데이터/스티로폼/네모트레이/16_X040_C058_0210/16_X040_C058_0210_3.Json,0,스티로폼류,고철류,고철
/home/minsu/disk_c/trash_dataset/085.생활_폐기물_이미지/01.데이터/1.Training/라벨링데이터/스티로폼/네모트레이/16_X040_C058_0210/16_X040_C058_0210_4.Json,0,스티로폼류,고철류,고철
/home/minsu/disk_c/trash_dataset/085.생활_폐기물_이미지/01.데이터/1.Training/라벨링데이터/스티로폼/네모트레이/16_X040_C058_0210/16_X040_C058_0210_1.Json,0,스티로폼류,고철류,고철
/home/minsu/disk_c/trash_dataset/085.생활_폐기물_이미지/01.데이터/1.Training/라벨링데이터/스티로폼/네모트레이/16_X040_C058_0210/16_X040_C058_0210_0.Json,1,스티로폼류,고철류,고철
/home/minsu/disk_c/trash_dataset/085.생활_폐기물_이미지/01.데이터/1.Training/라벨링데이터/스티로폼/네모트레이/16_X040_C058_0210/16_X040_C058_0210_2.Json,0,스티로폼류,고철류,고철
/home/minsu/disk_c/trash_dataset/085.생활_폐기물_이미지/01.데이터/1.Training/라벨링데이터/스티로폼/네모트레이/16_X027_C058_0210/16_X027_C058_0210_3.Json,0,스티로폼류,고철류,고철
/home/minsu/disk_c/trash_dataset/085.생활_폐기물_이미지/01.데이터/1.Training/라벨링데이터/스티로폼/네모트레이/16_X027_C058_0210/16_X027_C058_0210_2.Json,0,스티로폼류,고철류,고철
/home/minsu/disk_c/trash_dataset/085.생활_폐기물_이미지/01.데이터/1.Training/라벨링데이터/스티로폼/네모트레이/16_X027_C058_0210/16_X027_C058_0210_4.Json,0,스티로폼류,고철류,고철
/home/minsu/disk_c/trash_dataset/085.생활_폐기물_이미지/01.데이터/1.Training/라벨링데이터/스티로폼/네모트레이/16_X027_C058_0210/16_X027_C058_0210_0.Json,1,스티로폼류,고철류,고철
/home/minsu/disk_c/trash_dataset/085.생활_폐기물_이미지/01.데이터/1.Training/라벨링데이터/스티로폼/네모트레이/16_X027_C058_0210/16_X027_C058_0210_1.Json,0,스티로폼류,고철류,고철
/home/minsu/disk_c/trash_dataset/085.생활_폐기물_이미지/01.데이터/1.Training/라벨링데이터/스티로폼/네모트레이/16_X002_C061_0131/16_X002_C061_0131_0.Json,1,스티로폼류,플라스틱류,기타
/home/minsu/disk_c/trash_dataset/085.생활_폐기물_이미지/01.데이터/1.Training/라벨링데이터/스티로폼/네모트레이/16_X002_C061_0131/16_X002_C061_0131_1.Json,1,스티로폼류,플라스틱류,기타
/home/minsu/disk_c/trash_dataset/085.생활_폐기물_이미지/01.데이터/1.Training/라벨링데이터/스티로폼/네모트레이/16_X002_C061_0131/16_X002_C061_0131_3.Json,1,스티로폼류,플라스틱류,기타
/home/minsu/disk_c/trash_dataset/085.생활_폐기물_이미지/01.데이터/1.Training/라벨링데이터/스티로폼/네모트레이/16_X002_C061_0131/16_X002_C061_0131_4.Json,1,스티로폼류,플라스틱류,기타
/home/minsu/disk_c/trash_dataset/085.생활_폐기물_이미지/01.데이터/1.Training/라벨링데이터/스티로폼/네모트레이/16_X002_C061_0131/16_X002_C061_0131_2.Json,1,스티로폼류,플라스틱류,기타
/home/minsu/disk_c/trash_dataset/085.생활_폐기물_이미지/01.데이터/1.Training/라벨링데이터/스티로폼/네모트레이/16_X009_C061_0129/16_X009_C061_0129_3.Json,1,스티로폼류,캔류,음료수캔
/home/minsu/disk_c/trash_dataset/085.생활_폐기물_이미지/01.데이터/1.Training/라벨링데이터/스티로폼/네모트레이/16_X009_C061_0129/16_X009_C061_0129_2.Json,1,스티로폼류,캔류,음료수캔
/home/minsu/disk_c/trash_dataset/085.생활_폐기물_이미지/01.데이터/1.Training/라벨링데이터/스티로폼/네모트레이/16_X009_C061_0129/16_X009_C061_0129_0.Json,1,스티로폼류,캔류,음료수캔
/home/minsu/disk_c/trash_dataset/085.생활_폐기물_이미지/01.데이터/1.Training/라벨링데이터/스티로폼/네모트레이/16_X009_C061_0129/16_X009_C061_0129_4.Json,1,스티로폼류,캔류,음료수캔
/home/minsu/disk_c/trash_dataset/085.생활_폐기물_이미지/01.데이터/1.Training/라벨링데이터/스티로폼/네모트레이/16_X009_C061_0129/16_X009_C061_0129_1.Json,1,스티로폼류,캔류,음료수캔
/home/minsu/disk_c/trash_dataset/085.생활_폐기물_이미지/01.데이터/1.Training/라벨링데이터/스티로폼/네모트레이/16_X031_C058_0210/16_X031_C058_0210_0.Json,1,스티로폼류,고철류,고철
/home/minsu/disk_c/trash_dataset/085.생활_폐기물_이미지/01.데이터/1.Training/라벨링데이터/스티로폼/네모트레이/16_X031_C058_0210/16_X031_C058_0210_3.Json,0,스티로폼류,고철류,고철
/home/minsu/disk_c/trash_dataset/085.생활_폐기물_이미지/01.데이터/1.Training/라벨링데이터/스티로폼/네모트레이/16_X031_C058_0210/16_X031_C058_0210_1.Json,0,스티로폼류,고철류,고철
/home/minsu/disk_c/trash_dataset/085.생활_폐기물_이미지/01.데이터/1.Training/라벨링데이터/스티로폼/네모트레이/16_X031_C058_0210/16_X031_C058_0210_2.Json,0,스티로폼류,고철류,고철
/home/minsu/disk_c/trash_dataset/085.생활_폐기물_이미지/01.데이터/1.Training/라벨링데이터/스티로폼/네모트레이/16_X031_C058_0210/16_X031_C058_0210_4.Json,0,스티로폼류,고철류,고철
/home/minsu/disk_c/trash_dataset/085.생활_폐기물_이미지/01.데이터/1.Training/라벨링데이터/스티로폼/네모트레이/16_X025_C058_0210/16_X025_C058_0210_3.Json,0,스티로폼류,고철류,고철
/home/minsu/disk_c/trash_dataset/085.생활_폐기물_이미지/01.데이터/1.Training/라벨링데이터/스티로폼/네모트레이/16_X025_C058_0210/16_X025_C058_0210_2.Json,0,스티로폼류,고철류,고철
/home/minsu/disk_c/trash_dataset/085.생활_폐기물_이미지/01.데이터/1.Training/라벨링데이터/스티로폼/네모트레이/16_X025_C058_0210/16_X025_C058_0210_0.Json,1,스티로폼류,고철류,고철
/home/minsu/disk_c/trash_dataset/085.생활_폐기물_이미지/01.데이터/1.Training/라벨링데이터/스티로폼/네모트레이/16_X025_C058_0210/16_X025_C058_0210_1.Json,0,스티로폼류,고철류,고철
/home/minsu/disk_c/trash_dataset/085.생활_폐기물_이미지/01.데이터/1.Training/라벨링데이터/스티로폼/네모트레이/16_X025_C058_0210/16_X025_C058_0210_4.Json,0,스티로폼류,고철류,고철
/home/minsu/disk_c/trash_dataset/085.생활_폐기물_이미지/01.데이터/1.Training/라벨링데이터/스티로폼/네모트레이/16_X002_C058_0210/16_X002_C058_0210_4.Json,1,스티로폼류,고철류,고철
/home/minsu/disk_c/trash_dataset/085.생활_폐기물_이미지/01.데이터/1.Training/라벨링데이터/스티로폼/네모트레이/16_X002_C058_0210/16_X002_C058_0210_1.Json,1,스티로폼류,고철류,고철
/home/minsu/disk_c/trash_dataset/085.생활_폐기물_이미지/01.데이터/1.Training/라벨링데이터/스티로폼/네모트레이/16_X002_C058_0210/16_X002_C058_0210_2.Json,1,스티로폼류,고철류,고철
/home/minsu/disk_c/trash_dataset/085.생활_폐기물_이미지/01.데이터/1.Training/라벨링데이터/스티로폼/네모트레이/16_X002_C058_0210/16_X002_C058_0210_3.Json,1,스티로폼류,고철류,고철
/home/minsu/disk_c/trash_dataset/085.생활_폐기물_이미지/01.데이터/1.Training/라벨링데이터/스티로폼/네모트레이/16_X002_C058_0210/16_X002_C058_0210_0.Json,1,스티로폼류,고철류,고철
/home/minsu/disk_c/trash_dataset/085.생활_폐기물_이미지/01.데이터/1.Training/라벨링데이터/스티로폼/보호재/16_X091_C102_0321/16_X091_C102_0321_0.Json,1,스티로폼류,캔류,음료수캔
/home/minsu/disk_c/trash_dataset/085.생활_폐기물_이미지/01.데이터/1.Training/라벨링데이터/스티로폼/보호재/16_X091_C102_0321/16_X091_C102_0321_3.Json,1,스티로폼류,캔류,음료수캔
/home/minsu/disk_c/trash_dataset/085.생활_폐기물_이미지/01.데이터/1.Training/라벨링데이터/스티로폼/보호재/16_X091_C102_0321/16_X091_C102_0321_2.Json,0,스티로폼류,캔류,커피캔
/home/minsu/disk_c/trash_dataset/085.생활_폐기물_이미지/01.데이터/1.Training/라벨링데이터/스티로폼/보호재/16_X091_C102_0321/16_X091_C102_0321_1.Json,0,스티로폼류,캔류,음료수캔
/home/minsu/disk_c/trash_dataset/085.생활_폐기물_이미지/01.데이터/1.Training/라벨링데이터/스티로폼/보호재/16_X091_C102_0321/16_X091_C102_0321_4.Json,0,스티로폼류,캔류,음료수캔
/home/minsu/disk_c/trash_dataset/085.생활_폐기물_이미지/01.데이터/1.Training/라벨링데이터/스티로폼/보호재/16_X038_C058_0210/16_X038_C058_0210_4.Json,0,스티로폼류,고철류,고철
/home/minsu/disk_c/trash_dataset/085.생활_폐기물_이미지/01.데이터/1.Training/라벨링데이터/스티로폼/보호재/16_X038_C058_0210/16_X038_C058_0210_0.Json,1,스티로폼류,고철류,고철
/home/minsu/disk_c/trash_dataset/085.생활_폐기물_이미지/01.데이터/1.Training/라벨링데이터/스티로폼/보호재/16_X038_C058_0210/16_X038_C058_0210_2.Json,0,스티로폼류,고철류,고철
/home/minsu/disk_c/trash_dataset/085.생활_폐기물_이미지/01.데이터/1.Training/라벨링데이터/스티로폼/보호재/16_X038_C058_0210/16_X038_C058_0210_1.Json,0,스티로폼류,고철류,고철
/home/minsu/disk_c/trash_dataset/085.생활_폐기물_이미지/01.데이터/1.Training/라벨링데이터/스티로폼/보호재/16_X038_C058_0210/16_X038_C058_0210_3.Json,0,스티로폼류,고철류,고철
/home/minsu/disk_c/trash_dataset/085.생활_폐기물_이미지/01.데이터/1.Training/라벨링데이터/스티로폼/보호재/16_X039_C058_0210/16_X039_C058_0210_0.Json,0,스티로폼류,고철류,고철
/home/minsu/disk_c/trash_dataset/085.생활_폐기물_이미지/01.데이터/1.Training/라벨링데이터/스티로폼/보호재/16_X039_C058_0210/16_X039_C058_0210_1.Json,0,스티로폼류,고철류,고철
/home/minsu/disk_c/trash_dataset/085.생활_폐기물_이미지/01.데이터/1.Training/라벨링데이터/스티로폼/보호재/16_X039_C058_0210/16_X039_C058_0210_4.Json,1,스티로폼류,고철류,고철
/home/minsu/disk_c/trash_dataset/085.생활_폐기물_이미지/01.데이터/1.Training/라벨링데이터/스티로폼/보호재/16_X039_C058_0210/16_X039_C058_0210_3.Json,0,스티로폼류,고철류,고철
/home/minsu/disk_c/trash_dataset/085.생활_폐기물_이미지/01.데이터/1.Training/라벨링데이터/스티로폼/보호재/16_X099_C102_0321/16_X099_C102_0321_0.Json,1,스티로폼류,플라스틱류,밀폐용기
/home/minsu/disk_c/trash_dataset/085.생활_폐기물_이미지/01.데이터/1.Training/라벨링데이터/스티로폼/보호재/16_X099_C102_0321/16_X099_C102_0321_3.Json,1,스티로폼류,플라스틱류,밀폐용기
/home/minsu/disk_c/trash_dataset/085.생활_폐기물_이미지/01.데이터/1.Training/라벨링데이터/스티로폼/보호재/16_X099_C102_0321/16_X099_C102_0321_4.Json,0,스티로폼류,플라스틱류,밀폐용기
/home/minsu/disk_c/trash_dataset/085.생활_폐기물_이미지/01.데이터/1.Training/라벨링데이터/스티로폼/보호재/16_X099_C102_0321/16_X099_C102_0321_2.Json,0,스티로폼류,플라스틱류,밀폐용기
/home/minsu/disk_c/trash_dataset/085.생활_폐기물_이미지/01.데이터/1.Training/라벨링데이터/스티로폼/보호재/16_X099_C102_0321/16_X099_C102_0321_1.Json,1,스티로폼류,플라스틱류,밀폐용기
/home/minsu/disk_c/trash_dataset/085.생활_폐기물_이미지/01.데이터/1.Training/라벨링데이터/스티로폼/보호재/16_X004_C171_0210/16_X004_C171_0210_4.Json,1,스티로폼류,플라스틱류,밀폐용기
/home/minsu/disk_c/trash_dataset/085.생활_폐기물_이미지/01.데이터/1.Training/라벨링데이터/스티로폼/보호재/16_X004_C171_0210/16_X004_C171_0210_0.Json,1,스티로폼류,플라스틱류,밀폐용기
/home/minsu/disk_c/trash_dataset/085.생활_폐기물_이미지/01.데이터/1.Training/라벨링데이터/스티로폼/보호재/16_X004_C171_0210/16_X004_C171_0210_5.Json,1,스티로폼류,플라스틱류,밀폐용기
/home/minsu/disk_c/trash_dataset/085.생활_폐기물_이미지/01.데이터/1.Training/라벨링데이터/스티로폼/보호재/16_X004_C171_0210/16_X004_C171_0210_6.Json,1,스티로폼류,플라스틱류,밀폐용기
/home/minsu/disk_c/trash_dataset/085.생활_폐기물_이미지/01.데이터/1.Training/라벨링데이터/스티로폼/보호재/16_X004_C171_0210/16_X004_C171_0210_3.Json,1,스티로폼류,플라스틱류,밀폐용기
/home/minsu/disk_c/trash_dataset/085.생활_폐기물_이미지/01.데이터/1.Training/라벨링데이터/스티로폼/보호재/16_X004_C171_0210/16_X004_C171_0210_1.Json,0,스티로폼류,플라스틱류,밀폐용기
/home/minsu/disk_c/trash_dataset/085.생활_폐기물_이미지/01.데이터/1.Training/라벨링데이터/스티로폼/보호재/16_X004_C171_0210/16_X004_C171_0210_2.Json,1,스티로폼류,플라스틱류,밀폐용기
/home/minsu/disk_c/trash_dataset/085.생활_폐기물_이미지/01.데이터/1.Training/라벨링데이터/스티로폼/보호재/16_X043_C058_0210/16_X043_C058_0210_1.Json,0,스티로폼류,고철류,고철
/home/minsu/disk_c/trash_dataset/085.생활_폐기물_이미지/01.데이터/1.Training/라벨링데이터/스티로폼/보호재/16_X043_C058_0210/16_X043_C058_0210_4.Json,1,스티로폼류,고철류,고철
/home/minsu/disk_c/trash_dataset/085.생활_폐기물_이미지/01.데이터/1.Training/라벨링데이터/스티로폼/보호재/16_X043_C058_0210/16_X043_C058_0210_3.Json,0,스티로폼류,고철류,고철
/home/minsu/disk_c/trash_dataset/085.생활_폐기물_이미지/01.데이터/1.Training/라벨링데이터/스티로폼/보호재/16_X043_C058_0210/16_X043_C058_0210_0.Json,1,스티로폼류,고철류,고철
/home/minsu/disk_c/trash_dataset/085.생활_폐기물_이미지/01.데이터/1.Training/라벨링데이터/스티로폼/보호재/16_X043_C058_0210/16_X043_C058_0210_2.Json,1,스티로폼류,고철류,고철
/home/minsu/disk_c/trash_dataset/085.생활_폐기물_이미지/01.데이터/1.Training/라벨링데이터/스티로폼/보호재/16_X096_C102_0321/16_X096_C102_0321_4.Json,1,스티로폼류,비닐류,과자봉지
/home/minsu/disk_c/trash_dataset/085.생활_폐기물_이미지/01.데이터/1.Training/라벨링데이터/스티로폼/보호재/16_X096_C102_0321/16_X096_C102_0321_1.Json,0,스티로폼류,비닐류,과자봉지
/home/minsu/disk_c/trash_dataset/085.생활_폐기물_이미지/01.데이터/1.Training/라벨링데이터/스티로폼/보호재/16_X096_C102_0321/16_X096_C102_0321_3.Json,0,스티로폼류,비닐류,과자봉지
/home/minsu/disk_c/trash_dataset/085.생활_폐기물_이미지/01.데이터/1.Training/라벨링데이터/스티로폼/보호재/16_X096_C102_0321/16_X096_C102_0321_0.Json,1,스티로폼류,비닐류,과자봉지
/home/minsu/disk_c/trash_dataset/085.생활_폐기물_이미지/01.데이터/1.Training/라벨링데이터/스티로폼/보호재/16_X096_C102_0321/16_X096_C102_0321_2.Json,0,스티로폼류,비닐류,과자봉지
/home/minsu/disk_c/trash_dataset/085.생활_폐기물_이미지/01.데이터/1.Training/라벨링데이터/스티로폼/보호재/16_X103_C102_0321/16_X103_C102_0321_1.Json,1,스티로폼류,종이류,포장상자
/home/minsu/disk_c/trash_dataset/085.생활_폐기물_이미지/01.데이터/1.Training/라벨링데이터/스티로폼/보호재/16_X103_C102_0321/16_X103_C102_0321_4.Json,1,스티로폼류,종이류,포장상자
/home/minsu/disk_c/trash_dataset/085.생활_폐기물_이미지/01.데이터/1.Training/라벨링데이터/스티로폼/보호재/16_X103_C102_0321/16_X103_C102_0321_3.Json,1,스티로폼류,종이류,포장상자
/home/minsu/disk_c/trash_dataset/085.생활_폐기물_이미지/01.데이터/1.Training/라벨링데이터/스티로폼/보호재/16_X103_C102_0321/16_X103_C102_0321_0.Json,1,스티로폼류,종이류,포장상자
/home/minsu/disk_c/trash_dataset/085.생활_폐기물_이미지/01.데이터/1.Training/라벨링데이터/스티로폼/보호재/16_X103_C102_0321/16_X103_C102_0321_2.Json,1,스티로폼류,종이류,포장상자
/home/minsu/disk_c/trash_dataset/085.생활_폐기물_이미지/01.데이터/1.Training/라벨링데이터/스티로폼/보호재/16_X001_C061_0131/16_X001_C061_0131_3.Json,1,스티로폼류,종이류,기타
/home/minsu/disk_c/trash_dataset/085.생활_폐기물_이미지/01.데이터/1.Training/라벨링데이터/스티로폼/보호재/16_X001_C061_0131/16_X001_C061_0131_2.Json,1,스티로폼류,종이류,기타
/home/minsu/disk_c/trash_dataset/085.생활_폐기물_이미지/01.데이터/1.Training/라벨링데이터/스티로폼/보호재/16_X001_C061_0131/16_X001_C061_0131_0.Json,1,스티로폼류,종이류,기타
/home/minsu/disk_c/trash_dataset/085.생활_폐기물_이미지/01.데이터/1.Training/라벨링데이터/스티로폼/보호재/16_X001_C061_0131/16_X001_C061_0131_1.Json,1,스티로폼류,종이류,기타
/home/minsu/disk_c/trash_dataset/085.생활_폐기물_이미지/01.데이터/1.Training/라벨링데이터/스티로폼/보호재/16_X001_C061_0131/16_X001_C061_0131_4.Json,1,스티로폼류,종이류,기타
/home/minsu/disk_c/trash_dataset/085.생활_폐기물_이미지/01.데이터/1.Training/라벨링데이터/스티로폼/포장용기/16_X019_C058_0210/16_X019_C058_0210_1.Json,0,스티로폼류,고철류,고철
/home/minsu/disk_c/trash_dataset/085.생활_폐기물_이미지/01.데이터/1.Training/라벨링데이터/스티로폼/포장용기/16_X019_C058_0210/16_X019_C058_0210_4.Json,0,스티로폼류,고철류,고철
/home/minsu/disk_c/trash_dataset/085.생활_폐기물_이미지/01.데이터/1.Training/라벨링데이터/스티로폼/포장용기/16_X019_C058_0210/16_X019_C058_0210_2.Json,0,스티로폼류,고철류,고철
/home/minsu/disk_c/trash_dataset/085.생활_폐기물_이미지/01.데이터/1.Training/라벨링데이터/스티로폼/포장용기/16_X019_C058_0210/16_X019_C058_0210_0.Json,1,스티로폼류,고철류,고철
/home/minsu/disk_c/trash_dataset/085.생활_폐기물_이미지/01.데이터/1.Training/라벨링데이터/스티로폼/포장용기/16_X019_C058_0210/16_X019_C058_0210_3.Json,0,스티로폼류,고철류,고철
/home/minsu/disk_c/trash_dataset/085.생활_폐기물_이미지/01.데이터/1.Training/라벨링데이터/스티로폼/포장용기/16_X016_C058_0210/16_X016_C058_0210_3.Json,0,스티로폼류,고철류,고철
/home/minsu/disk_c/trash_dataset/085.생활_폐기물_이미지/01.데이터/1.Training/라벨링데이터/스티로폼/포장용기/16_X016_C058_0210/16_X016_C058_0210_1.Json,0,스티로폼류,고철류,고철
/home/minsu/disk_c/trash_dataset/085.생활_폐기물_이미지/01.데이터/1.Training/라벨링데이터/스티로폼/포장용기/16_X016_C058_0210/16_X016_C058_0210_4.Json,0,스티로폼류,고철류,고철
/home/minsu/disk_c/trash_dataset/085.생활_폐기물_이미지/01.데이터/1.Training/라벨링데이터/스티로폼/포장용기/16_X016_C058_0210/16_X016_C058_0210_2.Json,0,스티로폼류,고철류,고철
/home/minsu/disk_c/trash_dataset/085.생활_폐기물_이미지/01.데이터/1.Training/라벨링데이터/스티로폼/포장용기/16_X016_C058_0210/16_X016_C058_0210_0.Json,1,스티로폼류,고철류,고철
/home/minsu/disk_c/trash_dataset/085.생활_폐기물_이미지/01.데이터/1.Training/라벨링데이터/스티로폼/포장용기/16_X011_C058_0210/16_X011_C058_0210_2.Json,0,스티로폼류,고철류,고철
/home/minsu/disk_c/trash_dataset/085.생활_폐기물_이미지/01.데이터/1.Training/라벨링데이터/스티로폼/포장용기/16_X011_C058_0210/16_X011_C058_0210_3.Json,0,스티로폼류,고철류,고철
/home/minsu/disk_c/trash_dataset/085.생활_폐기물_이미지/01.데이터/1.Training/라벨링데이터/스티로폼/포장용기/16_X011_C058_0210/16_X011_C058_0210_1.Json,0,스티로폼류,고철류,고철
/home/minsu/disk_c/trash_dataset/085.생활_폐기물_이미지/01.데이터/1.Training/라벨링데이터/스티로폼/포장용기/16_X011_C058_0210/16_X011_C058_0210_4.Json,0,스티로폼류,고철류,고철
/home/minsu/disk_c/trash_dataset/085.생활_폐기물_이미지/01.데이터/1.Training/라벨링데이터/스티로폼/포장용기/16_X011_C058_0210/16_X011_C058_0210_0.Json,1,스티로폼류,고철류,고철
/home/minsu/disk_c/trash_dataset/085.생활_폐기물_이미지/01.데이터/1.Training/라벨링데이터/스티로폼/포장용기/16_X017_C058_0210/16_X017_C058_0210_0.Json,1,스티로폼류,고철류,고철
/home/minsu/disk_c/trash_dataset/085.생활_폐기물_이미지/01.데이터/1.Training/라벨링데이터/스티로폼/포장용기/16_X017_C058_0210/16_X017_C058_0210_1.Json,0,스티로폼류,고철류,고철
/home/minsu/disk_c/trash_dataset/085.생활_폐기물_이미지/01.데이터/1.Training/라벨링데이터/스티로폼/포장용기/16_X017_C058_0210/16_X017_C058_0210_2.Json,0,스티로폼류,고철류,고철
/home/minsu/disk_c/trash_dataset/085.생활_폐기물_이미지/01.데이터/1.Training/라벨링데이터/스티로폼/포장용기/16_X017_C058_0210/16_X017_C058_0210_3.Json,0,스티로폼류,고철류,고철
/home/minsu/disk_c/trash_dataset/085.생활_폐기물_이미지/01.데이터/1.Training/라벨링데이터/스티로폼/포장용기/16_X017_C058_0210/16_X017_C058_0210_4.Json,0,스티로폼류,고철류,고철
/home/minsu/disk_c/trash_dataset/085.생활_폐기물_이미지/01.데이터/1.Training/라벨링데이터/스티로폼/포장용기/16_X092_C102_0321/16_X092_C102_0321_3.Json,0,스티로폼류,캔류,커피캔
/home/minsu/disk_c/trash_dataset/085.생활_폐기물_이미지/01.데이터/1.Training/라벨링데이터/스티로폼/포장용기/16_X092_C102_0321/16_X092_C102_0321_2.Json,1,스티로폼류,캔류,음료수캔
/home/minsu/disk_c/trash_dataset/085.생활_폐기물_이미지/01.데이터/1.Training/라벨링데이터/스티로폼/포장용기/16_X092_C102_0321/16_X092_C102_0321_4.Json,0,스티로폼류,캔류,커피캔
/home/minsu/disk_c/trash_dataset/085.생활_폐기물_이미지/01.데이터/1.Training/라벨링데이터/스티로폼/포장용기/16_X092_C102_0321/16_X092_C102_0321_0.Json,1,스티로폼류,캔류,음료수캔
/home/minsu/disk_c/trash_dataset/085.생활_폐기물_이미지/01.데이터/1.Training/라벨링데이터/스티로폼/포장용기/16_X092_C102_0321/16_X092_C102_0321_1.Json,0,스티로폼류,캔류,음료수캔
/home/minsu/disk_c/trash_dataset/085.생활_폐기물_이미지/01.데이터/1.Training/라벨링데이터/스티로폼/포장용기/16_X004_C058_0210/16_X004_C058_0210_1.Json,0,스티로폼류,고철류,고철
/home/minsu/disk_c/trash_dataset/085.생활_폐기물_이미지/01.데이터/1.Training/라벨링데이터/스티로폼/포장용기/16_X004_C058_0210/16_X004_C058_0210_4.Json,0,스티로폼류,고철류,고철
/home/minsu/disk_c/trash_dataset/085.생활_폐기물_이미지/01.데이터/1.Training/라벨링데이터/스티로폼/포장용기/16_X004_C058_0210/16_X004_C058_0210_3.Json,0,스티로폼류,고철류,고철
/home/minsu/disk_c/trash_dataset/085.생활_폐기물_이미지/01.데이터/1.Training/라벨링데이터/스티로폼/포장용기/16_X004_C058_0210/16_X004_C058_0210_0.Json,1,스티로폼류,고철류,고철
/home/minsu/disk_c/trash_dataset/085.생활_폐기물_이미지/01.데이터/1.Training/라벨링데이터/스티로폼/포장용기/16_X004_C058_0210/16_X004_C058_0210_2.Json,0,스티로폼류,고철류,고철
/home/minsu/disk_c/trash_dataset/085.생활_폐기물_이미지/01.데이터/1.Training/라벨링데이터/스티로폼/포장용기/16_X012_C058_0210/16_X012_C058_0210_0.Json,1,스티로폼류,고철류,고철
/home/minsu/disk_c/trash_dataset/085.생활_폐기물_이미지/01.데이터/1.Training/라벨링데이터/스티로폼/포장용기/16_X012_C058_0210/16_X012_C058_0210_2.Json,0,스티로폼류,고철류,고철
/home/minsu/disk_c/trash_dataset/085.생활_폐기물_이미지/01.데이터/1.Training/라벨링데이터/스티로폼/포장용기/16_X012_C058_0210/16_X012_C058_0210_4.Json,0,스티로폼류,고철류,고철
/home/minsu/disk_c/trash_dataset/085.생활_폐기물_이미지/01.데이터/1.Training/라벨링데이터/스티로폼/포장용기/16_X012_C058_0210/16_X012_C058_0210_3.Json,0,스티로폼류,고철류,고철
/home/minsu/disk_c/trash_dataset/085.생활_폐기물_이미지/01.데이터/1.Training/라벨링데이터/스티로폼/포장용기/16_X012_C058_0210/16_X012_C058_0210_1.Json,0,스티로폼류,고철류,고철
/home/minsu/disk_c/trash_dataset/085.생활_폐기물_이미지/01.데이터/1.Training/라벨링데이터/스티로폼/포장용기/16_X005_C058_0210/16_X005_C058_0210_1.Json,0,스티로폼류,고철류,고철
/home/minsu/disk_c/trash_dataset/085.생활_폐기물_이미지/01.데이터/1.Training/라벨링데이터/스티로폼/포장용기/16_X005_C058_0210/16_X005_C058_0210_4.Json,0,스티로폼류,고철류,고철
/home/minsu/disk_c/trash_dataset/085.생활_폐기물_이미지/01.데이터/1.Training/라벨링데이터/스티로폼/포장용기/16_X005_C058_0210/16_X005_C058_0210_2.Json,0,스티로폼류,고철류,고철
/home/minsu/disk_c/trash_dataset/085.생활_폐기물_이미지/01.데이터/1.Training/라벨링데이터/스티로폼/포장용기/16_X005_C058_0210/16_X005_C058_0210_0.Json,1,스티로폼류,고철류,고철
/home/minsu/disk_c/trash_dataset/085.생활_폐기물_이미지/01.데이터/1.Training/라벨링데이터/스티로폼/포장용기/16_X005_C058_0210/16_X005_C058_0210_3.Json,0,스티로폼류,고철류,고철
/home/minsu/disk_c/trash_dataset/085.생활_폐기물_이미지/01.데이터/1.Training/라벨링데이터/스티로폼/포장용기/16_X032_C058_0210/16_X032_C058_0210_0.Json,1,스티로폼류,고철류,고철
/home/minsu/disk_c/trash_dataset/085.생활_폐기물_이미지/01.데이터/1.Training/라벨링데이터/스티로폼/포장용기/16_X032_C058_0210/16_X032_C058_0210_3.Json,1,스티로폼류,고철류,고철
/home/minsu/disk_c/trash_dataset/085.생활_폐기물_이미지/01.데이터/1.Training/라벨링데이터/스티로폼/포장용기/16_X032_C058_0210/16_X032_C058_0210_1.Json,0,스티로폼류,고철류,고철
/home/minsu/disk_c/trash_dataset/085.생활_폐기물_이미지/01.데이터/1.Training/라벨링데이터/스티로폼/포장용기/16_X032_C058_0210/16_X032_C058_0210_4.Json,0,스티로폼류,고철류,고철
/home/minsu/disk_c/trash_dataset/085.생활_폐기물_이미지/01.데이터/1.Training/라벨링데이터/스티로폼/포장용기/16_X032_C058_0210/16_X032_C058_0210_2.Json,0,스티로폼류,고철류,고철
/home/minsu/disk_c/trash_dataset/085.생활_폐기물_이미지/01.데이터/1.Training/라벨링데이터/스티로폼/포장용기/16_X020_C058_0210/16_X020_C058_0210_0.Json,1,스티로폼류,고철류,고철
/home/minsu/disk_c/trash_dataset/085.생활_폐기물_이미지/01.데이터/1.Training/라벨링데이터/스티로폼/포장용기/16_X020_C058_0210/16_X020_C058_0210_4.Json,0,스티로폼류,고철류,고철
/home/minsu/disk_c/trash_dataset/085.생활_폐기물_이미지/01.데이터/1.Training/라벨링데이터/스티로폼/포장용기/16_X020_C058_0210/16_X020_C058_0210_1.Json,0,스티로폼류,고철류,고철
/home/minsu/disk_c/trash_dataset/085.생활_폐기물_이미지/01.데이터/1.Training/라벨링데이터/스티로폼/포장용기/16_X020_C058_0210/16_X020_C058_0210_3.Json,0,스티로폼류,고철류,고철
/home/minsu/disk_c/trash_dataset/085.생활_폐기물_이미지/01.데이터/1.Training/라벨링데이터/스티로폼/포장용기/16_X020_C058_0210/16_X020_C058_0210_2.Json,0,스티로폼류,고철류,고철
/home/minsu/disk_c/trash_dataset/085.생활_폐기물_이미지/01.데이터/1.Training/라벨링데이터/스티로폼/포장용기/16_X007_C058_0210/16_X007_C058_0210_2.Json,0,스티로폼류,고철류,고철
/home/minsu/disk_c/trash_dataset/085.생활_폐기물_이미지/01.데이터/1.Training/라벨링데이터/스티로폼/포장용기/16_X007_C058_0210/16_X007_C058_0210_4.Json,0,스티로폼류,고철류,고철
/home/minsu/disk_c/trash_dataset/085.생활_폐기물_이미지/01.데이터/1.Training/라벨링데이터/스티로폼/포장용기/16_X007_C058_0210/16_X007_C058_0210_3.Json,0,스티로폼류,고철류,고철
/home/minsu/disk_c/trash_dataset/085.생활_폐기물_이미지/01.데이터/1.Training/라벨링데이터/스티로폼/포장용기/16_X007_C058_0210/16_X007_C058_0210_1.Json,0,스티로폼류,고철류,고철
/home/minsu/disk_c/trash_dataset/085.생활_폐기물_이미지/01.데이터/1.Training/라벨링데이터/스티로폼/포장용기/16_X007_C058_0210/16_X007_C058_0210_0.Json,1,스티로폼류,고철류,고철
/home/minsu/disk_c/trash_dataset/085.생활_폐기물_이미지/01.데이터/1.Training/라벨링데이터/스티로폼/포장용기/16_X009_C061_0131/16_X009_C061_0131_1.Json,1,스티로폼류,종이류,음료수곽
/home/minsu/disk_c/trash_dataset/085.생활_폐기물_이미지/01.데이터/1.Training/라벨링데이터/스티로폼/포장용기/16_X009_C061_0131/16_X009_C061_0131_4.Json,1,스티로폼류,종이류,음료수곽
/home/minsu/disk_c/trash_dataset/085.생활_폐기물_이미지/01.데이터/1.Training/라벨링데이터/스티로폼/포장용기/16_X009_C061_0131/16_X009_C061_0131_2.Json,1,스티로폼류,종이류,음료수곽
/home/minsu/disk_c/trash_dataset/085.생활_폐기물_이미지/01.데이터/1.Training/라벨링데이터/스티로폼/포장용기/16_X009_C061_0131/16_X009_C061_0131_0.Json,1,스티로폼류,종이류,음료수곽
/home/minsu/disk_c/trash_dataset/085.생활_폐기물_이미지/01.데이터/1.Training/라벨링데이터/스티로폼/포장용기/16_X009_C061_0131/16_X009_C061_0131_3.Json,1,스티로폼류,종이류,음료수곽
/home/minsu/disk_c/trash_dataset/085.생활_폐기물_이미지/01.데이터/1.Training/라벨링데이터/스티로폼/포장용기/16_X006_C058_0210/16_X006_C058_0210_0.Json,1,스티로폼류,고철류,고철
/home/minsu/disk_c/trash_dataset/085.생활_폐기물_이미지/01.데이터/1.Training/라벨링데이터/스티로폼/포장용기/16_X006_C058_0210/16_X006_C058_0210_2.Json,0,스티로폼류,고철류,고철
/home/minsu/disk_c/trash_dataset/085.생활_폐기물_이미지/01.데이터/1.Training/라벨링데이터/스티로폼/포장용기/16_X006_C058_0210/16_X006_C058_0210_3.Json,0,스티로폼류,고철류,고철
/home/minsu/disk_c/trash_dataset/085.생활_폐기물_이미지/01.데이터/1.Training/라벨링데이터/스티로폼/포장용기/16_X006_C058_0210/16_X006_C058_0210_4.Json,0,스티로폼류,고철류,고철
/home/minsu/disk_c/trash_dataset/085.생활_폐기물_이미지/01.데이터/1.Training/라벨링데이터/스티로폼/포장용기/16_X006_C058_0210/16_X006_C058_0210_1.Json,0,스티로폼류,고철류,고철
/home/minsu/disk_c/trash_dataset/085.생활_폐기물_이미지/01.데이터/1.Training/라벨링데이터/스티로폼/포장용기/16_X015_C058_0210/16_X015_C058_0210_4.Json,0,스티로폼류,고철류,고철
/home/minsu/disk_c/trash_dataset/085.생활_폐기물_이미지/01.데이터/1.Training/라벨링데이터/스티로폼/포장용기/16_X015_C058_0210/16_X015_C058_0210_0.Json,1,스티로폼류,고철류,고철
/home/minsu/disk_c/trash_dataset/085.생활_폐기물_이미지/01.데이터/1.Training/라벨링데이터/스티로폼/포장용기/16_X015_C058_0210/16_X015_C058_0210_1.Json,0,스티로폼류,고철류,고철
/home/minsu/disk_c/trash_dataset/085.생활_폐기물_이미지/01.데이터/1.Training/라벨링데이터/스티로폼/포장용기/16_X015_C058_0210/16_X015_C058_0210_2.Json,0,스티로폼류,고철류,고철
/home/minsu/disk_c/trash_dataset/085.생활_폐기물_이미지/01.데이터/1.Training/라벨링데이터/스티로폼/포장용기/16_X015_C058_0210/16_X015_C058_0210_3.Json,0,스티로폼류,고철류,고철
/home/minsu/disk_c/trash_dataset/085.생활_폐기물_이미지/01.데이터/1.Training/라벨링데이터/스티로폼/포장용기/16_X021_C058_0210/16_X021_C058_0210_4.Json,0,스티로폼류,고철류,고철
/home/minsu/disk_c/trash_dataset/085.생활_폐기물_이미지/01.데이터/1.Training/라벨링데이터/스티로폼/포장용기/16_X021_C058_0210/16_X021_C058_0210_0.Json,1,스티로폼류,고철류,고철
/home/minsu/disk_c/trash_dataset/085.생활_폐기물_이미지/01.데이터/1.Training/라벨링데이터/스티로폼/포장용기/16_X021_C058_0210/16_X021_C058_0210_2.Json,0,스티로폼류,고철류,고철
/home/minsu/disk_c/trash_dataset/085.생활_폐기물_이미지/01.데이터/1.Training/라벨링데이터/스티로폼/포장용기/16_X021_C058_0210/16_X021_C058_0210_3.Json,0,스티로폼류,고철류,고철
/home/minsu/disk_c/trash_dataset/085.생활_폐기물_이미지/01.데이터/1.Training/라벨링데이터/스티로폼/포장용기/16_X021_C058_0210/16_X021_C058_0210_1.Json,0,스티로폼류,고철류,고철
/home/minsu/disk_c/trash_dataset/085.생활_폐기물_이미지/01.데이터/1.Training/라벨링데이터/나무/포장재/13_X003_C014_0128/13_X003_C014_0128_4.Json,1,나무류,페트병류,페트병
/home/minsu/disk_c/trash_dataset/085.생활_폐기물_이미지/01.데이터/1.Training/라벨링데이터/나무/포장재/13_X003_C014_0128/13_X003_C014_0128_2.Json,1,나무류,페트병류,페트병
/home/minsu/disk_c/trash_dataset/085.생활_폐기물_이미지/01.데이터/1.Training/라벨링데이터/나무/포장재/13_X003_C014_0128/13_X003_C014_0128_3.Json,1,나무류,페트병류,페트병
/home/minsu/disk_c/trash_dataset/085.생활_폐기물_이미지/01.데이터/1.Training/라벨링데이터/나무/포장재/13_X003_C014_0128/13_X003_C014_0128_0.Json,1,나무류,페트병류,페트병
/home/minsu/disk_c/trash_dataset/085.생활_폐기물_이미지/01.데이터/1.Training/라벨링데이터/나무/포장재/13_X003_C014_0128/13_X003_C014_0128_1.Json,1,나무류,페트병류,페트병
/home/minsu/disk_c/trash_dataset/085.생활_폐기물_이미지/01.데이터/1.Training/라벨링데이터/나무/포장재/13_X013_C061_0127/13_X013_C061_0127_3.Json,1,나무류,종이류,신발상자
/home/minsu/disk_c/trash_dataset/085.생활_폐기물_이미지/01.데이터/1.Training/라벨링데이터/나무/포장재/13_X013_C061_0127/13_X013_C061_0127_4.Json,1,나무류,종이류,신발상자
/home/minsu/disk_c/trash_dataset/085.생활_폐기물_이미지/01.데이터/1.Training/라벨링데이터/나무/포장재/13_X013_C061_0127/13_X013_C061_0127_0.Json,1,나무류,종이류,신발상자
/home/minsu/disk_c/trash_dataset/085.생활_폐기물_이미지/01.데이터/1.Training/라벨링데이터/나무/포장재/13_X013_C061_0127/13_X013_C061_0127_2.Json,1,나무류,종이류,신발상자
/home/minsu/disk_c/trash_dataset/085.생활_폐기물_이미지/01.데이터/1.Training/라벨링데이터/나무/포장재/13_X013_C061_0127/13_X013_C061_0127_1.Json,1,나무류,종이류,신발상자
/home/minsu/disk_c/trash_dataset/085.생활_폐기물_이미지/01.데이터/1.Training/라벨링데이터/나무/도마/13_X003_C323_0130/13_X003_C323_0130_0.Json,1,나무류,플라스틱류,기타
/home/minsu/disk_c/trash_dataset/085.생활_폐기물_이미지/01.데이터/1.Training/라벨링데이터/나무/도마/13_X003_C323_0130/13_X003_C323_0130_3.Json,0,나무류,플라스틱류,기타
/home/minsu/disk_c/trash_dataset/085.생활_폐기물_이미지/01.데이터/1.Training/라벨링데이터/나무/도마/13_X003_C323_0130/13_X003_C323_0130_2.Json,0,나무류,플라스틱류,기타
/home/minsu/disk_c/trash_dataset/085.생활_폐기물_이미지/01.데이터/1.Training/라벨링데이터/나무/도마/13_X003_C323_0130/13_X003_C323_0130_4.Json,0,나무류,플라스틱류,기타
/home/minsu/disk_c/trash_dataset/085.생활_폐기물_이미지/01.데이터/1.Training/라벨링데이터/나무/도마/13_X003_C323_0130/13_X003_C323_0130_1.Json,0,나무류,플라스틱류,기타
/home/minsu/disk_c/trash_dataset/085.생활_폐기물_이미지/01.데이터/1.Training/라벨링데이터/나무/도마/13_X005_C014_0127/13_X005_C014_0127_4.Json,1,나무류,플라스틱류,기타
/home/minsu/disk_c/trash_dataset/085.생활_폐기물_이미지/01.데이터/1.Training/라벨링데이터/나무/도마/13_X005_C014_0127/13_X005_C014_0127_3.Json,1,나무류,플라스틱류,기타
/home/minsu/disk_c/trash_dataset/085.생활_폐기물_이미지/01.데이터/1.Training/라벨링데이터/나무/도마/13_X005_C014_0127/13_X005_C014_0127_0.Json,1,나무류,플라스틱류,기타
/home/minsu/disk_c/trash_dataset/085.생활_폐기물_이미지/01.데이터/1.Training/라벨링데이터/나무/도마/13_X005_C014_0127/13_X005_C014_0127_1.Json,1,나무류,플라스틱류,기타
/home/minsu/disk_c/trash_dataset/085.생활_폐기물_이미지/01.데이터/1.Training/라벨링데이터/나무/도마/13_X005_C014_0127/13_X005_C014_0127_2.Json,1,나무류,플라스틱류,기타
/home/minsu/disk_c/trash_dataset/085.생활_폐기물_이미지/01.데이터/1.Training/라벨링데이터/나무/도마/13_X003_C014_0127/13_X003_C014_0127_4.Json,1,나무류,고철류,고철
/home/minsu/disk_c/trash_dataset/085.생활_폐기물_이미지/01.데이터/1.Training/라벨링데이터/나무/도마/13_X003_C014_0127/13_X003_C014_0127_2.Json,1,나무류,고철류,고철
/home/minsu/disk_c/trash_dataset/085.생활_폐기물_이미지/01.데이터/1.Training/라벨링데이터/나무/도마/13_X003_C014_0127/13_X003_C014_0127_0.Json,1,나무류,고철류,고철
/home/minsu/disk_c/trash_dataset/085.생활_폐기물_이미지/01.데이터/1.Training/라벨링데이터/나무/도마/13_X003_C014_0127/13_X003_C014_0127_3.Json,1,나무류,고철류,고철
/home/minsu/disk_c/trash_dataset/085.생활_폐기물_이미지/01.데이터/1.Training/라벨링데이터/나무/도마/13_X003_C014_0127/13_X003_C014_0127_1.Json,1,나무류,고철류,고철
/home/minsu/disk_c/trash_dataset/085.생활_폐기물_이미지/01.데이터/1.Training/라벨링데이터/나무/도마/13_X010_C323_0201/13_X010_C323_0201_1.Json,1,나무류,유리병류,박카스병
/home/minsu/disk_c/trash_dataset/085.생활_폐기물_이미지/01.데이터/1.Training/라벨링데이터/나무/도마/13_X010_C323_0201/13_X010_C323_0201_3.Json,1,나무류,유리병류,박카스병
/home/minsu/disk_c/trash_dataset/085.생활_폐기물_이미지/01.데이터/1.Training/라벨링데이터/나무/도마/13_X010_C323_0201/13_X010_C323_0201_2.Json,1,나무류,유리병류,박카스병
/home/minsu/disk_c/trash_dataset/085.생활_폐기물_이미지/01.데이터/1.Training/라벨링데이터/나무/도마/13_X010_C323_0201/13_X010_C323_0201_4.Json,1,나무류,유리병류,박카스병
/home/minsu/disk_c/trash_dataset/085.생활_폐기물_이미지/01.데이터/1.Training/라벨링데이터/나무/도마/13_X010_C323_0201/13_X010_C323_0201_0.Json,1,나무류,유리병류,박카스병
/home/minsu/disk_c/trash_dataset/085.생활_폐기물_이미지/01.데이터/1.Training/라벨링데이터/나무/도마/13_X012_C061_0127/13_X012_C061_0127_1.Json,1,나무류,종이류,포장상자
/home/minsu/disk_c/trash_dataset/085.생활_폐기물_이미지/01.데이터/1.Training/라벨링데이터/나무/도마/13_X012_C061_0127/13_X012_C061_0127_2.Json,1,나무류,종이류,포장상자
/home/minsu/disk_c/trash_dataset/085.생활_폐기물_이미지/01.데이터/1.Training/라벨링데이터/나무/도마/13_X012_C061_0127/13_X012_C061_0127_0.Json,1,나무류,종이류,포장상자
/home/minsu/disk_c/trash_dataset/085.생활_폐기물_이미지/01.데이터/1.Training/라벨링데이터/나무/도마/13_X012_C061_0127/13_X012_C061_0127_4.Json,1,나무류,종이류,포장상자
/home/minsu/disk_c/trash_dataset/085.생활_폐기물_이미지/01.데이터/1.Training/라벨링데이터/나무/도마/13_X012_C061_0127/13_X012_C061_0127_3.Json,1,나무류,종이류,포장상자
/home/minsu/disk_c/trash_dataset/085.생활_폐기물_이미지/01.데이터/1.Training/라벨링데이터/나무/도마/13_X006_C014_0127/13_X006_C014_0127_3.Json,1,나무류,유리병류,주방용기
/home/minsu/disk_c/trash_dataset/085.생활_폐기물_이미지/01.데이터/1.Training/라벨링데이터/나무/도마/13_X006_C014_0127/13_X006_C014_0127_2.Json,1,나무류,유리병류,주방용기
/home/minsu/disk_c/trash_dataset/085.생활_폐기물_이미지/01.데이터/1.Training/라벨링데이터/나무/도마/13_X006_C014_0127/13_X006_C014_0127_1.Json,1,나무류,유리병류,주방용기
/home/minsu/disk_c/trash_dataset/085.생활_폐기물_이미지/01.데이터/1.Training/라벨링데이터/나무/도마/13_X006_C014_0127/13_X006_C014_0127_4.Json,1,나무류,유리병류,주방용기
/home/minsu/disk_c/trash_dataset/085.생활_폐기물_이미지/01.데이터/1.Training/라벨링데이터/나무/도마/13_X006_C014_0127/13_X006_C014_0127_0.Json,1,나무류,유리병류,주방용기
/home/minsu/disk_c/trash_dataset/085.생활_폐기물_이미지/01.데이터/1.Training/라벨링데이터/나무/도마/13_X005_C323_0128/13_X005_C323_0128_1.Json,0,나무류,캔류,통조림캔
/home/minsu/disk_c/trash_dataset/085.생활_폐기물_이미지/01.데이터/1.Training/라벨링데이터/나무/도마/13_X005_C323_0128/13_X005_C323_0128_4.Json,0,나무류,캔류,통조림캔
/home/minsu/disk_c/trash_dataset/085.생활_폐기물_이미지/01.데이터/1.Training/라벨링데이터/나무/도마/13_X005_C323_0128/13_X005_C323_0128_2.Json,0,나무류,캔류,통조림캔
/home/minsu/disk_c/trash_dataset/085.생활_폐기물_이미지/01.데이터/1.Training/라벨링데이터/나무/도마/13_X005_C323_0128/13_X005_C323_0128_5.Json,0,나무류,캔류,통조림캔
/home/minsu/disk_c/trash_dataset/085.생활_폐기물_이미지/01.데이터/1.Training/라벨링데이터/나무/장식품/13_X002_C058_0129/13_X002_C058_0129_2.Json,1,나무류,종이류,포장상자
/home/minsu/disk_c/trash_dataset/085.생활_폐기물_이미지/01.데이터/1.Training/라벨링데이터/나무/장식품/13_X002_C058_0129/13_X002_C058_0129_3.Json,1,나무류,종이류,포장상자
/home/minsu/disk_c/trash_dataset/085.생활_폐기물_이미지/01.데이터/1.Training/라벨링데이터/나무/장식품/13_X002_C058_0129/13_X002_C058_0129_0.Json,1,나무류,종이류,포장상자
/home/minsu/disk_c/trash_dataset/085.생활_폐기물_이미지/01.데이터/1.Training/라벨링데이터/나무/장식품/13_X002_C058_0129/13_X002_C058_0129_1.Json,1,나무류,종이류,포장상자
/home/minsu/disk_c/trash_dataset/085.생활_폐기물_이미지/01.데이터/1.Training/라벨링데이터/나무/장식품/13_X002_C058_0129/13_X002_C058_0129_4.Json,1,나무류,종이류,포장상자
/home/minsu/disk_c/trash_dataset/085.생활_폐기물_이미지/01.데이터/1.Training/라벨링데이터/나무/장식품/13_X003_C058_0129/13_X003_C058_0129_3.Json,1,나무류,종이류,포장상자
/home/minsu/disk_c/trash_dataset/085.생활_폐기물_이미지/01.데이터/1.Training/라벨링데이터/나무/장식품/13_X003_C058_0129/13_X003_C058_0129_2.Json,1,나무류,종이류,포장상자
/home/minsu/disk_c/trash_dataset/085.생활_폐기물_이미지/01.데이터/1.Training/라벨링데이터/나무/장식품/13_X003_C058_0129/13_X003_C058_0129_1.Json,1,나무류,종이류,포장상자
/home/minsu/disk_c/trash_dataset/085.생활_폐기물_이미지/01.데이터/1.Training/라벨링데이터/나무/장식품/13_X003_C058_0129/13_X003_C058_0129_4.Json,1,나무류,종이류,포장상자
/home/minsu/disk_c/trash_dataset/085.생활_폐기물_이미지/01.데이터/1.Training/라벨링데이터/나무/장식품/13_X003_C058_0129/13_X003_C058_0129_0.Json,1,나무류,종이류,포장상자
/home/minsu/disk_c/trash_dataset/085.생활_폐기물_이미지/01.데이터/1.Training/라벨링데이터/나무/장식품/13_X014_C058_0129/13_X014_C058_0129_2.Json,0,나무류,종이류,포장상자
/home/minsu/disk_c/trash_dataset/085.생활_폐기물_이미지/01.데이터/1.Training/라벨링데이터/나무/장식품/13_X014_C058_0129/13_X014_C058_0129_1.Json,1,나무류,종이류,포장상자
/home/minsu/disk_c/trash_dataset/085.생활_폐기물_이미지/01.데이터/1.Training/라벨링데이터/나무/장식품/13_X014_C058_0129/13_X014_C058_0129_0.Json,1,나무류,종이류,포장상자
/home/minsu/disk_c/trash_dataset/085.생활_폐기물_이미지/01.데이터/1.Training/라벨링데이터/나무/장식품/13_X014_C058_0129/13_X014_C058_0129_4.Json,1,나무류,종이류,포장상자
/home/minsu/disk_c/trash_dataset/085.생활_폐기물_이미지/01.데이터/1.Training/라벨링데이터/나무/장식품/13_X014_C058_0129/13_X014_C058_0129_3.Json,1,나무류,종이류,포장상자
/home/minsu/disk_c/trash_dataset/085.생활_폐기물_이미지/01.데이터/1.Training/라벨링데이터/나무/장식품/13_X008_C058_0129/13_X008_C058_0129_4.Json,1,나무류,종이류,포장상자
/home/minsu/disk_c/trash_dataset/085.생활_폐기물_이미지/01.데이터/1.Training/라벨링데이터/나무/장식품/13_X008_C058_0129/13_X008_C058_0129_2.Json,1,나무류,종이류,포장상자
/home/minsu/disk_c/trash_dataset/085.생활_폐기물_이미지/01.데이터/1.Training/라벨링데이터/나무/장식품/13_X008_C058_0129/13_X008_C058_0129_0.Json,1,나무류,종이류,포장상자
/home/minsu/disk_c/trash_dataset/085.생활_폐기물_이미지/01.데이터/1.Training/라벨링데이터/나무/장식품/13_X008_C058_0129/13_X008_C058_0129_1.Json,1,나무류,종이류,포장상자
/home/minsu/disk_c/trash_dataset/085.생활_폐기물_이미지/01.데이터/1.Training/라벨링데이터/나무/장식품/13_X008_C058_0129/13_X008_C058_0129_3.Json,1,나무류,종이류,포장상자
/home/minsu/disk_c/trash_dataset/085.생활_폐기물_이미지/01.데이터/1.Training/라벨링데이터/나무/장식품/13_X006_C058_0129/13_X006_C058_0129_2.Json,1,나무류,종이류,포장상자
/home/minsu/disk_c/trash_dataset/085.생활_폐기물_이미지/01.데이터/1.Training/라벨링데이터/나무/장식품/13_X006_C058_0129/13_X006_C058_0129_4.Json,1,나무류,종이류,포장상자
/home/minsu/disk_c/trash_dataset/085.생활_폐기물_이미지/01.데이터/1.Training/라벨링데이터/나무/장식품/13_X006_C058_0129/13_X006_C058_0129_0.Json,1,나무류,종이류,포장상자
/home/minsu/disk_c/trash_dataset/085.생활_폐기물_이미지/01.데이터/1.Training/라벨링데이터/나무/장식품/13_X006_C058_0129/13_X006_C058_0129_3.Json,1,나무류,종이류,포장상자
/home/minsu/disk_c/trash_dataset/085.생활_폐기물_이미지/01.데이터/1.Training/라벨링데이터/나무/장식품/13_X006_C058_0129/13_X006_C058_0129_1.Json,1,나무류,종이류,포장상자
/home/minsu/disk_c/trash_dataset/085.생활_폐기물_이미지/01.데이터/1.Training/라벨링데이터/나무/장식품/13_X004_C058_0131/13_X004_C058_0131_4.Json,1,나무류,종이류,노트
/home/minsu/disk_c/trash_dataset/085.생활_폐기물_이미지/01.데이터/1.Training/라벨링데이터/나무/장식품/13_X004_C058_0131/13_X004_C058_0131_0.Json,0,나무류,종이류,노트
/home/minsu/disk_c/trash_dataset/085.생활_폐기물_이미지/01.데이터/1.Training/라벨링데이터/나무/장식품/13_X004_C058_0131/13_X004_C058_0131_2.Json,1,나무류,종이류,노트
/home/minsu/disk_c/trash_dataset/085.생활_폐기물_이미지/01.데이터/1.Training/라벨링데이터/나무/장식품/13_X004_C058_0131/13_X004_C058_0131_1.Json,1,나무류,종이류,노트
/home/minsu/disk_c/trash_dataset/085.생활_폐기물_이미지/01.데이터/1.Training/라벨링데이터/나무/장식품/13_X004_C058_0131/13_X004_C058_0131_3.Json,1,나무류,종이류,노트
/home/minsu/disk_c/trash_dataset/085.생활_폐기물_이미지/01.데이터/1.Training/라벨링데이터/나무/장식품/13_X003_C058_0131/13_X003_C058_0131_4.Json,1,나무류,의류,기타
/home/minsu/disk_c/trash_dataset/085.생활_폐기물_이미지/01.데이터/1.Training/라벨링데이터/나무/장식품/13_X003_C058_0131/13_X003_C058_0131_1.Json,1,나무류,의류,기타
/home/minsu/disk_c/trash_dataset/085.생활_폐기물_이미지/01.데이터/1.Training/라벨링데이터/나무/장식품/13_X003_C058_0131/13_X003_C058_0131_2.Json,1,나무류,의류,기타
/home/minsu/disk_c/trash_dataset/085.생활_폐기물_이미지/01.데이터/1.Training/라벨링데이터/나무/장식품/13_X003_C058_0131/13_X003_C058_0131_3.Json,1,나무류,의류,기타
/home/minsu/disk_c/trash_dataset/085.생활_폐기물_이미지/01.데이터/1.Training/라벨링데이터/나무/장식품/13_X003_C058_0131/13_X003_C058_0131_0.Json,1,나무류,의류,기타
/home/minsu/disk_c/trash_dataset/085.생활_폐기물_이미지/01.데이터/1.Training/라벨링데이터/나무/장식품/13_X009_C058_0129/13_X009_C058_0129_3.Json,1,나무류,종이류,포장상자
/home/minsu/disk_c/trash_dataset/085.생활_폐기물_이미지/01.데이터/1.Training/라벨링데이터/나무/장식품/13_X009_C058_0129/13_X009_C058_0129_4.Json,1,나무류,종이류,포장상자
/home/minsu/disk_c/trash_dataset/085.생활_폐기물_이미지/01.데이터/1.Training/라벨링데이터/나무/장식품/13_X009_C058_0129/13_X009_C058_0129_1.Json,1,나무류,종이류,포장상자
/home/minsu/disk_c/trash_dataset/085.생활_폐기물_이미지/01.데이터/1.Training/라벨링데이터/나무/장식품/13_X009_C058_0129/13_X009_C058_0129_0.Json,1,나무류,종이류,포장상자
/home/minsu/disk_c/trash_dataset/085.생활_폐기물_이미지/01.데이터/1.Training/라벨링데이터/나무/장식품/13_X009_C058_0129/13_X009_C058_0129_2.Json,1,나무류,종이류,포장상자
/home/minsu/disk_c/trash_dataset/085.생활_폐기물_이미지/01.데이터/1.Training/라벨링데이터/나무/장식품/13_X003_C061_0131/13_X003_C061_0131_1.Json,0,나무류,비닐류,포장제
/home/minsu/disk_c/trash_dataset/085.생활_폐기물_이미지/01.데이터/1.Training/라벨링데이터/나무/장식품/13_X003_C061_0131/13_X003_C061_0131_0.Json,1,나무류,비닐류,포장제
/home/minsu/disk_c/trash_dataset/085.생활_폐기물_이미지/01.데이터/1.Training/라벨링데이터/나무/장식품/13_X003_C061_0131/13_X003_C061_0131_2.Json,0,나무류,비닐류,포장제
/home/minsu/disk_c/trash_dataset/085.생활_폐기물_이미지/01.데이터/1.Training/라벨링데이터/나무/장식품/13_X003_C061_0131/13_X003_C061_0131_4.Json,0,나무류,비닐류,포장제
/home/minsu/disk_c/trash_dataset/085.생활_폐기물_이미지/01.데이터/1.Training/라벨링데이터/나무/장식품/13_X003_C061_0131/13_X003_C061_0131_3.Json,0,나무류,비닐류,포장제
/home/minsu/disk_c/trash_dataset/085.생활_폐기물_이미지/01.데이터/1.Training/라벨링데이터/나무/주방용품/13_X069_C555_0304/13_X069_C555_0304_0.Json,3,나무류,종이류,음료수곽
/home/minsu/disk_c/trash_dataset/085.생활_폐기물_이미지/01.데이터/1.Training/라벨링데이터/나무/주방용품/13_X017_C058_0129/13_X017_C058_0129_4.Json,1,나무류,종이류,포장상자
/home/minsu/disk_c/trash_dataset/085.생활_폐기물_이미지/01.데이터/1.Training/라벨링데이터/나무/주방용품/13_X017_C058_0129/13_X017_C058_0129_2.Json,1,나무류,종이류,포장상자
/home/minsu/disk_c/trash_dataset/085.생활_폐기물_이미지/01.데이터/1.Training/라벨링데이터/나무/주방용품/13_X017_C058_0129/13_X017_C058_0129_1.Json,1,나무류,종이류,포장상자
/home/minsu/disk_c/trash_dataset/085.생활_폐기물_이미지/01.데이터/1.Training/라벨링데이터/나무/주방용품/13_X017_C058_0129/13_X017_C058_0129_3.Json,1,나무류,종이류,포장상자
/home/minsu/disk_c/trash_dataset/085.생활_폐기물_이미지/01.데이터/1.Training/라벨링데이터/나무/주방용품/13_X017_C058_0129/13_X017_C058_0129_0.Json,1,나무류,종이류,포장상자
/home/minsu/disk_c/trash_dataset/085.생활_폐기물_이미지/01.데이터/1.Training/라벨링데이터/나무/주방용품/13_X008_C323_0201/13_X008_C323_0201_4.Json,1,나무류,플라스틱류,기타
/home/minsu/disk_c/trash_dataset/085.생활_폐기물_이미지/01.데이터/1.Training/라벨링데이터/나무/주방용품/13_X008_C323_0201/13_X008_C323_0201_0.Json,1,나무류,플라스틱류,기타
/home/minsu/disk_c/trash_dataset/085.생활_폐기물_이미지/01.데이터/1.Training/라벨링데이터/나무/주방용품/13_X008_C323_0201/13_X008_C323_0201_5.Json,1,나무류,플라스틱류,기타
/home/minsu/disk_c/trash_dataset/085.생활_폐기물_이미지/01.데이터/1.Training/라벨링데이터/나무/주방용품/13_X008_C323_0201/13_X008_C323_0201_3.Json,1,나무류,플라스틱류,기타
/home/minsu/disk_c/trash_dataset/085.생활_폐기물_이미지/01.데이터/1.Training/라벨링데이터/나무/주방용품/13_X008_C323_0201/13_X008_C323_0201_1.Json,1,나무류,플라스틱류,기타
/home/minsu/disk_c/trash_dataset/085.생활_폐기물_이미지/01.데이터/1.Training/라벨링데이터/나무/주방용품/13_X011_C015_0131/13_X011_C015_0131_4.Json,0,나무류,플라스틱류,밀폐용기
/home/minsu/disk_c/trash_dataset/085.생활_폐기물_이미지/01.데이터/1.Training/라벨링데이터/나무/주방용품/13_X011_C015_0131/13_X011_C015_0131_0.Json,1,나무류,플라스틱류,밀폐용기
/home/minsu/disk_c/trash_dataset/085.생활_폐기물_이미지/01.데이터/1.Training/라벨링데이터/나무/주방용품/13_X011_C015_0131/13_X011_C015_0131_2.Json,0,나무류,플라스틱류,밀폐용기
/home/minsu/disk_c/trash_dataset/085.생활_폐기물_이미지/01.데이터/1.Training/라벨링데이터/나무/주방용품/13_X011_C015_0131/13_X011_C015_0131_3.Json,0,나무류,플라스틱류,밀폐용기
/home/minsu/disk_c/trash_dataset/085.생활_폐기물_이미지/01.데이터/1.Training/라벨링데이터/나무/주방용품/13_X011_C015_0131/13_X011_C015_0131_1.Json,0,나무류,플라스틱류,밀폐용기
/home/minsu/disk_c/trash_dataset/085.생활_폐기물_이미지/01.데이터/1.Training/라벨링데이터/나무/주방용품/13_X004_C015_0128/13_X004_C015_0128_2.Json,1,나무류,유리병류,기타
/home/minsu/disk_c/trash_dataset/085.생활_폐기물_이미지/01.데이터/1.Training/라벨링데이터/나무/주방용품/13_X004_C015_0128/13_X004_C015_0128_0.Json,1,나무류,유리병류,기타
/home/minsu/disk_c/trash_dataset/085.생활_폐기물_이미지/01.데이터/1.Training/라벨링데이터/나무/주방용품/13_X004_C015_0128/13_X004_C015_0128_3.Json,1,나무류,유리병류,기타
/home/minsu/disk_c/trash_dataset/085.생활_폐기물_이미지/01.데이터/1.Training/라벨링데이터/나무/주방용품/13_X004_C015_0128/13_X004_C015_0128_4.Json,1,나무류,유리병류,기타
/home/minsu/disk_c/trash_dataset/085.생활_폐기물_이미지/01.데이터/1.Training/라벨링데이터/나무/주방용품/13_X004_C015_0128/13_X004_C015_0128_1.Json,1,나무류,유리병류,기타
/home/minsu/disk_c/trash_dataset/085.생활_폐기물_이미지/01.데이터/1.Training/라벨링데이터/나무/주방용품/13_X004_C045_0202/13_X004_C045_0202_0.Json,1,나무류,고철류,고철
/home/minsu/disk_c/trash_dataset/085.생활_폐기물_이미지/01.데이터/1.Training/라벨링데이터/나무/주방용품/13_X004_C045_0202/13_X004_C045_0202_4.Json,0,나무류,고철류,고철
/home/minsu/disk_c/trash_dataset/085.생활_폐기물_이미지/01.데이터/1.Training/라벨링데이터/나무/주방용품/13_X004_C045_0202/13_X004_C045_0202_3.Json,0,나무류,고철류,고철
/home/minsu/disk_c/trash_dataset/085.생활_폐기물_이미지/01.데이터/1.Training/라벨링데이터/나무/주방용품/13_X004_C045_0202/13_X004_C045_0202_1.Json,0,나무류,고철류,고철
/home/minsu/disk_c/trash_dataset/085.생활_폐기물_이미지/01.데이터/1.Training/라벨링데이터/나무/주방용품/13_X004_C045_0202/13_X004_C045_0202_2.Json,0,나무류,고철류,고철
/home/minsu/disk_c/trash_dataset/085.생활_폐기물_이미지/01.데이터/1.Training/라벨링데이터/나무/주방용품/13_X003_C015_0131/13_X003_C015_0131_2.Json,1,나무류,플라스틱류,기타
/home/minsu/disk_c/trash_dataset/085.생활_폐기물_이미지/01.데이터/1.Training/라벨링데이터/나무/주방용품/13_X003_C015_0131/13_X003_C015_0131_4.Json,1,나무류,플라스틱류,기타
/home/minsu/disk_c/trash_dataset/085.생활_폐기물_이미지/01.데이터/1.Training/라벨링데이터/나무/주방용품/13_X003_C015_0131/13_X003_C015_0131_1.Json,1,나무류,플라스틱류,기타
/home/minsu/disk_c/trash_dataset/085.생활_폐기물_이미지/01.데이터/1.Training/라벨링데이터/나무/주방용품/13_X003_C015_0131/13_X003_C015_0131_3.Json,1,나무류,플라스틱류,기타
/home/minsu/disk_c/trash_dataset/085.생활_폐기물_이미지/01.데이터/1.Training/라벨링데이터/나무/주방용품/13_X003_C015_0131/13_X003_C015_0131_0.Json,1,나무류,플라스틱류,기타
/home/minsu/disk_c/trash_dataset/085.생활_폐기물_이미지/01.데이터/1.Training/라벨링데이터/나무/주방용품/13_X012_C058_0129/13_X012_C058_0129_3.Json,1,나무류,종이류,포장상자
/home/minsu/disk_c/trash_dataset/085.생활_폐기물_이미지/01.데이터/1.Training/라벨링데이터/나무/주방용품/13_X012_C058_0129/13_X012_C058_0129_1.Json,1,나무류,종이류,포장상자
/home/minsu/disk_c/trash_dataset/085.생활_폐기물_이미지/01.데이터/1.Training/라벨링데이터/나무/주방용품/13_X012_C058_0129/13_X012_C058_0129_0.Json,1,나무류,종이류,포장상자
/home/minsu/disk_c/trash_dataset/085.생활_폐기물_이미지/01.데이터/1.Training/라벨링데이터/나무/주방용품/13_X012_C058_0129/13_X012_C058_0129_2.Json,1,나무류,종이류,포장상자
/home/minsu/disk_c/trash_dataset/085.생활_폐기물_이미지/01.데이터/1.Training/라벨링데이터/나무/주방용품/13_X012_C058_0129/13_X012_C058_0129_4.Json,1,나무류,종이류,포장상자
/home/minsu/disk_c/trash_dataset/085.생활_폐기물_이미지/01.데이터/1.Training/라벨링데이터/나무/주방용품/13_X010_C058_0131/13_X010_C058_0131_2.Json,1,나무류,종이류,노트
/home/minsu/disk_c/trash_dataset/085.생활_폐기물_이미지/01.데이터/1.Training/라벨링데이터/나무/주방용품/13_X010_C058_0131/13_X010_C058_0131_4.Json,1,나무류,종이류,노트
/home/minsu/disk_c/trash_dataset/085.생활_폐기물_이미지/01.데이터/1.Training/라벨링데이터/나무/주방용품/13_X010_C058_0131/13_X010_C058_0131_1.Json,1,나무류,종이류,노트
/home/minsu/disk_c/trash_dataset/085.생활_폐기물_이미지/01.데이터/1.Training/라벨링데이터/나무/주방용품/13_X010_C058_0131/13_X010_C058_0131_0.Json,1,나무류,종이류,노트
/home/minsu/disk_c/trash_dataset/085.생활_폐기물_이미지/01.데이터/1.Training/라벨링데이터/나무/주방용품/13_X010_C058_0131/13_X010_C058_0131_3.Json,1,나무류,종이류,노트
/home/minsu/disk_c/trash_dataset/085.생활_폐기물_이미지/01.데이터/1.Training/라벨링데이터/나무/주방용품/13_X001_C014_0201/13_X001_C014_0201_4.Json,1,나무류,도기류,컵
/home/minsu/disk_c/trash_dataset/085.생활_폐기물_이미지/01.데이터/1.Training/라벨링데이터/나무/주방용품/13_X001_C014_0201/13_X001_C014_0201_2.Json,1,나무류,도기류,컵
/home/minsu/disk_c/trash_dataset/085.생활_폐기물_이미지/01.데이터/1.Training/라벨링데이터/나무/주방용품/13_X001_C014_0201/13_X001_C014_0201_0.Json,1,나무류,도기류,컵
/home/minsu/disk_c/trash_dataset/085.생활_폐기물_이미지/01.데이터/1.Training/라벨링데이터/나무/주방용품/13_X001_C014_0201/13_X001_C014_0201_3.Json,1,나무류,도기류,컵
/home/minsu/disk_c/trash_dataset/085.생활_폐기물_이미지/01.데이터/1.Training/라벨링데이터/나무/주방용품/13_X001_C014_0201/13_X001_C014_0201_1.Json,1,나무류,도기류,컵
/home/minsu/disk_c/trash_dataset/085.생활_폐기물_이미지/01.데이터/1.Training/라벨링데이터/나무/주방용품/13_X019_C058_0129/13_X019_C058_0129_0.Json,1,나무류,종이류,포장상자
/home/minsu/disk_c/trash_dataset/085.생활_폐기물_이미지/01.데이터/1.Training/라벨링데이터/나무/주방용품/13_X065_C555_0304/13_X065_C555_0304_0.Json,2,나무류,종이류,음료수곽
/home/minsu/disk_c/trash_dataset/085.생활_폐기물_이미지/01.데이터/1.Training/라벨링데이터/나무/주방용품/13_X010_C058_0129/13_X010_C058_0129_2.Json,1,나무류,종이류,포장상자
/home/minsu/disk_c/trash_dataset/085.생활_폐기물_이미지/01.데이터/1.Training/라벨링데이터/나무/주방용품/13_X010_C058_0129/13_X010_C058_0129_4.Json,1,나무류,종이류,포장상자
/home/minsu/disk_c/trash_dataset/085.생활_폐기물_이미지/01.데이터/1.Training/라벨링데이터/나무/주방용품/13_X010_C058_0129/13_X010_C058_0129_1.Json,1,나무류,종이류,포장상자
/home/minsu/disk_c/trash_dataset/085.생활_폐기물_이미지/01.데이터/1.Training/라벨링데이터/나무/주방용품/13_X010_C058_0129/13_X010_C058_0129_3.Json,1,나무류,종이류,포장상자
/home/minsu/disk_c/trash_dataset/085.생활_폐기물_이미지/01.데이터/1.Training/라벨링데이터/나무/주방용품/13_X010_C058_0129/13_X010_C058_0129_0.Json,1,나무류,종이류,포장상자
/home/minsu/disk_c/trash_dataset/085.생활_폐기물_이미지/01.데이터/1.Training/라벨링데이터/나무/주방용품/13_X013_C058_0129/13_X013_C058_0129_3.Json,1,나무류,종이류,포장상자
/home/minsu/disk_c/trash_dataset/085.생활_폐기물_이미지/01.데이터/1.Training/라벨링데이터/나무/주방용품/13_X013_C058_0129/13_X013_C058_0129_1.Json,1,나무류,종이류,포장상자
/home/minsu/disk_c/trash_dataset/085.생활_폐기물_이미지/01.데이터/1.Training/라벨링데이터/나무/주방용품/13_X013_C058_0129/13_X013_C058_0129_2.Json,1,나무류,종이류,포장상자
/home/minsu/disk_c/trash_dataset/085.생활_폐기물_이미지/01.데이터/1.Training/라벨링데이터/나무/주방용품/13_X013_C058_0129/13_X013_C058_0129_0.Json,1,나무류,종이류,포장상자
/home/minsu/disk_c/trash_dataset/085.생활_폐기물_이미지/01.데이터/1.Training/라벨링데이터/나무/주방용품/13_X013_C058_0129/13_X013_C058_0129_4.Json,1,나무류,종이류,포장상자
/home/minsu/disk_c/trash_dataset/085.생활_폐기물_이미지/01.데이터/1.Training/라벨링데이터/나무/주방용품/13_X011_C058_0131/13_X011_C058_0131_3.Json,1,나무류,종이류,포장상자
/home/minsu/disk_c/trash_dataset/085.생활_폐기물_이미지/01.데이터/1.Training/라벨링데이터/나무/주방용품/13_X011_C058_0131/13_X011_C058_0131_4.Json,1,나무류,종이류,포장상자
/home/minsu/disk_c/trash_dataset/085.생활_폐기물_이미지/01.데이터/1.Training/라벨링데이터/나무/주방용품/13_X011_C058_0131/13_X011_C058_0131_2.Json,1,나무류,종이류,포장상자
/home/minsu/disk_c/trash_dataset/085.생활_폐기물_이미지/01.데이터/1.Training/라벨링데이터/나무/주방용품/13_X011_C058_0131/13_X011_C058_0131_0.Json,1,나무류,종이류,포장상자
/home/minsu/disk_c/trash_dataset/085.생활_폐기물_이미지/01.데이터/1.Training/라벨링데이터/나무/주방용품/13_X011_C058_0131/13_X011_C058_0131_1.Json,1,나무류,종이류,포장상자
/home/minsu/disk_c/trash_dataset/085.생활_폐기물_이미지/01.데이터/1.Training/라벨링데이터/나무/주방용품/13_X078_C555_0304/13_X078_C555_0304_0.Json,4,나무류,종이류,음료수곽
/home/minsu/disk_c/trash_dataset/085.생활_폐기물_이미지/01.데이터/1.Training/라벨링데이터/나무/주방용품/13_X007_C058_0131/13_X007_C058_0131_1.Json,1,나무류,종이류,포장상자
/home/minsu/disk_c/trash_dataset/085.생활_폐기물_이미지/01.데이터/1.Training/라벨링데이터/나무/주방용품/13_X007_C058_0131/13_X007_C058_0131_4.Json,1,나무류,종이류,포장상자
/home/minsu/disk_c/trash_dataset/085.생활_폐기물_이미지/01.데이터/1.Training/라벨링데이터/나무/주방용품/13_X007_C058_0131/13_X007_C058_0131_3.Json,1,나무류,종이류,포장상자
/home/minsu/disk_c/trash_dataset/085.생활_폐기물_이미지/01.데이터/1.Training/라벨링데이터/나무/주방용품/13_X007_C058_0131/13_X007_C058_0131_0.Json,1,나무류,종이류,포장상자
/home/minsu/disk_c/trash_dataset/085.생활_폐기물_이미지/01.데이터/1.Training/라벨링데이터/나무/주방용품/13_X007_C058_0131/13_X007_C058_0131_2.Json,1,나무류,종이류,포장상자
/home/minsu/disk_c/trash_dataset/085.생활_폐기물_이미지/01.데이터/1.Training/라벨링데이터/나무/주방용품/13_X018_C058_0131/13_X018_C058_0131_2.Json,1,나무류,종이류,상자류
/home/minsu/disk_c/trash_dataset/085.생활_폐기물_이미지/01.데이터/1.Training/라벨링데이터/나무/주방용품/13_X018_C058_0131/13_X018_C058_0131_3.Json,1,나무류,종이류,상자류
/home/minsu/disk_c/trash_dataset/085.생활_폐기물_이미지/01.데이터/1.Training/라벨링데이터/나무/주방용품/13_X018_C058_0131/13_X018_C058_0131_0.Json,1,나무류,종이류,상자류
/home/minsu/disk_c/trash_dataset/085.생활_폐기물_이미지/01.데이터/1.Training/라벨링데이터/나무/주방용품/13_X018_C058_0131/13_X018_C058_0131_1.Json,1,나무류,종이류,상자류
/home/minsu/disk_c/trash_dataset/085.생활_폐기물_이미지/01.데이터/1.Training/라벨링데이터/나무/주방용품/13_X018_C058_0131/13_X018_C058_0131_4.Json,1,나무류,종이류,포장상자
/home/minsu/disk_c/trash_dataset/085.생활_폐기물_이미지/01.데이터/1.Training/라벨링데이터/나무/주방용품/13_X068_C555_0304/13_X068_C555_0304_0.Json,2,나무류,종이류,음료수곽
/home/minsu/disk_c/trash_dataset/085.생활_폐기물_이미지/01.데이터/1.Training/라벨링데이터/나무/주방용품/13_X014_C058_0131/13_X014_C058_0131_4.Json,1,나무류,종이류,상자류
/home/minsu/disk_c/trash_dataset/085.생활_폐기물_이미지/01.데이터/1.Training/라벨링데이터/나무/주방용품/13_X014_C058_0131/13_X014_C058_0131_0.Json,1,나무류,종이류,상자류
/home/minsu/disk_c/trash_dataset/085.생활_폐기물_이미지/01.데이터/1.Training/라벨링데이터/나무/주방용품/13_X014_C058_0131/13_X014_C058_0131_3.Json,1,나무류,종이류,상자류
/home/minsu/disk_c/trash_dataset/085.생활_폐기물_이미지/01.데이터/1.Training/라벨링데이터/나무/주방용품/13_X014_C058_0131/13_X014_C058_0131_2.Json,1,나무류,종이류,상자류
/home/minsu/disk_c/trash_dataset/085.생활_폐기물_이미지/01.데이터/1.Training/라벨링데이터/나무/주방용품/13_X014_C058_0131/13_X014_C058_0131_1.Json,1,나무류,종이류,상자류
/home/minsu/disk_c/trash_dataset/085.생활_폐기물_이미지/01.데이터/1.Training/라벨링데이터/나무/주방용품/13_X011_C058_0129/13_X011_C058_0129_4.Json,1,나무류,종이류,포장상자
/home/minsu/disk_c/trash_dataset/085.생활_폐기물_이미지/01.데이터/1.Training/라벨링데이터/나무/주방용품/13_X011_C058_0129/13_X011_C058_0129_3.Json,1,나무류,종이류,포장상자
/home/minsu/disk_c/trash_dataset/085.생활_폐기물_이미지/01.데이터/1.Training/라벨링데이터/나무/주방용품/13_X011_C058_0129/13_X011_C058_0129_1.Json,1,나무류,종이류,포장상자
/home/minsu/disk_c/trash_dataset/085.생활_폐기물_이미지/01.데이터/1.Training/라벨링데이터/나무/주방용품/13_X011_C058_0129/13_X011_C058_0129_0.Json,1,나무류,종이류,포장상자
/home/minsu/disk_c/trash_dataset/085.생활_폐기물_이미지/01.데이터/1.Training/라벨링데이터/나무/주방용품/13_X011_C058_0129/13_X011_C058_0129_2.Json,1,나무류,종이류,포장상자
/home/minsu/disk_c/trash_dataset/085.생활_폐기물_이미지/01.데이터/1.Training/라벨링데이터/나무/주방용품/13_X003_C323_0128/13_X003_C323_0128_4.Json,0,나무류,캔류,통조림캔
/home/minsu/disk_c/trash_dataset/085.생활_폐기물_이미지/01.데이터/1.Training/라벨링데이터/나무/주방용품/13_X003_C323_0128/13_X003_C323_0128_1.Json,0,나무류,캔류,통조림캔
/home/minsu/disk_c/trash_dataset/085.생활_폐기물_이미지/01.데이터/1.Training/라벨링데이터/나무/주방용품/13_X003_C323_0128/13_X003_C323_0128_2.Json,0,나무류,캔류,통조림캔
/home/minsu/disk_c/trash_dataset/085.생활_폐기물_이미지/01.데이터/1.Training/라벨링데이터/나무/주방용품/13_X003_C323_0128/13_X003_C323_0128_3.Json,0,나무류,캔류,통조림캔
/home/minsu/disk_c/trash_dataset/085.생활_폐기물_이미지/01.데이터/1.Training/라벨링데이터/나무/주방용품/13_X003_C323_0128/13_X003_C323_0128_0.Json,1,나무류,캔류,통조림캔
/home/minsu/disk_c/trash_dataset/085.생활_폐기물_이미지/01.데이터/1.Training/라벨링데이터/나무/주방용품/13_X002_C015_0202/13_X002_C015_0202_0.Json,2,나무류,플라스틱류,대용량플라스틱통
/home/minsu/disk_c/trash_dataset/085.생활_폐기물_이미지/01.데이터/1.Training/라벨링데이터/나무/주방용품/13_X006_C045_0129/13_X006_C045_0129_2.Json,0,나무류,전자제품,기타
/home/minsu/disk_c/trash_dataset/085.생활_폐기물_이미지/01.데이터/1.Training/라벨링데이터/나무/주방용품/13_X006_C045_0129/13_X006_C045_0129_4.Json,0,나무류,전자제품,기타
/home/minsu/disk_c/trash_dataset/085.생활_폐기물_이미지/01.데이터/1.Training/라벨링데이터/나무/주방용품/13_X006_C045_0129/13_X006_C045_0129_0.Json,1,나무류,전자제품,기타
/home/minsu/disk_c/trash_dataset/085.생활_폐기물_이미지/01.데이터/1.Training/라벨링데이터/나무/주방용품/13_X006_C045_0129/13_X006_C045_0129_1.Json,0,나무류,전자제품,기타
/home/minsu/disk_c/trash_dataset/085.생활_폐기물_이미지/01.데이터/1.Training/라벨링데이터/나무/주방용품/13_X006_C045_0129/13_X006_C045_0129_3.Json,0,나무류,전자제품,기타
/home/minsu/disk_c/trash_dataset/085.생활_폐기물_이미지/01.데이터/1.Training/라벨링데이터/나무/주방용품/13_X032_C024_0227/13_X032_C024_0227_2.Json,3,나무류,전자제품,오디오
/home/minsu/disk_c/trash_dataset/085.생활_폐기물_이미지/01.데이터/1.Training/라벨링데이터/나무/주방용품/13_X015_C058_0129/13_X015_C058_0129_2.Json,1,나무류,종이류,상자류
/home/minsu/disk_c/trash_dataset/085.생활_폐기물_이미지/01.데이터/1.Training/라벨링데이터/나무/주방용품/13_X015_C058_0129/13_X015_C058_0129_0.Json,1,나무류,종이류,상자류
/home/minsu/disk_c/trash_dataset/085.생활_폐기물_이미지/01.데이터/1.Training/라벨링데이터/나무/주방용품/13_X015_C058_0129/13_X015_C058_0129_3.Json,1,나무류,종이류,상자류
/home/minsu/disk_c/trash_dataset/085.생활_폐기물_이미지/01.데이터/1.Training/라벨링데이터/나무/주방용품/13_X015_C058_0129/13_X015_C058_0129_1.Json,1,나무류,종이류,상자류
/home/minsu/disk_c/trash_dataset/085.생활_폐기물_이미지/01.데이터/1.Training/라벨링데이터/나무/주방용품/13_X015_C058_0129/13_X015_C058_0129_4.Json,1,나무류,종이류,상자류
/home/minsu/disk_c/trash_dataset/085.생활_폐기물_이미지/01.데이터/1.Training/라벨링데이터/나무/주방용품/13_X015_C058_0131/13_X015_C058_0131_2.Json,1,나무류,종이류,포장상자
/home/minsu/disk_c/trash_dataset/085.생활_폐기물_이미지/01.데이터/1.Training/라벨링데이터/나무/주방용품/13_X015_C058_0131/13_X015_C058_0131_3.Json,1,나무류,종이류,포장상자
/home/minsu/disk_c/trash_dataset/085.생활_폐기물_이미지/01.데이터/1.Training/라벨링데이터/나무/주방용품/13_X015_C058_0131/13_X015_C058_0131_1.Json,1,나무류,종이류,포장상자
/home/minsu/disk_c/trash_dataset/085.생활_폐기물_이미지/01.데이터/1.Training/라벨링데이터/나무/주방용품/13_X015_C058_0131/13_X015_C058_0131_4.Json,1,나무류,종이류,포장상자
/home/minsu/disk_c/trash_dataset/085.생활_폐기물_이미지/01.데이터/1.Training/라벨링데이터/나무/주방용품/13_X015_C058_0131/13_X015_C058_0131_0.Json,1,나무류,종이류,포장상자
/home/minsu/disk_c/trash_dataset/085.생활_폐기물_이미지/01.데이터/1.Training/라벨링데이터/나무/주방용품/13_X013_C058_0131/13_X013_C058_0131_4.Json,1,나무류,종이류,포장상자
/home/minsu/disk_c/trash_dataset/085.생활_폐기물_이미지/01.데이터/1.Training/라벨링데이터/나무/주방용품/13_X013_C058_0131/13_X013_C058_0131_1.Json,1,나무류,종이류,포장상자
/home/minsu/disk_c/trash_dataset/085.생활_폐기물_이미지/01.데이터/1.Training/라벨링데이터/나무/주방용품/13_X013_C058_0131/13_X013_C058_0131_3.Json,1,나무류,종이류,포장상자
/home/minsu/disk_c/trash_dataset/085.생활_폐기물_이미지/01.데이터/1.Training/라벨링데이터/나무/주방용품/13_X013_C058_0131/13_X013_C058_0131_0.Json,1,나무류,종이류,포장상자
/home/minsu/disk_c/trash_dataset/085.생활_폐기물_이미지/01.데이터/1.Training/라벨링데이터/나무/주방용품/13_X013_C058_0131/13_X013_C058_0131_2.Json,1,나무류,종이류,포장상자
/home/minsu/disk_c/trash_dataset/085.생활_폐기물_이미지/01.데이터/1.Training/라벨링데이터/나무/주방용품/13_X018_C058_0129/13_X018_C058_0129_2.Json,1,나무류,종이류,상자류
/home/minsu/disk_c/trash_dataset/085.생활_폐기물_이미지/01.데이터/1.Training/라벨링데이터/나무/주방용품/13_X018_C058_0129/13_X018_C058_0129_4.Json,1,나무류,종이류,상자류
/home/minsu/disk_c/trash_dataset/085.생활_폐기물_이미지/01.데이터/1.Training/라벨링데이터/나무/주방용품/13_X018_C058_0129/13_X018_C058_0129_1.Json,1,나무류,종이류,상자류
/home/minsu/disk_c/trash_dataset/085.생활_폐기물_이미지/01.데이터/1.Training/라벨링데이터/나무/주방용품/13_X018_C058_0129/13_X018_C058_0129_0.Json,1,나무류,종이류,상자류
/home/minsu/disk_c/trash_dataset/085.생활_폐기물_이미지/01.데이터/1.Training/라벨링데이터/나무/주방용품/13_X018_C058_0129/13_X018_C058_0129_3.Json,1,나무류,종이류,상자류
/home/minsu/disk_c/trash_dataset/085.생활_폐기물_이미지/01.데이터/1.Training/라벨링데이터/나무/주방용품/13_X003_C323_0201/13_X003_C323_0201_0.Json,1,나무류,플라스틱류,기타
/home/minsu/disk_c/trash_dataset/085.생활_폐기물_이미지/01.데이터/1.Training/라벨링데이터/나무/주방용품/13_X003_C323_0201/13_X003_C323_0201_1.Json,1,나무류,플라스틱류,기타
/home/minsu/disk_c/trash_dataset/085.생활_폐기물_이미지/01.데이터/1.Training/라벨링데이터/나무/주방용품/13_X003_C323_0201/13_X003_C323_0201_3.Json,1,나무류,플라스틱류,기타
/home/minsu/disk_c/trash_dataset/085.생활_폐기물_이미지/01.데이터/1.Training/라벨링데이터/나무/주방용품/13_X003_C323_0201/13_X003_C323_0201_4.Json,1,나무류,플라스틱류,기타
/home/minsu/disk_c/trash_dataset/085.생활_폐기물_이미지/01.데이터/1.Training/라벨링데이터/나무/주방용품/13_X003_C323_0201/13_X003_C323_0201_2.Json,1,나무류,플라스틱류,기타
/home/minsu/disk_c/trash_dataset/085.생활_폐기물_이미지/01.데이터/1.Training/라벨링데이터/나무/주방용품/13_X002_C014_0209/13_X002_C014_0209_0.Json,1,나무류,페트병류,페트병
/home/minsu/disk_c/trash_dataset/085.생활_폐기물_이미지/01.데이터/1.Training/라벨링데이터/나무/주방용품/13_X002_C014_0209/13_X002_C014_0209_2.Json,1,나무류,페트병류,페트병
/home/minsu/disk_c/trash_dataset/085.생활_폐기물_이미지/01.데이터/1.Training/라벨링데이터/나무/주방용품/13_X002_C014_0209/13_X002_C014_0209_4.Json,1,나무류,페트병류,페트병
/home/minsu/disk_c/trash_dataset/085.생활_폐기물_이미지/01.데이터/1.Training/라벨링데이터/나무/주방용품/13_X002_C014_0209/13_X002_C014_0209_1.Json,1,나무류,페트병류,페트병
/home/minsu/disk_c/trash_dataset/085.생활_폐기물_이미지/01.데이터/1.Training/라벨링데이터/나무/주방용품/13_X002_C014_0209/13_X002_C014_0209_3.Json,1,나무류,페트병류,페트병
/home/minsu/disk_c/trash_dataset/085.생활_폐기물_이미지/01.데이터/1.Training/라벨링데이터/나무/주방용품/13_X067_C555_0304/13_X067_C555_0304_0.Json,2,나무류,종이류,음료수곽
/home/minsu/disk_c/trash_dataset/085.생활_폐기물_이미지/01.데이터/1.Training/라벨링데이터/나무/주방용품/13_X001_C061_0131/13_X001_C061_0131_2.Json,0,나무류,플라스틱류,기타
/home/minsu/disk_c/trash_dataset/085.생활_폐기물_이미지/01.데이터/1.Training/라벨링데이터/나무/주방용품/13_X001_C061_0131/13_X001_C061_0131_3.Json,0,나무류,플라스틱류,기타
/home/minsu/disk_c/trash_dataset/085.생활_폐기물_이미지/01.데이터/1.Training/라벨링데이터/나무/주방용품/13_X001_C061_0131/13_X001_C061_0131_1.Json,1,나무류,플라스틱류,기타
/home/minsu/disk_c/trash_dataset/085.생활_폐기물_이미지/01.데이터/1.Training/라벨링데이터/나무/주방용품/13_X001_C061_0131/13_X001_C061_0131_0.Json,1,나무류,플라스틱류,기타
/home/minsu/disk_c/trash_dataset/085.생활_폐기물_이미지/01.데이터/1.Training/라벨링데이터/나무/주방용품/13_X001_C061_0131/13_X001_C061_0131_4.Json,0,나무류,플라스틱류,기타
/home/minsu/disk_c/trash_dataset/085.생활_폐기물_이미지/01.데이터/1.Training/라벨링데이터/나무/주방용품/13_X002_C014_0130/13_X002_C014_0130_2.Json,0,나무류,페트병류,페트병
/home/minsu/disk_c/trash_dataset/085.생활_폐기물_이미지/01.데이터/1.Training/라벨링데이터/나무/주방용품/13_X002_C014_0130/13_X002_C014_0130_3.Json,0,나무류,페트병류,페트병
/home/minsu/disk_c/trash_dataset/085.생활_폐기물_이미지/01.데이터/1.Training/라벨링데이터/나무/주방용품/13_X002_C014_0130/13_X002_C014_0130_4.Json,1,나무류,페트병류,페트병
/home/minsu/disk_c/trash_dataset/085.생활_폐기물_이미지/01.데이터/1.Training/라벨링데이터/나무/주방용품/13_X002_C014_0130/13_X002_C014_0130_1.Json,0,나무류,페트병류,페트병
/home/minsu/disk_c/trash_dataset/085.생활_폐기물_이미지/01.데이터/1.Training/라벨링데이터/나무/주방용품/13_X002_C014_0130/13_X002_C014_0130_0.Json,1,나무류,페트병류,페트병
/home/minsu/disk_c/trash_dataset/085.생활_폐기물_이미지/01.데이터/1.Training/라벨링데이터/나무/주방용품/13_X008_C058_0131/13_X008_C058_0131_0.Json,1,나무류,종이류,노트
/home/minsu/disk_c/trash_dataset/085.생활_폐기물_이미지/01.데이터/1.Training/라벨링데이터/나무/주방용품/13_X008_C058_0131/13_X008_C058_0131_2.Json,1,나무류,종이류,노트
/home/minsu/disk_c/trash_dataset/085.생활_폐기물_이미지/01.데이터/1.Training/라벨링데이터/나무/주방용품/13_X008_C058_0131/13_X008_C058_0131_3.Json,1,나무류,종이류,노트
/home/minsu/disk_c/trash_dataset/085.생활_폐기물_이미지/01.데이터/1.Training/라벨링데이터/나무/주방용품/13_X008_C058_0131/13_X008_C058_0131_1.Json,1,나무류,종이류,노트
/home/minsu/disk_c/trash_dataset/085.생활_폐기물_이미지/01.데이터/1.Training/라벨링데이터/나무/주방용품/13_X008_C058_0131/13_X008_C058_0131_4.Json,1,나무류,종이류,노트
/home/minsu/disk_c/trash_dataset/085.생활_폐기물_이미지/01.데이터/1.Training/라벨링데이터/나무/주방용품/13_X066_C555_0304/13_X066_C555_0304_0.Json,2,나무류,종이류,음료수곽
/home/minsu/disk_c/trash_dataset/085.생활_폐기물_이미지/01.데이터/1.Training/라벨링데이터/나무/주방용품/13_X009_C015_0131/13_X009_C015_0131_0.Json,1,나무류,플라스틱류,기타
/home/minsu/disk_c/trash_dataset/085.생활_폐기물_이미지/01.데이터/1.Training/라벨링데이터/나무/주방용품/13_X009_C015_0131/13_X009_C015_0131_4.Json,0,나무류,플라스틱류,기타
/home/minsu/disk_c/trash_dataset/085.생활_폐기물_이미지/01.데이터/1.Training/라벨링데이터/나무/주방용품/13_X009_C015_0131/13_X009_C015_0131_1.Json,0,나무류,플라스틱류,기타
/home/minsu/disk_c/trash_dataset/085.생활_폐기물_이미지/01.데이터/1.Training/라벨링데이터/나무/주방용품/13_X009_C015_0131/13_X009_C015_0131_2.Json,0,나무류,플라스틱류,기타
/home/minsu/disk_c/trash_dataset/085.생활_폐기물_이미지/01.데이터/1.Training/라벨링데이터/나무/주방용품/13_X009_C015_0131/13_X009_C015_0131_3.Json,0,나무류,플라스틱류,기타
/home/minsu/disk_c/trash_dataset/085.생활_폐기물_이미지/01.데이터/1.Training/라벨링데이터/나무/주방용품/13_X001_C014_0131/13_X001_C014_0131_4.Json,1,나무류,플라스틱류,밀폐용기
/home/minsu/disk_c/trash_dataset/085.생활_폐기물_이미지/01.데이터/1.Training/라벨링데이터/나무/주방용품/13_X001_C014_0131/13_X001_C014_0131_0.Json,1,나무류,플라스틱류,밀폐용기
/home/minsu/disk_c/trash_dataset/085.생활_폐기물_이미지/01.데이터/1.Training/라벨링데이터/나무/주방용품/13_X001_C014_0131/13_X001_C014_0131_3.Json,1,나무류,플라스틱류,밀폐용기
/home/minsu/disk_c/trash_dataset/085.생활_폐기물_이미지/01.데이터/1.Training/라벨링데이터/나무/주방용품/13_X001_C014_0131/13_X001_C014_0131_2.Json,1,나무류,플라스틱류,밀폐용기
/home/minsu/disk_c/trash_dataset/085.생활_폐기물_이미지/01.데이터/1.Training/라벨링데이터/나무/주방용품/13_X001_C014_0131/13_X001_C014_0131_1.Json,1,나무류,플라스틱류,밀폐용기
/home/minsu/disk_c/trash_dataset/085.생활_폐기물_이미지/01.데이터/1.Training/라벨링데이터/나무/주방용품/13_X003_C323_0131/13_X003_C323_0131_3.Json,1,나무류,페트병류,페트병
/home/minsu/disk_c/trash_dataset/085.생활_폐기물_이미지/01.데이터/1.Training/라벨링데이터/나무/주방용품/13_X003_C323_0131/13_X003_C323_0131_4.Json,1,나무류,페트병류,페트병
/home/minsu/disk_c/trash_dataset/085.생활_폐기물_이미지/01.데이터/1.Training/라벨링데이터/나무/주방용품/13_X003_C323_0131/13_X003_C323_0131_1.Json,1,나무류,페트병류,페트병
/home/minsu/disk_c/trash_dataset/085.생활_폐기물_이미지/01.데이터/1.Training/라벨링데이터/나무/주방용품/13_X003_C323_0131/13_X003_C323_0131_0.Json,1,나무류,페트병류,페트병
/home/minsu/disk_c/trash_dataset/085.생활_폐기물_이미지/01.데이터/1.Training/라벨링데이터/나무/주방용품/13_X003_C323_0131/13_X003_C323_0131_2.Json,1,나무류,페트병류,페트병
/home/minsu/disk_c/trash_dataset/085.생활_폐기물_이미지/01.데이터/1.Training/라벨링데이터/나무/주방용품/13_X004_C015_0202/13_X004_C015_0202_4.Json,1,나무류,고철류,고철
/home/minsu/disk_c/trash_dataset/085.생활_폐기물_이미지/01.데이터/1.Training/라벨링데이터/나무/주방용품/13_X004_C015_0202/13_X004_C015_0202_2.Json,1,나무류,고철류,고철
/home/minsu/disk_c/trash_dataset/085.생활_폐기물_이미지/01.데이터/1.Training/라벨링데이터/나무/주방용품/13_X004_C015_0202/13_X004_C015_0202_1.Json,1,나무류,고철류,고철
/home/minsu/disk_c/trash_dataset/085.생활_폐기물_이미지/01.데이터/1.Training/라벨링데이터/나무/주방용품/13_X004_C015_0202/13_X004_C015_0202_0.Json,1,나무류,고철류,고철
/home/minsu/disk_c/trash_dataset/085.생활_폐기물_이미지/01.데이터/1.Training/라벨링데이터/나무/주방용품/13_X004_C015_0202/13_X004_C015_0202_3.Json,1,나무류,고철류,고철
/home/minsu/disk_c/trash_dataset/085.생활_폐기물_이미지/01.데이터/1.Training/라벨링데이터/나무/주방용품/13_X006_C323_0128/13_X006_C323_0128_3.Json,0,나무류,캔류,통조림캔
/home/minsu/disk_c/trash_dataset/085.생활_폐기물_이미지/01.데이터/1.Training/라벨링데이터/나무/주방용품/13_X006_C323_0128/13_X006_C323_0128_4.Json,0,나무류,캔류,통조림캔
/home/minsu/disk_c/trash_dataset/085.생활_폐기물_이미지/01.데이터/1.Training/라벨링데이터/나무/주방용품/13_X006_C323_0128/13_X006_C323_0128_2.Json,0,나무류,캔류,통조림캔
/home/minsu/disk_c/trash_dataset/085.생활_폐기물_이미지/01.데이터/1.Training/라벨링데이터/나무/주방용품/13_X006_C323_0128/13_X006_C323_0128_1.Json,0,나무류,캔류,통조림캔
/home/minsu/disk_c/trash_dataset/085.생활_폐기물_이미지/01.데이터/1.Training/라벨링데이터/나무/주방용품/13_X006_C323_0128/13_X006_C323_0128_0.Json,1,나무류,캔류,통조림캔
/home/minsu/disk_c/trash_dataset/085.생활_폐기물_이미지/01.데이터/1.Training/라벨링데이터/나무/주걱/13_X007_C015_0131/13_X007_C015_0131_4.Json,0,나무류,플라스틱류,기타
/home/minsu/disk_c/trash_dataset/085.생활_폐기물_이미지/01.데이터/1.Training/라벨링데이터/나무/주걱/13_X007_C015_0131/13_X007_C015_0131_0.Json,1,나무류,플라스틱류,기타
/home/minsu/disk_c/trash_dataset/085.생활_폐기물_이미지/01.데이터/1.Training/라벨링데이터/나무/주걱/13_X007_C015_0131/13_X007_C015_0131_3.Json,0,나무류,플라스틱류,기타
/home/minsu/disk_c/trash_dataset/085.생활_폐기물_이미지/01.데이터/1.Training/라벨링데이터/나무/주걱/13_X007_C015_0131/13_X007_C015_0131_2.Json,0,나무류,플라스틱류,기타
/home/minsu/disk_c/trash_dataset/085.생활_폐기물_이미지/01.데이터/1.Training/라벨링데이터/나무/주걱/13_X007_C015_0131/13_X007_C015_0131_1.Json,0,나무류,플라스틱류,기타
/home/minsu/disk_c/trash_dataset/085.생활_폐기물_이미지/01.데이터/1.Training/라벨링데이터/나무/주걱/13_X006_C323_0201/13_X006_C323_0201_0.Json,1,나무류,플라스틱류,기타
/home/minsu/disk_c/trash_dataset/085.생활_폐기물_이미지/01.데이터/1.Training/라벨링데이터/나무/주걱/13_X006_C323_0201/13_X006_C323_0201_1.Json,1,나무류,플라스틱류,기타
/home/minsu/disk_c/trash_dataset/085.생활_폐기물_이미지/01.데이터/1.Training/라벨링데이터/나무/주걱/13_X006_C323_0201/13_X006_C323_0201_2.Json,1,나무류,플라스틱류,기타
/home/minsu/disk_c/trash_dataset/085.생활_폐기물_이미지/01.데이터/1.Training/라벨링데이터/나무/주걱/13_X006_C323_0201/13_X006_C323_0201_3.Json,1,나무류,플라스틱류,기타
/home/minsu/disk_c/trash_dataset/085.생활_폐기물_이미지/01.데이터/1.Training/라벨링데이터/나무/주걱/13_X006_C323_0201/13_X006_C323_0201_4.Json,1,나무류,플라스틱류,기타
/home/minsu/disk_c/trash_dataset/085.생활_폐기물_이미지/01.데이터/1.Training/라벨링데이터/나무/주걱/13_X007_C323_0128/13_X007_C323_0128_3.Json,0,나무류,캔류,통조림캔
/home/minsu/disk_c/trash_dataset/085.생활_폐기물_이미지/01.데이터/1.Training/라벨링데이터/나무/주걱/13_X007_C323_0128/13_X007_C323_0128_0.Json,1,나무류,캔류,통조림캔
/home/minsu/disk_c/trash_dataset/085.생활_폐기물_이미지/01.데이터/1.Training/라벨링데이터/나무/주걱/13_X007_C323_0128/13_X007_C323_0128_2.Json,0,나무류,캔류,통조림캔
/home/minsu/disk_c/trash_dataset/085.생활_폐기물_이미지/01.데이터/1.Training/라벨링데이터/나무/주걱/13_X007_C323_0128/13_X007_C323_0128_4.Json,0,나무류,캔류,통조림캔
/home/minsu/disk_c/trash_dataset/085.생활_폐기물_이미지/01.데이터/1.Training/라벨링데이터/나무/주걱/13_X007_C323_0128/13_X007_C323_0128_1.Json,0,나무류,캔류,통조림캔
/home/minsu/disk_c/trash_dataset/085.생활_폐기물_이미지/01.데이터/1.Training/라벨링데이터/나무/액자/13_X044_C058_0129/13_X044_C058_0129_1.Json,1,나무류,고철류,고철
/home/minsu/disk_c/trash_dataset/085.생활_폐기물_이미지/01.데이터/1.Training/라벨링데이터/나무/액자/13_X044_C058_0129/13_X044_C058_0129_0.Json,1,나무류,고철류,고철
/home/minsu/disk_c/trash_dataset/085.생활_폐기물_이미지/01.데이터/1.Training/라벨링데이터/나무/액자/13_X044_C058_0129/13_X044_C058_0129_3.Json,1,나무류,고철류,고철
/home/minsu/disk_c/trash_dataset/085.생활_폐기물_이미지/01.데이터/1.Training/라벨링데이터/나무/액자/13_X044_C058_0129/13_X044_C058_0129_2.Json,1,나무류,고철류,고철
/home/minsu/disk_c/trash_dataset/085.생활_폐기물_이미지/01.데이터/1.Training/라벨링데이터/나무/액자/13_X044_C058_0129/13_X044_C058_0129_4.Json,1,나무류,고철류,고철
/home/minsu/disk_c/trash_dataset/085.생활_폐기물_이미지/01.데이터/1.Training/라벨링데이터/나무/액자/13_X039_C058_0129/13_X039_C058_0129_2.Json,1,나무류,고철류,고철
/home/minsu/disk_c/trash_dataset/085.생활_폐기물_이미지/01.데이터/1.Training/라벨링데이터/나무/액자/13_X039_C058_0129/13_X039_C058_0129_1.Json,1,나무류,고철류,고철
/home/minsu/disk_c/trash_dataset/085.생활_폐기물_이미지/01.데이터/1.Training/라벨링데이터/나무/액자/13_X039_C058_0129/13_X039_C058_0129_0.Json,1,나무류,고철류,고철
/home/minsu/disk_c/trash_dataset/085.생활_폐기물_이미지/01.데이터/1.Training/라벨링데이터/나무/액자/13_X039_C058_0129/13_X039_C058_0129_3.Json,1,나무류,고철류,고철
/home/minsu/disk_c/trash_dataset/085.생활_폐기물_이미지/01.데이터/1.Training/라벨링데이터/나무/액자/13_X039_C058_0129/13_X039_C058_0129_4.Json,1,나무류,고철류,고철
/home/minsu/disk_c/trash_dataset/085.생활_폐기물_이미지/01.데이터/1.Training/라벨링데이터/나무/액자/13_X036_C058_0129/13_X036_C058_0129_4.Json,1,나무류,고철류,고철
/home/minsu/disk_c/trash_dataset/085.생활_폐기물_이미지/01.데이터/1.Training/라벨링데이터/나무/액자/13_X036_C058_0129/13_X036_C058_0129_1.Json,1,나무류,고철류,고철
/home/minsu/disk_c/trash_dataset/085.생활_폐기물_이미지/01.데이터/1.Training/라벨링데이터/나무/액자/13_X036_C058_0129/13_X036_C058_0129_2.Json,1,나무류,고철류,고철
/home/minsu/disk_c/trash_dataset/085.생활_폐기물_이미지/01.데이터/1.Training/라벨링데이터/나무/액자/13_X036_C058_0129/13_X036_C058_0129_0.Json,1,나무류,고철류,고철
/home/minsu/disk_c/trash_dataset/085.생활_폐기물_이미지/01.데이터/1.Training/라벨링데이터/나무/액자/13_X036_C058_0129/13_X036_C058_0129_3.Json,1,나무류,고철류,고철
/home/minsu/disk_c/trash_dataset/085.생활_폐기물_이미지/01.데이터/1.Training/라벨링데이터/나무/액자/13_X046_C058_0129/13_X046_C058_0129_4.Json,1,나무류,고철류,고철
/home/minsu/disk_c/trash_dataset/085.생활_폐기물_이미지/01.데이터/1.Training/라벨링데이터/나무/액자/13_X046_C058_0129/13_X046_C058_0129_3.Json,1,나무류,고철류,고철
/home/minsu/disk_c/trash_dataset/085.생활_폐기물_이미지/01.데이터/1.Training/라벨링데이터/나무/액자/13_X046_C058_0129/13_X046_C058_0129_0.Json,1,나무류,고철류,고철
/home/minsu/disk_c/trash_dataset/085.생활_폐기물_이미지/01.데이터/1.Training/라벨링데이터/나무/액자/13_X046_C058_0129/13_X046_C058_0129_1.Json,1,나무류,고철류,고철
/home/minsu/disk_c/trash_dataset/085.생활_폐기물_이미지/01.데이터/1.Training/라벨링데이터/나무/액자/13_X046_C058_0129/13_X046_C058_0129_2.Json,1,나무류,고철류,고철
/home/minsu/disk_c/trash_dataset/085.생활_폐기물_이미지/01.데이터/1.Training/라벨링데이터/나무/액자/13_X002_C058_0202/13_X002_C058_0202_4.Json,0,나무류,고철류,고철
/home/minsu/disk_c/trash_dataset/085.생활_폐기물_이미지/01.데이터/1.Training/라벨링데이터/나무/액자/13_X002_C058_0202/13_X002_C058_0202_0.Json,1,나무류,고철류,고철
/home/minsu/disk_c/trash_dataset/085.생활_폐기물_이미지/01.데이터/1.Training/라벨링데이터/나무/액자/13_X002_C058_0202/13_X002_C058_0202_2.Json,0,나무류,고철류,고철
/home/minsu/disk_c/trash_dataset/085.생활_폐기물_이미지/01.데이터/1.Training/라벨링데이터/나무/액자/13_X002_C058_0202/13_X002_C058_0202_3.Json,0,나무류,고철류,고철
/home/minsu/disk_c/trash_dataset/085.생활_폐기물_이미지/01.데이터/1.Training/라벨링데이터/나무/액자/13_X002_C058_0202/13_X002_C058_0202_1.Json,0,나무류,고철류,고철
/home/minsu/disk_c/trash_dataset/085.생활_폐기물_이미지/01.데이터/1.Training/라벨링데이터/나무/액자/13_X021_C023_0301/13_X021_C023_0301_4.Json,1,나무류,종이류,노트
/home/minsu/disk_c/trash_dataset/085.생활_폐기물_이미지/01.데이터/1.Training/라벨링데이터/나무/액자/13_X021_C023_0301/13_X021_C023_0301_0.Json,1,나무류,종이류,노트
/home/minsu/disk_c/trash_dataset/085.생활_폐기물_이미지/01.데이터/1.Training/라벨링데이터/나무/액자/13_X021_C023_0301/13_X021_C023_0301_2.Json,1,나무류,종이류,노트
/home/minsu/disk_c/trash_dataset/085.생활_폐기물_이미지/01.데이터/1.Training/라벨링데이터/나무/액자/13_X021_C023_0301/13_X021_C023_0301_1.Json,1,나무류,종이류,신문지
/home/minsu/disk_c/trash_dataset/085.생활_폐기물_이미지/01.데이터/1.Training/라벨링데이터/나무/액자/13_X021_C023_0301/13_X021_C023_0301_3.Json,1,나무류,종이류,노트
/home/minsu/disk_c/trash_dataset/085.생활_폐기물_이미지/01.데이터/1.Training/라벨링데이터/나무/액자/13_X006_C058_0202/13_X006_C058_0202_4.Json,0,나무류,고철류,고철
/home/minsu/disk_c/trash_dataset/085.생활_폐기물_이미지/01.데이터/1.Training/라벨링데이터/나무/액자/13_X006_C058_0202/13_X006_C058_0202_3.Json,0,나무류,고철류,고철
/home/minsu/disk_c/trash_dataset/085.생활_폐기물_이미지/01.데이터/1.Training/라벨링데이터/나무/액자/13_X006_C058_0202/13_X006_C058_0202_2.Json,0,나무류,고철류,고철
/home/minsu/disk_c/trash_dataset/085.생활_폐기물_이미지/01.데이터/1.Training/라벨링데이터/나무/액자/13_X006_C058_0202/13_X006_C058_0202_1.Json,0,나무류,고철류,고철
/home/minsu/disk_c/trash_dataset/085.생활_폐기물_이미지/01.데이터/1.Training/라벨링데이터/나무/액자/13_X006_C058_0202/13_X006_C058_0202_0.Json,1,나무류,고철류,고철
/home/minsu/disk_c/trash_dataset/085.생활_폐기물_이미지/01.데이터/1.Training/라벨링데이터/나무/액자/13_X007_C058_0202/13_X007_C058_0202_0.Json,1,나무류,고철류,고철
/home/minsu/disk_c/trash_dataset/085.생활_폐기물_이미지/01.데이터/1.Training/라벨링데이터/나무/액자/13_X007_C058_0202/13_X007_C058_0202_1.Json,0,나무류,고철류,고철
/home/minsu/disk_c/trash_dataset/085.생활_폐기물_이미지/01.데이터/1.Training/라벨링데이터/나무/액자/13_X007_C058_0202/13_X007_C058_0202_4.Json,0,나무류,고철류,고철
/home/minsu/disk_c/trash_dataset/085.생활_폐기물_이미지/01.데이터/1.Training/라벨링데이터/나무/액자/13_X007_C058_0202/13_X007_C058_0202_3.Json,0,나무류,고철류,고철
/home/minsu/disk_c/trash_dataset/085.생활_폐기물_이미지/01.데이터/1.Training/라벨링데이터/나무/액자/13_X007_C058_0202/13_X007_C058_0202_2.Json,0,나무류,고철류,고철
/home/minsu/disk_c/trash_dataset/085.생활_폐기물_이미지/01.데이터/1.Training/라벨링데이터/나무/액자/13_X048_C058_0129/13_X048_C058_0129_3.Json,1,나무류,고철류,고철
/home/minsu/disk_c/trash_dataset/085.생활_폐기물_이미지/01.데이터/1.Training/라벨링데이터/나무/액자/13_X048_C058_0129/13_X048_C058_0129_2.Json,1,나무류,고철류,고철
/home/minsu/disk_c/trash_dataset/085.생활_폐기물_이미지/01.데이터/1.Training/라벨링데이터/나무/액자/13_X048_C058_0129/13_X048_C058_0129_4.Json,1,나무류,고철류,고철
/home/minsu/disk_c/trash_dataset/085.생활_폐기물_이미지/01.데이터/1.Training/라벨링데이터/나무/액자/13_X048_C058_0129/13_X048_C058_0129_1.Json,1,나무류,고철류,고철
/home/minsu/disk_c/trash_dataset/085.생활_폐기물_이미지/01.데이터/1.Training/라벨링데이터/나무/액자/13_X048_C058_0129/13_X048_C058_0129_0.Json,1,나무류,고철류,고철
/home/minsu/disk_c/trash_dataset/085.생활_폐기물_이미지/01.데이터/1.Training/라벨링데이터/나무/액자/13_X045_C058_0129/13_X045_C058_0129_4.Json,1,나무류,고철류,고철
/home/minsu/disk_c/trash_dataset/085.생활_폐기물_이미지/01.데이터/1.Training/라벨링데이터/나무/액자/13_X045_C058_0129/13_X045_C058_0129_3.Json,1,나무류,고철류,고철
/home/minsu/disk_c/trash_dataset/085.생활_폐기물_이미지/01.데이터/1.Training/라벨링데이터/나무/액자/13_X045_C058_0129/13_X045_C058_0129_2.Json,1,나무류,고철류,고철
/home/minsu/disk_c/trash_dataset/085.생활_폐기물_이미지/01.데이터/1.Training/라벨링데이터/나무/액자/13_X045_C058_0129/13_X045_C058_0129_1.Json,1,나무류,고철류,고철
/home/minsu/disk_c/trash_dataset/085.생활_폐기물_이미지/01.데이터/1.Training/라벨링데이터/나무/액자/13_X045_C058_0129/13_X045_C058_0129_0.Json,1,나무류,고철류,고철
/home/minsu/disk_c/trash_dataset/085.생활_폐기물_이미지/01.데이터/1.Training/라벨링데이터/나무/액자/13_X008_C058_0202/13_X008_C058_0202_2.Json,0,나무류,고철류,고철
/home/minsu/disk_c/trash_dataset/085.생활_폐기물_이미지/01.데이터/1.Training/라벨링데이터/나무/액자/13_X008_C058_0202/13_X008_C058_0202_4.Json,0,나무류,고철류,고철
/home/minsu/disk_c/trash_dataset/085.생활_폐기물_이미지/01.데이터/1.Training/라벨링데이터/나무/액자/13_X008_C058_0202/13_X008_C058_0202_1.Json,1,나무류,고철류,고철
/home/minsu/disk_c/trash_dataset/085.생활_폐기물_이미지/01.데이터/1.Training/라벨링데이터/나무/액자/13_X008_C058_0202/13_X008_C058_0202_0.Json,1,나무류,고철류,고철
/home/minsu/disk_c/trash_dataset/085.생활_폐기물_이미지/01.데이터/1.Training/라벨링데이터/나무/액자/13_X008_C058_0202/13_X008_C058_0202_3.Json,0,나무류,고철류,고철
/home/minsu/disk_c/trash_dataset/085.생활_폐기물_이미지/01.데이터/1.Training/라벨링데이터/나무/액자/13_X034_C058_0129/13_X034_C058_0129_1.Json,1,나무류,고철류,고철
/home/minsu/disk_c/trash_dataset/085.생활_폐기물_이미지/01.데이터/1.Training/라벨링데이터/나무/액자/13_X034_C058_0129/13_X034_C058_0129_2.Json,1,나무류,고철류,고철
/home/minsu/disk_c/trash_dataset/085.생활_폐기물_이미지/01.데이터/1.Training/라벨링데이터/나무/액자/13_X034_C058_0129/13_X034_C058_0129_3.Json,1,나무류,고철류,고철
/home/minsu/disk_c/trash_dataset/085.생활_폐기물_이미지/01.데이터/1.Training/라벨링데이터/나무/액자/13_X034_C058_0129/13_X034_C058_0129_0.Json,1,나무류,고철류,고철
/home/minsu/disk_c/trash_dataset/085.생활_폐기물_이미지/01.데이터/1.Training/라벨링데이터/나무/액자/13_X001_C058_0202/13_X001_C058_0202_4.Json,0,나무류,고철류,고철
/home/minsu/disk_c/trash_dataset/085.생활_폐기물_이미지/01.데이터/1.Training/라벨링데이터/나무/액자/13_X001_C058_0202/13_X001_C058_0202_2.Json,1,나무류,고철류,고철
/home/minsu/disk_c/trash_dataset/085.생활_폐기물_이미지/01.데이터/1.Training/라벨링데이터/나무/액자/13_X001_C058_0202/13_X001_C058_0202_0.Json,1,나무류,고철류,고철
/home/minsu/disk_c/trash_dataset/085.생활_폐기물_이미지/01.데이터/1.Training/라벨링데이터/나무/액자/13_X001_C058_0202/13_X001_C058_0202_3.Json,0,나무류,고철류,고철
/home/minsu/disk_c/trash_dataset/085.생활_폐기물_이미지/01.데이터/1.Training/라벨링데이터/나무/액자/13_X001_C058_0202/13_X001_C058_0202_1.Json,0,나무류,고철류,고철
/home/minsu/disk_c/trash_dataset/085.생활_폐기물_이미지/01.데이터/1.Training/라벨링데이터/나무/액자/13_X040_C058_0129/13_X040_C058_0129_0.Json,1,나무류,고철류,고철
/home/minsu/disk_c/trash_dataset/085.생활_폐기물_이미지/01.데이터/1.Training/라벨링데이터/나무/액자/13_X040_C058_0129/13_X040_C058_0129_1.Json,1,나무류,고철류,고철
/home/minsu/disk_c/trash_dataset/085.생활_폐기물_이미지/01.데이터/1.Training/라벨링데이터/나무/액자/13_X040_C058_0129/13_X040_C058_0129_4.Json,1,나무류,고철류,고철
/home/minsu/disk_c/trash_dataset/085.생활_폐기물_이미지/01.데이터/1.Training/라벨링데이터/나무/액자/13_X040_C058_0129/13_X040_C058_0129_2.Json,1,나무류,고철류,고철
/home/minsu/disk_c/trash_dataset/085.생활_폐기물_이미지/01.데이터/1.Training/라벨링데이터/나무/액자/13_X040_C058_0129/13_X040_C058_0129_3.Json,1,나무류,고철류,고철
/home/minsu/disk_c/trash_dataset/085.생활_폐기물_이미지/01.데이터/1.Training/라벨링데이터/나무/액자/13_X006_C015_0202/13_X006_C015_0202_2.Json,1,나무류,고철류,고철
/home/minsu/disk_c/trash_dataset/085.생활_폐기물_이미지/01.데이터/1.Training/라벨링데이터/나무/액자/13_X006_C015_0202/13_X006_C015_0202_0.Json,1,나무류,고철류,고철
/home/minsu/disk_c/trash_dataset/085.생활_폐기물_이미지/01.데이터/1.Training/라벨링데이터/나무/액자/13_X006_C015_0202/13_X006_C015_0202_1.Json,1,나무류,고철류,고철
/home/minsu/disk_c/trash_dataset/085.생활_폐기물_이미지/01.데이터/1.Training/라벨링데이터/나무/액자/13_X006_C015_0202/13_X006_C015_0202_3.Json,1,나무류,고철류,고철
/home/minsu/disk_c/trash_dataset/085.생활_폐기물_이미지/01.데이터/1.Training/라벨링데이터/나무/액자/13_X006_C015_0202/13_X006_C015_0202_4.Json,1,나무류,고철류,고철
/home/minsu/disk_c/trash_dataset/085.생활_폐기물_이미지/01.데이터/1.Training/라벨링데이터/나무/액자/13_X043_C058_0129/13_X043_C058_0129_3.Json,1,나무류,고철류,고철
/home/minsu/disk_c/trash_dataset/085.생활_폐기물_이미지/01.데이터/1.Training/라벨링데이터/나무/액자/13_X043_C058_0129/13_X043_C058_0129_2.Json,1,나무류,고철류,고철
/home/minsu/disk_c/trash_dataset/085.생활_폐기물_이미지/01.데이터/1.Training/라벨링데이터/나무/액자/13_X043_C058_0129/13_X043_C058_0129_0.Json,1,나무류,고철류,고철
/home/minsu/disk_c/trash_dataset/085.생활_폐기물_이미지/01.데이터/1.Training/라벨링데이터/나무/액자/13_X043_C058_0129/13_X043_C058_0129_1.Json,1,나무류,고철류,고철
/home/minsu/disk_c/trash_dataset/085.생활_폐기물_이미지/01.데이터/1.Training/라벨링데이터/나무/액자/13_X043_C058_0129/13_X043_C058_0129_4.Json,1,나무류,고철류,고철
/home/minsu/disk_c/trash_dataset/085.생활_폐기물_이미지/01.데이터/1.Training/라벨링데이터/나무/액자/13_X042_C058_0129/13_X042_C058_0129_4.Json,1,나무류,고철류,고철
/home/minsu/disk_c/trash_dataset/085.생활_폐기물_이미지/01.데이터/1.Training/라벨링데이터/나무/액자/13_X042_C058_0129/13_X042_C058_0129_1.Json,1,나무류,고철류,고철
/home/minsu/disk_c/trash_dataset/085.생활_폐기물_이미지/01.데이터/1.Training/라벨링데이터/나무/액자/13_X042_C058_0129/13_X042_C058_0129_0.Json,1,나무류,고철류,고철
/home/minsu/disk_c/trash_dataset/085.생활_폐기물_이미지/01.데이터/1.Training/라벨링데이터/나무/액자/13_X042_C058_0129/13_X042_C058_0129_2.Json,1,나무류,고철류,고철
/home/minsu/disk_c/trash_dataset/085.생활_폐기물_이미지/01.데이터/1.Training/라벨링데이터/나무/액자/13_X042_C058_0129/13_X042_C058_0129_3.Json,1,나무류,고철류,고철
/home/minsu/disk_c/trash_dataset/085.생활_폐기물_이미지/01.데이터/1.Training/라벨링데이터/나무/액자/13_X041_C058_0129/13_X041_C058_0129_0.Json,1,나무류,고철류,고철
/home/minsu/disk_c/trash_dataset/085.생활_폐기물_이미지/01.데이터/1.Training/라벨링데이터/나무/액자/13_X041_C058_0129/13_X041_C058_0129_2.Json,1,나무류,고철류,고철
/home/minsu/disk_c/trash_dataset/085.생활_폐기물_이미지/01.데이터/1.Training/라벨링데이터/나무/액자/13_X041_C058_0129/13_X041_C058_0129_4.Json,1,나무류,고철류,고철
/home/minsu/disk_c/trash_dataset/085.생활_폐기물_이미지/01.데이터/1.Training/라벨링데이터/나무/액자/13_X041_C058_0129/13_X041_C058_0129_3.Json,1,나무류,고철류,고철
/home/minsu/disk_c/trash_dataset/085.생활_폐기물_이미지/01.데이터/1.Training/라벨링데이터/나무/액자/13_X041_C058_0129/13_X041_C058_0129_1.Json,1,나무류,고철류,고철
/home/minsu/disk_c/trash_dataset/085.생활_폐기물_이미지/01.데이터/1.Training/라벨링데이터/나무/액자/13_X047_C058_0129/13_X047_C058_0129_3.Json,1,나무류,고철류,고철
/home/minsu/disk_c/trash_dataset/085.생활_폐기물_이미지/01.데이터/1.Training/라벨링데이터/나무/액자/13_X047_C058_0129/13_X047_C058_0129_1.Json,1,나무류,고철류,고철
/home/minsu/disk_c/trash_dataset/085.생활_폐기물_이미지/01.데이터/1.Training/라벨링데이터/나무/액자/13_X047_C058_0129/13_X047_C058_0129_0.Json,1,나무류,고철류,고철
/home/minsu/disk_c/trash_dataset/085.생활_폐기물_이미지/01.데이터/1.Training/라벨링데이터/나무/액자/13_X047_C058_0129/13_X047_C058_0129_4.Json,1,나무류,고철류,고철
/home/minsu/disk_c/trash_dataset/085.생활_폐기물_이미지/01.데이터/1.Training/라벨링데이터/나무/액자/13_X047_C058_0129/13_X047_C058_0129_2.Json,1,나무류,고철류,고철
/home/minsu/disk_c/trash_dataset/085.생활_폐기물_이미지/01.데이터/1.Training/라벨링데이터/나무/액자/13_X035_C058_0129/13_X035_C058_0129_0.Json,1,나무류,고철류,고철
/home/minsu/disk_c/trash_dataset/085.생활_폐기물_이미지/01.데이터/1.Training/라벨링데이터/나무/액자/13_X035_C058_0129/13_X035_C058_0129_4.Json,1,나무류,고철류,고철
/home/minsu/disk_c/trash_dataset/085.생활_폐기물_이미지/01.데이터/1.Training/라벨링데이터/나무/액자/13_X035_C058_0129/13_X035_C058_0129_3.Json,1,나무류,고철류,고철
/home/minsu/disk_c/trash_dataset/085.생활_폐기물_이미지/01.데이터/1.Training/라벨링데이터/나무/액자/13_X035_C058_0129/13_X035_C058_0129_1.Json,1,나무류,고철류,고철
/home/minsu/disk_c/trash_dataset/085.생활_폐기물_이미지/01.데이터/1.Training/라벨링데이터/나무/액자/13_X035_C058_0129/13_X035_C058_0129_2.Json,1,나무류,고철류,고철
/home/minsu/disk_c/trash_dataset/085.생활_폐기물_이미지/01.데이터/1.Training/라벨링데이터/나무/액자/13_X010_C058_0202/13_X010_C058_0202_2.Json,0,나무류,고철류,고철
/home/minsu/disk_c/trash_dataset/085.생활_폐기물_이미지/01.데이터/1.Training/라벨링데이터/나무/액자/13_X010_C058_0202/13_X010_C058_0202_1.Json,0,나무류,고철류,고철
/home/minsu/disk_c/trash_dataset/085.생활_폐기물_이미지/01.데이터/1.Training/라벨링데이터/나무/액자/13_X010_C058_0202/13_X010_C058_0202_4.Json,0,나무류,고철류,고철
/home/minsu/disk_c/trash_dataset/085.생활_폐기물_이미지/01.데이터/1.Training/라벨링데이터/나무/액자/13_X010_C058_0202/13_X010_C058_0202_3.Json,0,나무류,고철류,고철
/home/minsu/disk_c/trash_dataset/085.생활_폐기물_이미지/01.데이터/1.Training/라벨링데이터/나무/액자/13_X010_C058_0202/13_X010_C058_0202_0.Json,1,나무류,고철류,고철
/home/minsu/disk_c/trash_dataset/085.생활_폐기물_이미지/01.데이터/1.Training/라벨링데이터/나무/액자/13_X037_C058_0129/13_X037_C058_0129_2.Json,1,나무류,고철류,고철
/home/minsu/disk_c/trash_dataset/085.생활_폐기물_이미지/01.데이터/1.Training/라벨링데이터/나무/액자/13_X037_C058_0129/13_X037_C058_0129_4.Json,1,나무류,고철류,고철
/home/minsu/disk_c/trash_dataset/085.생활_폐기물_이미지/01.데이터/1.Training/라벨링데이터/나무/액자/13_X037_C058_0129/13_X037_C058_0129_1.Json,1,나무류,고철류,고철
/home/minsu/disk_c/trash_dataset/085.생활_폐기물_이미지/01.데이터/1.Training/라벨링데이터/나무/액자/13_X037_C058_0129/13_X037_C058_0129_0.Json,1,나무류,고철류,고철
/home/minsu/disk_c/trash_dataset/085.생활_폐기물_이미지/01.데이터/1.Training/라벨링데이터/나무/액자/13_X037_C058_0129/13_X037_C058_0129_3.Json,1,나무류,고철류,고철
/home/minsu/disk_c/trash_dataset/085.생활_폐기물_이미지/01.데이터/1.Training/라벨링데이터/나무/액자/13_X033_C058_0129/13_X033_C058_0129_0.Json,1,나무류,고철류,고철
/home/minsu/disk_c/trash_dataset/085.생활_폐기물_이미지/01.데이터/1.Training/라벨링데이터/나무/액자/13_X033_C058_0129/13_X033_C058_0129_1.Json,1,나무류,고철류,고철
/home/minsu/disk_c/trash_dataset/085.생활_폐기물_이미지/01.데이터/1.Training/라벨링데이터/나무/기타/13_X002_C058_0131/13_X002_C058_0131_2.Json,1,나무류,종이류,포장상자
/home/minsu/disk_c/trash_dataset/085.생활_폐기물_이미지/01.데이터/1.Training/라벨링데이터/나무/기타/13_X002_C058_0131/13_X002_C058_0131_1.Json,1,나무류,종이류,포장상자
/home/minsu/disk_c/trash_dataset/085.생활_폐기물_이미지/01.데이터/1.Training/라벨링데이터/나무/기타/13_X002_C058_0131/13_X002_C058_0131_3.Json,1,나무류,종이류,포장상자
/home/minsu/disk_c/trash_dataset/085.생활_폐기물_이미지/01.데이터/1.Training/라벨링데이터/나무/기타/13_X002_C058_0131/13_X002_C058_0131_4.Json,1,나무류,종이류,포장상자
/home/minsu/disk_c/trash_dataset/085.생활_폐기물_이미지/01.데이터/1.Training/라벨링데이터/나무/기타/13_X002_C058_0131/13_X002_C058_0131_0.Json,1,나무류,종이류,포장상자
/home/minsu/disk_c/trash_dataset/085.생활_폐기물_이미지/01.데이터/1.Training/라벨링데이터/나무/기타/13_X002_C323_0201/13_X002_C323_0201_3.Json,1,나무류,플라스틱류,기타
/home/minsu/disk_c/trash_dataset/085.생활_폐기물_이미지/01.데이터/1.Training/라벨링데이터/나무/기타/13_X002_C323_0201/13_X002_C323_0201_4.Json,1,나무류,플라스틱류,기타
/home/minsu/disk_c/trash_dataset/085.생활_폐기물_이미지/01.데이터/1.Training/라벨링데이터/나무/기타/13_X002_C323_0201/13_X002_C323_0201_0.Json,1,나무류,플라스틱류,기타
/home/minsu/disk_c/trash_dataset/085.생활_폐기물_이미지/01.데이터/1.Training/라벨링데이터/나무/기타/13_X002_C323_0201/13_X002_C323_0201_2.Json,1,나무류,플라스틱류,기타
/home/minsu/disk_c/trash_dataset/085.생활_폐기물_이미지/01.데이터/1.Training/라벨링데이터/나무/기타/13_X002_C323_0201/13_X002_C323_0201_1.Json,1,나무류,플라스틱류,기타
/home/minsu/disk_c/trash_dataset/085.생활_폐기물_이미지/01.데이터/1.Training/라벨링데이터/나무/기타/13_X003_C163_1203/13_X003_C163_1203_3.Json,2,나무류,종이류,상자류
/home/minsu/disk_c/trash_dataset/085.생활_폐기물_이미지/01.데이터/1.Training/라벨링데이터/나무/기타/13_X003_C803_0129/13_X003_C803_0129_2.Json,1,나무류,가구류,수납장
/home/minsu/disk_c/trash_dataset/085.생활_폐기물_이미지/01.데이터/1.Training/라벨링데이터/나무/기타/13_X003_C803_0129/13_X003_C803_0129_3.Json,1,나무류,가구류,수납장
/home/minsu/disk_c/trash_dataset/085.생활_폐기물_이미지/01.데이터/1.Training/라벨링데이터/나무/기타/13_X002_C806_0925/13_X002_C806_0925_5.Json,2,나무류,스티로폼류,스티로폼
/home/minsu/disk_c/trash_dataset/085.생활_폐기물_이미지/01.데이터/1.Training/라벨링데이터/나무/기타/13_X005_C509_0124/13_X005_C509_0124_4.Json,2,나무류,페트병류,페트병
/home/minsu/disk_c/trash_dataset/085.생활_폐기물_이미지/01.데이터/1.Training/라벨링데이터/나무/기타/13_X001_C187_1214/13_X001_C187_1214_0.Json,0,나무류,가구류,수납장
/home/minsu/disk_c/trash_dataset/085.생활_폐기물_이미지/01.데이터/1.Training/라벨링데이터/나무/기타/13_X001_C187_1214/13_X001_C187_1214_4.Json,1,나무류,가구류,수납장
/home/minsu/disk_c/trash_dataset/085.생활_폐기물_이미지/01.데이터/1.Training/라벨링데이터/나무/기타/13_X001_C187_1214/13_X001_C187_1214_3.Json,0,나무류,가구류,수납장
/home/minsu/disk_c/trash_dataset/085.생활_폐기물_이미지/01.데이터/1.Training/라벨링데이터/나무/기타/13_X001_C187_1214/13_X001_C187_1214_1.Json,1,나무류,가구류,수납장
/home/minsu/disk_c/trash_dataset/085.생활_폐기물_이미지/01.데이터/1.Training/라벨링데이터/나무/기타/13_X001_C187_1214/13_X001_C187_1214_2.Json,1,나무류,가구류,수납장
/home/minsu/disk_c/trash_dataset/085.생활_폐기물_이미지/01.데이터/1.Training/라벨링데이터/비닐/포장제/15_X010_C701_1217/15_X010_C701_1217_0.Json,2,비닐류,종이류,상자류
/home/minsu/disk_c/trash_dataset/085.생활_폐기물_이미지/01.데이터/1.Training/라벨링데이터/비닐/포장제/15_X023_C095_0321/15_X023_C095_0321_4.Json,1,비닐류,스티로폼류,스티로폼
/home/minsu/disk_c/trash_dataset/085.생활_폐기물_이미지/01.데이터/1.Training/라벨링데이터/비닐/포장제/15_X007_C101_0321/15_X007_C101_0321_4.Json,1,비닐류,스티로폼류,스티로폼
/home/minsu/disk_c/trash_dataset/085.생활_폐기물_이미지/01.데이터/1.Training/라벨링데이터/가구류/밥상/11_X080_C509_0311/11_X080_C509_0311_1.Json,1,가구류,캔류,통조림캔
/home/minsu/disk_c/trash_dataset/085.생활_폐기물_이미지/01.데이터/1.Training/라벨링데이터/가구류/밥상/11_X080_C509_0311/11_X080_C509_0311_4.Json,1,가구류,캔류,통조림캔
/home/minsu/disk_c/trash_dataset/085.생활_폐기물_이미지/01.데이터/1.Training/라벨링데이터/가구류/밥상/11_X080_C509_0311/11_X080_C509_0311_0.Json,1,가구류,캔류,통조림캔
/home/minsu/disk_c/trash_dataset/085.생활_폐기물_이미지/01.데이터/1.Training/라벨링데이터/가구류/밥상/11_X080_C509_0311/11_X080_C509_0311_3.Json,1,가구류,캔류,통조림캔
/home/minsu/disk_c/trash_dataset/085.생활_폐기물_이미지/01.데이터/1.Training/라벨링데이터/가구류/밥상/11_X001_C708_1229/11_X001_C708_1229_1.Json,1,가구류,자전거,두발자전거
/home/minsu/disk_c/trash_dataset/085.생활_폐기물_이미지/01.데이터/1.Training/라벨링데이터/가구류/밥상/11_X001_C171_0210/11_X001_C171_0210_1.Json,1,가구류,유리병류,박카스병
/home/minsu/disk_c/trash_dataset/085.생활_폐기물_이미지/01.데이터/1.Training/라벨링데이터/가구류/밥상/11_X001_C171_0210/11_X001_C171_0210_2.Json,1,가구류,유리병류,박카스병
/home/minsu/disk_c/trash_dataset/085.생활_폐기물_이미지/01.데이터/1.Training/라벨링데이터/가구류/밥상/11_X001_C171_0210/11_X001_C171_0210_3.Json,1,가구류,유리병류,박카스병
/home/minsu/disk_c/trash_dataset/085.생활_폐기물_이미지/01.데이터/1.Training/라벨링데이터/가구류/밥상/11_X001_C171_0210/11_X001_C171_0210_4.Json,1,가구류,유리병류,박카스병
/home/minsu/disk_c/trash_dataset/085.생활_폐기물_이미지/01.데이터/1.Training/라벨링데이터/가구류/밥상/11_X001_C171_0210/11_X001_C171_0210_5.Json,1,가구류,유리병류,박카스병
/home/minsu/disk_c/trash_dataset/085.생활_폐기물_이미지/01.데이터/1.Training/라벨링데이터/가구류/밥상/11_X001_C171_0210/11_X001_C171_0210_0.Json,1,가구류,유리병류,박카스병
/home/minsu/disk_c/trash_dataset/085.생활_폐기물_이미지/01.데이터/1.Training/라벨링데이터/가구류/밥상/11_X022_C999_0312/11_X022_C999_0312_4.Json,1,가구류,페트병류,페트병
/home/minsu/disk_c/trash_dataset/085.생활_폐기물_이미지/01.데이터/1.Training/라벨링데이터/가구류/밥상/11_X022_C999_0312/11_X022_C999_0312_3.Json,1,가구류,페트병류,페트병
/home/minsu/disk_c/trash_dataset/085.생활_폐기물_이미지/01.데이터/1.Training/라벨링데이터/가구류/밥상/11_X022_C999_0312/11_X022_C999_0312_1.Json,1,가구류,페트병류,페트병
/home/minsu/disk_c/trash_dataset/085.생활_폐기물_이미지/01.데이터/1.Training/라벨링데이터/가구류/밥상/11_X022_C999_0312/11_X022_C999_0312_0.Json,1,가구류,페트병류,페트병
/home/minsu/disk_c/trash_dataset/085.생활_폐기물_이미지/01.데이터/1.Training/라벨링데이터/가구류/밥상/11_X001_C051_1006/11_X001_C051_1006_4.Json,2,가구류,종이류,밥상
/home/minsu/disk_c/trash_dataset/085.생활_폐기물_이미지/01.데이터/1.Training/라벨링데이터/가구류/밥상/11_X023_C501_0207/11_X023_C501_0207_4.Json,1,가구류,페트병류,페트병
/home/minsu/disk_c/trash_dataset/085.생활_폐기물_이미지/01.데이터/1.Training/라벨링데이터/가구류/밥상/11_X023_C501_0207/11_X023_C501_0207_2.Json,1,가구류,페트병류,페트병
/home/minsu/disk_c/trash_dataset/085.생활_폐기물_이미지/01.데이터/1.Training/라벨링데이터/가구류/밥상/11_X023_C501_0207/11_X023_C501_0207_0.Json,1,가구류,페트병류,페트병
/home/minsu/disk_c/trash_dataset/085.생활_폐기물_이미지/01.데이터/1.Training/라벨링데이터/가구류/밥상/11_X023_C501_0207/11_X023_C501_0207_3.Json,1,가구류,페트병류,페트병
/home/minsu/disk_c/trash_dataset/085.생활_폐기물_이미지/01.데이터/1.Training/라벨링데이터/가구류/밥상/11_X023_C501_0207/11_X023_C501_0207_1.Json,1,가구류,페트병류,페트병
/home/minsu/disk_c/trash_dataset/085.생활_폐기물_이미지/01.데이터/1.Training/라벨링데이터/가구류/밥상/11_X090_C500_0310/11_X090_C500_0310_2.Json,1,가구류,스티로폼류,스티로폼
/home/minsu/disk_c/trash_dataset/085.생활_폐기물_이미지/01.데이터/1.Training/라벨링데이터/가구류/밥상/11_X090_C500_0310/11_X090_C500_0310_0.Json,2,가구류,스티로폼류,스티로폼
/home/minsu/disk_c/trash_dataset/085.생활_폐기물_이미지/01.데이터/1.Training/라벨링데이터/가구류/밥상/11_X090_C500_0310/11_X090_C500_0310_3.Json,1,가구류,스티로폼류,스티로폼
/home/minsu/disk_c/trash_dataset/085.생활_폐기물_이미지/01.데이터/1.Training/라벨링데이터/가구류/밥상/11_X090_C500_0310/11_X090_C500_0310_1.Json,1,가구류,스티로폼류,스티로폼
/home/minsu/disk_c/trash_dataset/085.생활_폐기물_이미지/01.데이터/1.Training/라벨링데이터/가구류/밥상/11_X016_C581_0125/11_X016_C581_0125_0.Json,1,가구류,스티로폼류,스티로폼
/home/minsu/disk_c/trash_dataset/085.생활_폐기물_이미지/01.데이터/1.Training/라벨링데이터/가구류/밥상/11_X016_C581_0125/11_X016_C581_0125_1.Json,1,가구류,스티로폼류,스티로폼
/home/minsu/disk_c/trash_dataset/085.생활_폐기물_이미지/01.데이터/1.Training/라벨링데이터/가구류/밥상/11_X003_C055_0929/11_X003_C055_0929_3.Json,1,가구류,도기류,화분
/home/minsu/disk_c/trash_dataset/085.생활_폐기물_이미지/01.데이터/1.Training/라벨링데이터/가구류/밥상/11_X003_C055_0929/11_X003_C055_0929_3.Json,2,가구류,스티로폼류,스티로폼
/home/minsu/disk_c/trash_dataset/085.생활_폐기물_이미지/01.데이터/1.Training/라벨링데이터/가구류/밥상/11_X003_C055_0929/11_X003_C055_0929_1.Json,1,가구류,도기류,화분
/home/minsu/disk_c/trash_dataset/085.생활_폐기물_이미지/01.데이터/1.Training/라벨링데이터/가구류/밥상/11_X003_C055_0929/11_X003_C055_0929_0.Json,1,가구류,도기류,화분
/home/minsu/disk_c/trash_dataset/085.생활_폐기물_이미지/01.데이터/1.Training/라벨링데이터/가구류/밥상/11_X002_C038_1120/11_X002_C038_1120_0.Json,1,가구류,종이류,상자류
/home/minsu/disk_c/trash_dataset/085.생활_폐기물_이미지/01.데이터/1.Training/라벨링데이터/가구류/밥상/11_X019_C581_0125/11_X019_C581_0125_0.Json,1,가구류,플라스틱류,바구니
/home/minsu/disk_c/trash_dataset/085.생활_폐기물_이미지/01.데이터/1.Training/라벨링데이터/가구류/밥상/11_X019_C581_0125/11_X019_C581_0125_0.Json,2,가구류,플라스틱류,바구니
/home/minsu/disk_c/trash_dataset/085.생활_폐기물_이미지/01.데이터/1.Training/라벨링데이터/가구류/밥상/11_X019_C581_0125/11_X019_C581_0125_2.Json,1,가구류,플라스틱류,바구니
/home/minsu/disk_c/trash_dataset/085.생활_폐기물_이미지/01.데이터/1.Training/라벨링데이터/가구류/밥상/11_X019_C581_0125/11_X019_C581_0125_2.Json,2,가구류,플라스틱류,바구니
/home/minsu/disk_c/trash_dataset/085.생활_폐기물_이미지/01.데이터/1.Training/라벨링데이터/가구류/밥상/11_X019_C581_0125/11_X019_C581_0125_1.Json,1,가구류,플라스틱류,바구니
/home/minsu/disk_c/trash_dataset/085.생활_폐기물_이미지/01.데이터/1.Training/라벨링데이터/가구류/밥상/11_X019_C581_0125/11_X019_C581_0125_3.Json,1,가구류,플라스틱류,바구니
/home/minsu/disk_c/trash_dataset/085.생활_폐기물_이미지/01.데이터/1.Training/라벨링데이터/가구류/밥상/11_X019_C581_0125/11_X019_C581_0125_3.Json,2,가구류,플라스틱류,바구니
/home/minsu/disk_c/trash_dataset/085.생활_폐기물_이미지/01.데이터/1.Training/라벨링데이터/가구류/밥상/11_X002_C055_1014/11_X002_C055_1014_4.Json,1,가구류,전자제품,TV
/home/minsu/disk_c/trash_dataset/085.생활_폐기물_이미지/01.데이터/1.Training/라벨링데이터/가구류/밥상/11_X002_C055_1014/11_X002_C055_1014_1.Json,1,가구류,전자제품,TV
/home/minsu/disk_c/trash_dataset/085.생활_폐기물_이미지/01.데이터/1.Training/라벨링데이터/가구류/밥상/11_X002_C055_1014/11_X002_C055_1014_3.Json,1,가구류,전자제품,TV
/home/minsu/disk_c/trash_dataset/085.생활_폐기물_이미지/01.데이터/1.Training/라벨링데이터/가구류/밥상/11_X002_C055_1014/11_X002_C055_1014_0.Json,1,가구류,전자제품,TV
/home/minsu/disk_c/trash_dataset/085.생활_폐기물_이미지/01.데이터/1.Training/라벨링데이터/가구류/밥상/11_X002_C055_1014/11_X002_C055_1014_2.Json,1,가구류,전자제품,TV
/home/minsu/disk_c/trash_dataset/085.생활_폐기물_이미지/01.데이터/1.Training/라벨링데이터/가구류/밥상/11_X090_C803_0218/11_X090_C803_0218_1.Json,1,가구류,자전거,두발자전거
/home/minsu/disk_c/trash_dataset/085.생활_폐기물_이미지/01.데이터/1.Training/라벨링데이터/가구류/밥상/11_X001_C164_1026/11_X001_C164_1026_1.Json,1,가구류,자전거,두발자전거
/home/minsu/disk_c/trash_dataset/085.생활_폐기물_이미지/01.데이터/1.Training/라벨링데이터/가구류/밥상/11_X001_C164_1026/11_X001_C164_1026_1.Json,2,가구류,자전거,두발자전거
/home/minsu/disk_c/trash_dataset/085.생활_폐기물_이미지/01.데이터/1.Training/라벨링데이터/가구류/밥상/11_X002_C014_0130/11_X002_C014_0130_1.Json,1,가구류,플라스틱류,밀폐용기
/home/minsu/disk_c/trash_dataset/085.생활_폐기물_이미지/01.데이터/1.Training/라벨링데이터/가구류/밥상/11_X002_C014_0130/11_X002_C014_0130_4.Json,1,가구류,플라스틱류,밀폐용기
/home/minsu/disk_c/trash_dataset/085.생활_폐기물_이미지/01.데이터/1.Training/라벨링데이터/가구류/밥상/11_X002_C014_0130/11_X002_C014_0130_2.Json,1,가구류,나무류,장식품
/home/minsu/disk_c/trash_dataset/085.생활_폐기물_이미지/01.데이터/1.Training/라벨링데이터/가구류/밥상/11_X002_C014_0130/11_X002_C014_0130_2.Json,2,가구류,플라스틱류,밀폐용기
/home/minsu/disk_c/trash_dataset/085.생활_폐기물_이미지/01.데이터/1.Training/라벨링데이터/가구류/밥상/11_X002_C014_0130/11_X002_C014_0130_0.Json,1,가구류,나무류,장식품
/home/minsu/disk_c/trash_dataset/085.생활_폐기물_이미지/01.데이터/1.Training/라벨링데이터/가구류/밥상/11_X002_C014_0130/11_X002_C014_0130_0.Json,2,가구류,플라스틱류,밀폐용기
/home/minsu/disk_c/trash_dataset/085.생활_폐기물_이미지/01.데이터/1.Training/라벨링데이터/가구류/밥상/11_X002_C014_0130/11_X002_C014_0130_3.Json,1,가구류,플라스틱류,밀폐용기
/home/minsu/disk_c/trash_dataset/085.생활_폐기물_이미지/01.데이터/1.Training/라벨링데이터/가구류/밥상/11_X002_C553_0119/11_X002_C553_0119_0.Json,1,가구류,페트병류,페트병
/home/minsu/disk_c/trash_dataset/085.생활_폐기물_이미지/01.데이터/1.Training/라벨링데이터/가구류/밥상/11_X002_C553_0119/11_X002_C553_0119_3.Json,1,가구류,페트병류,페트병
/home/minsu/disk_c/trash_dataset/085.생활_폐기물_이미지/01.데이터/1.Training/라벨링데이터/가구류/밥상/11_X087_C500_0310/11_X087_C500_0310_3.Json,1,가구류,도기류,컵
/home/minsu/disk_c/trash_dataset/085.생활_폐기물_이미지/01.데이터/1.Training/라벨링데이터/가구류/밥상/11_X087_C500_0310/11_X087_C500_0310_2.Json,1,가구류,도기류,컵
/home/minsu/disk_c/trash_dataset/085.생활_폐기물_이미지/01.데이터/1.Training/라벨링데이터/가구류/밥상/11_X087_C500_0310/11_X087_C500_0310_2.Json,2,가구류,스티로폼류,포장용기
/home/minsu/disk_c/trash_dataset/085.생활_폐기물_이미지/01.데이터/1.Training/라벨링데이터/가구류/밥상/11_X087_C500_0310/11_X087_C500_0310_4.Json,1,가구류,스티로폼류,포장용기
/home/minsu/disk_c/trash_dataset/085.생활_폐기물_이미지/01.데이터/1.Training/라벨링데이터/가구류/밥상/11_X087_C500_0310/11_X087_C500_0310_4.Json,2,가구류,도기류,컵
/home/minsu/disk_c/trash_dataset/085.생활_폐기물_이미지/01.데이터/1.Training/라벨링데이터/가구류/밥상/11_X087_C500_0310/11_X087_C500_0310_0.Json,1,가구류,스티로폼류,포장용기
/home/minsu/disk_c/trash_dataset/085.생활_폐기물_이미지/01.데이터/1.Training/라벨링데이터/가구류/밥상/11_X087_C500_0310/11_X087_C500_0310_0.Json,2,가구류,도기류,컵
/home/minsu/disk_c/trash_dataset/085.생활_폐기물_이미지/01.데이터/1.Training/라벨링데이터/가구류/밥상/11_X087_C500_0310/11_X087_C500_0310_1.Json,1,가구류,도기류,컵
/home/minsu/disk_c/trash_dataset/085.생활_폐기물_이미지/01.데이터/1.Training/라벨링데이터/가구류/밥상/11_X087_C500_0310/11_X087_C500_0310_1.Json,2,가구류,스티로폼류,포장용기
/home/minsu/disk_c/trash_dataset/085.생활_폐기물_이미지/01.데이터/1.Training/라벨링데이터/가구류/의자/11_X002_C502_1104/11_X002_C502_1104_4.Json,1,가구류,종이류,상자류
/home/minsu/disk_c/trash_dataset/085.생활_폐기물_이미지/01.데이터/1.Training/라벨링데이터/가구류/의자/11_X002_C502_1104/11_X002_C502_1104_4.Json,2,가구류,종이류,상자류
/home/minsu/disk_c/trash_dataset/085.생활_폐기물_이미지/01.데이터/1.Training/라벨링데이터/가구류/의자/11_X002_C502_1104/11_X002_C502_1104_3.Json,1,가구류,종이류,상자류
/home/minsu/disk_c/trash_dataset/085.생활_폐기물_이미지/01.데이터/1.Training/라벨링데이터/가구류/의자/11_X002_C502_1104/11_X002_C502_1104_0.Json,1,가구류,종이류,상자류
/home/minsu/disk_c/trash_dataset/085.생활_폐기물_이미지/01.데이터/1.Training/라벨링데이터/가구류/의자/11_X001_C332_1127/11_X001_C332_1127_2.Json,1,가구류,캔류,음료수캔
/home/minsu/disk_c/trash_dataset/085.생활_폐기물_이미지/01.데이터/1.Training/라벨링데이터/가구류/의자/11_X001_C332_1127/11_X001_C332_1127_1.Json,1,가구류,캔류,음료수캔
/home/minsu/disk_c/trash_dataset/085.생활_폐기물_이미지/01.데이터/1.Training/라벨링데이터/가구류/의자/11_X022_C704_0107/11_X022_C704_0107_2.Json,1,가구류,도기류,화분
/home/minsu/disk_c/trash_dataset/085.생활_폐기물_이미지/01.데이터/1.Training/라벨링데이터/가구류/의자/11_X022_C704_0107/11_X022_C704_0107_2.Json,2,가구류,플라스틱류,대용량플라스틱통
/home/minsu/disk_c/trash_dataset/085.생활_폐기물_이미지/01.데이터/1.Training/라벨링데이터/가구류/의자/11_X022_C704_0107/11_X022_C704_0107_2.Json,3,가구류,플라스틱류,대용량플라스틱통
/home/minsu/disk_c/trash_dataset/085.생활_폐기물_이미지/01.데이터/1.Training/라벨링데이터/가구류/의자/11_X001_C704_0107/11_X001_C704_0107_1.Json,1,가구류,플라스틱류,욕실용품
/home/minsu/disk_c/trash_dataset/085.생활_폐기물_이미지/01.데이터/1.Training/라벨링데이터/가구류/의자/11_X001_C704_0107/11_X001_C704_0107_4.Json,1,가구류,플라스틱류,욕실용품
/home/minsu/disk_c/trash_dataset/085.생활_폐기물_이미지/01.데이터/1.Training/라벨링데이터/가구류/의자/11_X001_C704_0107/11_X001_C704_0107_0.Json,1,가구류,플라스틱류,욕실용품
/home/minsu/disk_c/trash_dataset/085.생활_폐기물_이미지/01.데이터/1.Training/라벨링데이터/가구류/의자/11_X001_C704_0107/11_X001_C704_0107_3.Json,1,가구류,플라스틱류,욕실용품
/home/minsu/disk_c/trash_dataset/085.생활_폐기물_이미지/01.데이터/1.Training/라벨링데이터/가구류/의자/11_X001_C704_0107/11_X001_C704_0107_2.Json,1,가구류,플라스틱류,욕실용품
/home/minsu/disk_c/trash_dataset/085.생활_폐기물_이미지/01.데이터/1.Training/라벨링데이터/가구류/의자/11_X003_C014_1216/11_X003_C014_1216_3.Json,1,가구류,자전거,두발자전거
/home/minsu/disk_c/trash_dataset/085.생활_폐기물_이미지/01.데이터/1.Training/라벨링데이터/가구류/의자/11_X003_C014_1216/11_X003_C014_1216_2.Json,1,가구류,자전거,두발자전거
/home/minsu/disk_c/trash_dataset/085.생활_폐기물_이미지/01.데이터/1.Training/라벨링데이터/가구류/의자/11_X003_C014_1216/11_X003_C014_1216_1.Json,1,가구류,자전거,두발자전거
/home/minsu/disk_c/trash_dataset/085.생활_폐기물_이미지/01.데이터/1.Training/라벨링데이터/가구류/의자/11_X003_C014_1216/11_X003_C014_1216_0.Json,1,가구류,자전거,두발자전거
/home/minsu/disk_c/trash_dataset/085.생활_폐기물_이미지/01.데이터/1.Training/라벨링데이터/가구류/의자/11_X002_C046_0929/11_X002_C046_0929_2.Json,1,가구류,자전거,두발자전거
/home/minsu/disk_c/trash_dataset/085.생활_폐기물_이미지/01.데이터/1.Training/라벨링데이터/가구류/의자/11_X002_C046_0929/11_X002_C046_0929_1.Json,1,가구류,자전거,두발자전거
/home/minsu/disk_c/trash_dataset/085.생활_폐기물_이미지/01.데이터/1.Training/라벨링데이터/가구류/의자/11_X002_C046_0929/11_X002_C046_0929_0.Json,1,가구류,자전거,두발자전거
/home/minsu/disk_c/trash_dataset/085.생활_폐기물_이미지/01.데이터/1.Training/라벨링데이터/가구류/의자/11_X019_C706_1218/11_X019_C706_1218_4.Json,1,가구류,자전거,두발자전거
/home/minsu/disk_c/trash_dataset/085.생활_폐기물_이미지/01.데이터/1.Training/라벨링데이터/가구류/의자/11_X023_C208_0126/11_X023_C208_0126_1.Json,1,가구류,종이류,음료수곽
/home/minsu/disk_c/trash_dataset/085.생활_폐기물_이미지/01.데이터/1.Training/라벨링데이터/가구류/의자/11_X023_C208_0126/11_X023_C208_0126_4.Json,1,가구류,종이류,음료수곽
/home/minsu/disk_c/trash_dataset/085.생활_폐기물_이미지/01.데이터/1.Training/라벨링데이터/가구류/의자/11_X023_C208_0126/11_X023_C208_0126_0.Json,1,가구류,종이류,음료수곽
/home/minsu/disk_c/trash_dataset/085.생활_폐기물_이미지/01.데이터/1.Training/라벨링데이터/가구류/의자/11_X004_C706_1206/11_X004_C706_1206_4.Json,1,가구류,도기류,화분
/home/minsu/disk_c/trash_dataset/085.생활_폐기물_이미지/01.데이터/1.Training/라벨링데이터/가구류/의자/11_X003_C052_1123/11_X003_C052_1123_4.Json,1,가구류,자전거,두발자전거
/home/minsu/disk_c/trash_dataset/085.생활_폐기물_이미지/01.데이터/1.Training/라벨링데이터/가구류/의자/11_X093_C509_0313/11_X093_C509_0313_1.Json,1,가구류,전자제품,TV
/home/minsu/disk_c/trash_dataset/085.생활_폐기물_이미지/01.데이터/1.Training/라벨링데이터/가구류/의자/11_X002_C015_1012/11_X002_C015_1012_5.Json,1,가구류,자전거,두발자전거
/home/minsu/disk_c/trash_dataset/085.생활_폐기물_이미지/01.데이터/1.Training/라벨링데이터/가구류/의자/11_X002_C015_1012/11_X002_C015_1012_5.Json,2,가구류,전자제품,TV
/home/minsu/disk_c/trash_dataset/085.생활_폐기물_이미지/01.데이터/1.Training/라벨링데이터/가구류/의자/11_X002_C015_1012/11_X002_C015_1012_4.Json,1,가구류,자전거,두발자전거
/home/minsu/disk_c/trash_dataset/085.생활_폐기물_이미지/01.데이터/1.Training/라벨링데이터/가구류/의자/11_X002_C015_1012/11_X002_C015_1012_4.Json,2,가구류,전자제품,TV
/home/minsu/disk_c/trash_dataset/085.생활_폐기물_이미지/01.데이터/1.Training/라벨링데이터/가구류/의자/11_X025_C509_0113/11_X025_C509_0113_2.Json,1,가구류,스티로폼류,스티로폼
/home/minsu/disk_c/trash_dataset/085.생활_폐기물_이미지/01.데이터/1.Training/라벨링데이터/가구류/의자/11_X002_C551_0119/11_X002_C551_0119_4.Json,1,가구류,종이류,상자류
/home/minsu/disk_c/trash_dataset/085.생활_폐기물_이미지/01.데이터/1.Training/라벨링데이터/가구류/의자/11_X002_C551_0119/11_X002_C551_0119_3.Json,1,가구류,종이류,상자류
/home/minsu/disk_c/trash_dataset/085.생활_폐기물_이미지/01.데이터/1.Training/라벨링데이터/가구류/의자/11_X002_C551_0119/11_X002_C551_0119_1.Json,1,가구류,종이류,상자류
/home/minsu/disk_c/trash_dataset/085.생활_폐기물_이미지/01.데이터/1.Training/라벨링데이터/가구류/의자/11_X002_C551_0119/11_X002_C551_0119_0.Json,1,가구류,종이류,상자류
/home/minsu/disk_c/trash_dataset/085.생활_폐기물_이미지/01.데이터/1.Training/라벨링데이터/가구류/의자/11_X005_C500_0205/11_X005_C500_0205_3.Json,1,가구류,플라스틱류,바구니
/home/minsu/disk_c/trash_dataset/085.생활_폐기물_이미지/01.데이터/1.Training/라벨링데이터/가구류/의자/11_X005_C500_0205/11_X005_C500_0205_0.Json,1,가구류,플라스틱류,바구니
/home/minsu/disk_c/trash_dataset/085.생활_폐기물_이미지/01.데이터/1.Training/라벨링데이터/가구류/의자/11_X001_C710_1215/11_X001_C710_1215_3.Json,1,가구류,페트병류,일회용음료수잔
/home/minsu/disk_c/trash_dataset/085.생활_폐기물_이미지/01.데이터/1.Training/라벨링데이터/가구류/의자/11_X001_C710_1215/11_X001_C710_1215_1.Json,1,가구류,페트병류,일회용음료수잔
/home/minsu/disk_c/trash_dataset/085.생활_폐기물_이미지/01.데이터/1.Training/라벨링데이터/가구류/의자/11_X003_C061_1105/11_X003_C061_1105_4.Json,1,가구류,전자제품,선풍기
/home/minsu/disk_c/trash_dataset/085.생활_폐기물_이미지/01.데이터/1.Training/라벨링데이터/가구류/의자/11_X140_C520_0414/11_X140_C520_0414_3.Json,1,가구류,종이류,포장상자
/home/minsu/disk_c/trash_dataset/085.생활_폐기물_이미지/01.데이터/1.Training/라벨링데이터/가구류/의자/11_X140_C520_0414/11_X140_C520_0414_3.Json,2,가구류,종이류,포장상자
/home/minsu/disk_c/trash_dataset/085.생활_폐기물_이미지/01.데이터/1.Training/라벨링데이터/가구류/의자/11_X018_C581_0123/11_X018_C581_0123_2.Json,1,가구류,종이류,상자류
/home/minsu/disk_c/trash_dataset/085.생활_폐기물_이미지/01.데이터/1.Training/라벨링데이터/가구류/의자/11_X018_C581_0123/11_X018_C581_0123_2.Json,2,가구류,유리병류,소주병
/home/minsu/disk_c/trash_dataset/085.생활_폐기물_이미지/01.데이터/1.Training/라벨링데이터/가구류/의자/11_X018_C581_0123/11_X018_C581_0123_3.Json,1,가구류,유리병류,소주병
/home/minsu/disk_c/trash_dataset/085.생활_폐기물_이미지/01.데이터/1.Training/라벨링데이터/가구류/의자/11_X018_C581_0123/11_X018_C581_0123_1.Json,1,가구류,종이류,상자류
/home/minsu/disk_c/trash_dataset/085.생활_폐기물_이미지/01.데이터/1.Training/라벨링데이터/가구류/의자/11_X018_C581_0123/11_X018_C581_0123_1.Json,2,가구류,유리병류,소주병
/home/minsu/disk_c/trash_dataset/085.생활_폐기물_이미지/01.데이터/1.Training/라벨링데이터/가구류/의자/11_X018_C581_0123/11_X018_C581_0123_0.Json,1,가구류,종이류,상자류
/home/minsu/disk_c/trash_dataset/085.생활_폐기물_이미지/01.데이터/1.Training/라벨링데이터/가구류/의자/11_X018_C581_0123/11_X018_C581_0123_0.Json,2,가구류,유리병류,소주병
/home/minsu/disk_c/trash_dataset/085.생활_폐기물_이미지/01.데이터/1.Training/라벨링데이터/가구류/의자/11_X018_C581_0123/11_X018_C581_0123_4.Json,1,가구류,종이류,상자류
/home/minsu/disk_c/trash_dataset/085.생활_폐기물_이미지/01.데이터/1.Training/라벨링데이터/가구류/의자/11_X018_C581_0123/11_X018_C581_0123_4.Json,3,가구류,유리병류,소주병
/home/minsu/disk_c/trash_dataset/085.생활_폐기물_이미지/01.데이터/1.Training/라벨링데이터/가구류/의자/11_X024_C701_1229/11_X024_C701_1229_0.Json,1,가구류,종이류,상자류
/home/minsu/disk_c/trash_dataset/085.생활_폐기물_이미지/01.데이터/1.Training/라벨링데이터/가구류/의자/11_X009_C802_0221/11_X009_C802_0221_4.Json,1,가구류,페트병류,페트병
/home/minsu/disk_c/trash_dataset/085.생활_폐기물_이미지/01.데이터/1.Training/라벨링데이터/가구류/의자/11_X009_C802_0221/11_X009_C802_0221_4.Json,2,가구류,페트병류,페트병
/home/minsu/disk_c/trash_dataset/085.생활_폐기물_이미지/01.데이터/1.Training/라벨링데이터/가구류/의자/11_X009_C802_0221/11_X009_C802_0221_1.Json,1,가구류,페트병류,페트병
/home/minsu/disk_c/trash_dataset/085.생활_폐기물_이미지/01.데이터/1.Training/라벨링데이터/가구류/의자/11_X009_C802_0221/11_X009_C802_0221_1.Json,2,가구류,캔류,맥주캔
/home/minsu/disk_c/trash_dataset/085.생활_폐기물_이미지/01.데이터/1.Training/라벨링데이터/가구류/의자/11_X009_C802_0221/11_X009_C802_0221_3.Json,1,가구류,페트병류,페트병
/home/minsu/disk_c/trash_dataset/085.생활_폐기물_이미지/01.데이터/1.Training/라벨링데이터/가구류/의자/11_X021_C509_0107/11_X021_C509_0107_0.Json,1,가구류,플라스틱류,대용량플라스틱통
/home/minsu/disk_c/trash_dataset/085.생활_폐기물_이미지/01.데이터/1.Training/라벨링데이터/가구류/의자/11_X021_C509_0107/11_X021_C509_0107_4.Json,1,가구류,플라스틱류,대용량플라스틱통
/home/minsu/disk_c/trash_dataset/085.생활_폐기물_이미지/01.데이터/1.Training/라벨링데이터/가구류/의자/11_X021_C509_0107/11_X021_C509_0107_1.Json,1,가구류,플라스틱류,대용량플라스틱통
/home/minsu/disk_c/trash_dataset/085.생활_폐기물_이미지/01.데이터/1.Training/라벨링데이터/가구류/의자/11_X015_C509_0312/11_X015_C509_0312_0.Json,1,가구류,전자제품,TV
/home/minsu/disk_c/trash_dataset/085.생활_폐기물_이미지/01.데이터/1.Training/라벨링데이터/가구류/의자/11_X015_C509_0312/11_X015_C509_0312_2.Json,1,가구류,전자제품,TV
/home/minsu/disk_c/trash_dataset/085.생활_폐기물_이미지/01.데이터/1.Training/라벨링데이터/가구류/의자/11_X015_C509_0312/11_X015_C509_0312_3.Json,0,가구류,전자제품,TV
/home/minsu/disk_c/trash_dataset/085.생활_폐기물_이미지/01.데이터/1.Training/라벨링데이터/가구류/의자/11_X015_C509_0312/11_X015_C509_0312_4.Json,1,가구류,전자제품,TV
/home/minsu/disk_c/trash_dataset/085.생활_폐기물_이미지/01.데이터/1.Training/라벨링데이터/가구류/의자/11_X018_C803_0219/11_X018_C803_0219_2.Json,1,가구류,자전거,두발자전거
/home/minsu/disk_c/trash_dataset/085.생활_폐기물_이미지/01.데이터/1.Training/라벨링데이터/가구류/의자/11_X018_C803_0219/11_X018_C803_0219_2.Json,2,가구류,자전거,두발자전거
/home/minsu/disk_c/trash_dataset/085.생활_폐기물_이미지/01.데이터/1.Training/라벨링데이터/가구류/의자/11_X018_C803_0219/11_X018_C803_0219_1.Json,1,가구류,자전거,두발자전거
/home/minsu/disk_c/trash_dataset/085.생활_폐기물_이미지/01.데이터/1.Training/라벨링데이터/가구류/의자/11_X018_C803_0219/11_X018_C803_0219_3.Json,1,가구류,자전거,두발자전거
/home/minsu/disk_c/trash_dataset/085.생활_폐기물_이미지/01.데이터/1.Training/라벨링데이터/가구류/의자/11_X018_C803_0219/11_X018_C803_0219_4.Json,1,가구류,자전거,두발자전거
/home/minsu/disk_c/trash_dataset/085.생활_폐기물_이미지/01.데이터/1.Training/라벨링데이터/가구류/의자/11_X018_C803_0219/11_X018_C803_0219_0.Json,1,가구류,자전거,두발자전거
/home/minsu/disk_c/trash_dataset/085.생활_폐기물_이미지/01.데이터/1.Training/라벨링데이터/가구류/의자/11_X003_C046_0929/11_X003_C046_0929_3.Json,1,가구류,페트병류,페트병
/home/minsu/disk_c/trash_dataset/085.생활_폐기물_이미지/01.데이터/1.Training/라벨링데이터/가구류/의자/11_X003_C046_0929/11_X003_C046_0929_2.Json,1,가구류,페트병류,페트병
/home/minsu/disk_c/trash_dataset/085.생활_폐기물_이미지/01.데이터/1.Training/라벨링데이터/가구류/의자/11_X003_C046_0929/11_X003_C046_0929_2.Json,2,가구류,페트병류,페트병
/home/minsu/disk_c/trash_dataset/085.생활_폐기물_이미지/01.데이터/1.Training/라벨링데이터/가구류/의자/11_X078_C509_0311/11_X078_C509_0311_3.Json,1,가구류,스티로폼류,스티로폼
/home/minsu/disk_c/trash_dataset/085.생활_폐기물_이미지/01.데이터/1.Training/라벨링데이터/가구류/의자/11_X078_C509_0311/11_X078_C509_0311_3.Json,2,가구류,스티로폼류,스티로폼
/home/minsu/disk_c/trash_dataset/085.생활_폐기물_이미지/01.데이터/1.Training/라벨링데이터/가구류/의자/11_X078_C509_0311/11_X078_C509_0311_3.Json,3,가구류,스티로폼류,스티로폼
/home/minsu/disk_c/trash_dataset/085.생활_폐기물_이미지/01.데이터/1.Training/라벨링데이터/가구류/의자/11_X078_C509_0311/11_X078_C509_0311_4.Json,1,가구류,스티로폼류,스티로폼
/home/minsu/disk_c/trash_dataset/085.생활_폐기물_이미지/01.데이터/1.Training/라벨링데이터/가구류/의자/11_X078_C509_0311/11_X078_C509_0311_4.Json,2,가구류,스티로폼류,스티로폼
/home/minsu/disk_c/trash_dataset/085.생활_폐기물_이미지/01.데이터/1.Training/라벨링데이터/가구류/의자/11_X078_C509_0311/11_X078_C509_0311_4.Json,3,가구류,스티로폼류,스티로폼
/home/minsu/disk_c/trash_dataset/085.생활_폐기물_이미지/01.데이터/1.Training/라벨링데이터/가구류/의자/11_X078_C509_0311/11_X078_C509_0311_1.Json,1,가구류,스티로폼류,스티로폼
/home/minsu/disk_c/trash_dataset/085.생활_폐기물_이미지/01.데이터/1.Training/라벨링데이터/가구류/의자/11_X078_C509_0311/11_X078_C509_0311_0.Json,1,가구류,스티로폼류,스티로폼
/home/minsu/disk_c/trash_dataset/085.생활_폐기물_이미지/01.데이터/1.Training/라벨링데이터/가구류/의자/11_X078_C509_0311/11_X078_C509_0311_2.Json,1,가구류,스티로폼류,스티로폼
/home/minsu/disk_c/trash_dataset/085.생활_폐기물_이미지/01.데이터/1.Training/라벨링데이터/가구류/의자/11_X078_C509_0311/11_X078_C509_0311_2.Json,2,가구류,스티로폼류,스티로폼
/home/minsu/disk_c/trash_dataset/085.생활_폐기물_이미지/01.데이터/1.Training/라벨링데이터/가구류/의자/11_X078_C509_0311/11_X078_C509_0311_2.Json,3,가구류,스티로폼류,스티로폼
/home/minsu/disk_c/trash_dataset/085.생활_폐기물_이미지/01.데이터/1.Training/라벨링데이터/가구류/의자/11_X078_C509_0311/11_X078_C509_0311_2.Json,4,가구류,스티로폼류,스티로폼
/home/minsu/disk_c/trash_dataset/085.생활_폐기물_이미지/01.데이터/1.Training/라벨링데이터/가구류/의자/11_X015_C322_0118/11_X015_C322_0118_2.Json,1,가구류,자전거,두발자전거
/home/minsu/disk_c/trash_dataset/085.생활_폐기물_이미지/01.데이터/1.Training/라벨링데이터/가구류/의자/11_X015_C322_0118/11_X015_C322_0118_1.Json,1,가구류,자전거,두발자전거
/home/minsu/disk_c/trash_dataset/085.생활_폐기물_이미지/01.데이터/1.Training/라벨링데이터/가구류/의자/11_X002_C021_1014/11_X002_C021_1014_4.Json,1,가구류,스티로폼류,스티로폼
/home/minsu/disk_c/trash_dataset/085.생활_폐기물_이미지/01.데이터/1.Training/라벨링데이터/가구류/의자/11_X006_C016_1215/11_X006_C016_1215_3.Json,1,가구류,자전거,두발자전거
/home/minsu/disk_c/trash_dataset/085.생활_폐기물_이미지/01.데이터/1.Training/라벨링데이터/가구류/의자/11_X006_C016_1215/11_X006_C016_1215_2.Json,1,가구류,자전거,두발자전거
/home/minsu/disk_c/trash_dataset/085.생활_폐기물_이미지/01.데이터/1.Training/라벨링데이터/가구류/의자/11_X006_C016_1215/11_X006_C016_1215_4.Json,1,가구류,자전거,두발자전거
/home/minsu/disk_c/trash_dataset/085.생활_폐기물_이미지/01.데이터/1.Training/라벨링데이터/가구류/의자/11_X004_C552_0120/11_X004_C552_0120_2.Json,1,가구류,종이류,상자류
/home/minsu/disk_c/trash_dataset/085.생활_폐기물_이미지/01.데이터/1.Training/라벨링데이터/가구류/의자/11_X004_C552_0120/11_X004_C552_0120_0.Json,1,가구류,종이류,상자류
/home/minsu/disk_c/trash_dataset/085.생활_폐기물_이미지/01.데이터/1.Training/라벨링데이터/가구류/의자/11_X001_C190_1127/11_X001_C190_1127_4.Json,1,가구류,자전거,두발자전거
/home/minsu/disk_c/trash_dataset/085.생활_폐기물_이미지/01.데이터/1.Training/라벨링데이터/가구류/의자/11_X001_C190_1127/11_X001_C190_1127_4.Json,2,가구류,자전거,두발자전거
/home/minsu/disk_c/trash_dataset/085.생활_폐기물_이미지/01.데이터/1.Training/라벨링데이터/가구류/의자/11_X132_C500_0310/11_X132_C500_0310_3.Json,1,가구류,자전거,두발자전거
/home/minsu/disk_c/trash_dataset/085.생활_폐기물_이미지/01.데이터/1.Training/라벨링데이터/가구류/의자/11_X089_C500_0310/11_X089_C500_0310_4.Json,1,가구류,페트병류,페트병
/home/minsu/disk_c/trash_dataset/085.생활_폐기물_이미지/01.데이터/1.Training/라벨링데이터/가구류/의자/11_X089_C500_0310/11_X089_C500_0310_0.Json,1,가구류,플라스틱류,바구니
/home/minsu/disk_c/trash_dataset/085.생활_폐기물_이미지/01.데이터/1.Training/라벨링데이터/가구류/의자/11_X089_C500_0310/11_X089_C500_0310_0.Json,2,가구류,캔류,통조림캔
/home/minsu/disk_c/trash_dataset/085.생활_폐기물_이미지/01.데이터/1.Training/라벨링데이터/가구류/의자/11_X001_C332_1123/11_X001_C332_1123_0.Json,1,가구류,플라스틱류,대용량플라스틱통
/home/minsu/disk_c/trash_dataset/085.생활_폐기물_이미지/01.데이터/1.Training/라벨링데이터/가구류/의자/11_X001_C332_1123/11_X001_C332_1123_4.Json,1,가구류,플라스틱류,대용량플라스틱통
/home/minsu/disk_c/trash_dataset/085.생활_폐기물_이미지/01.데이터/1.Training/라벨링데이터/가구류/의자/11_X002_C053_1127/11_X002_C053_1127_1.Json,1,가구류,종이류,상자류
/home/minsu/disk_c/trash_dataset/085.생활_폐기물_이미지/01.데이터/1.Training/라벨링데이터/가구류/의자/11_X004_C331_1105/11_X004_C331_1105_4.Json,1,가구류,자전거,두발자전거
/home/minsu/disk_c/trash_dataset/085.생활_폐기물_이미지/01.데이터/1.Training/라벨링데이터/가구류/의자/11_X001_C500_0322/11_X001_C500_0322_4.Json,1,가구류,플라스틱류,밀폐용기
/home/minsu/disk_c/trash_dataset/085.생활_폐기물_이미지/01.데이터/1.Training/라벨링데이터/가구류/의자/11_X001_C710_0108/11_X001_C710_0108_1.Json,1,가구류,스티로폼류,스티로폼
/home/minsu/disk_c/trash_dataset/085.생활_폐기물_이미지/01.데이터/1.Training/라벨링데이터/가구류/의자/11_X001_C710_0108/11_X001_C710_0108_4.Json,1,가구류,스티로폼류,스티로폼
/home/minsu/disk_c/trash_dataset/085.생활_폐기물_이미지/01.데이터/1.Training/라벨링데이터/가구류/의자/11_X001_C710_0108/11_X001_C710_0108_3.Json,1,가구류,스티로폼류,스티로폼
/home/minsu/disk_c/trash_dataset/085.생활_폐기물_이미지/01.데이터/1.Training/라벨링데이터/가구류/의자/11_X005_C014_1218/11_X005_C014_1218_4.Json,1,가구류,종이류,상자류
/home/minsu/disk_c/trash_dataset/085.생활_폐기물_이미지/01.데이터/1.Training/라벨링데이터/가구류/의자/11_X005_C014_1218/11_X005_C014_1218_4.Json,2,가구류,종이류,상자류
/home/minsu/disk_c/trash_dataset/085.생활_폐기물_이미지/01.데이터/1.Training/라벨링데이터/가구류/의자/11_X017_C701_1229/11_X017_C701_1229_0.Json,1,가구류,자전거,두발자전거
/home/minsu/disk_c/trash_dataset/085.생활_폐기물_이미지/01.데이터/1.Training/라벨링데이터/가구류/의자/11_X004_C312_1118/11_X004_C312_1118_2.Json,1,가구류,페트병류,페트병
/home/minsu/disk_c/trash_dataset/085.생활_폐기물_이미지/01.데이터/1.Training/라벨링데이터/가구류/의자/11_X004_C312_1118/11_X004_C312_1118_1.Json,1,가구류,페트병류,페트병
/home/minsu/disk_c/trash_dataset/085.생활_폐기물_이미지/01.데이터/1.Training/라벨링데이터/가구류/의자/11_X002_C555_0119/11_X002_C555_0119_2.Json,1,가구류,종이류,상자류
/home/minsu/disk_c/trash_dataset/085.생활_폐기물_이미지/01.데이터/1.Training/라벨링데이터/가구류/의자/11_X002_C555_0119/11_X002_C555_0119_1.Json,2,가구류,종이류,상자류
/home/minsu/disk_c/trash_dataset/085.생활_폐기물_이미지/01.데이터/1.Training/라벨링데이터/가구류/의자/11_X002_C555_0119/11_X002_C555_0119_0.Json,2,가구류,종이류,상자류
/home/minsu/disk_c/trash_dataset/085.생활_폐기물_이미지/01.데이터/1.Training/라벨링데이터/가구류/의자/11_X002_C555_0119/11_X002_C555_0119_0.Json,3,가구류,종이류,상자류
/home/minsu/disk_c/trash_dataset/085.생활_폐기물_이미지/01.데이터/1.Training/라벨링데이터/가구류/의자/11_X003_C058_0202/11_X003_C058_0202_6.Json,1,가구류,스티로폼류,스티로폼
/home/minsu/disk_c/trash_dataset/085.생활_폐기물_이미지/01.데이터/1.Training/라벨링데이터/가구류/의자/11_X003_C058_0202/11_X003_C058_0202_1.Json,1,가구류,스티로폼류,스티로폼
/home/minsu/disk_c/trash_dataset/085.생활_폐기물_이미지/01.데이터/1.Training/라벨링데이터/가구류/의자/11_X003_C058_0202/11_X003_C058_0202_0.Json,1,가구류,스티로폼류,스티로폼
/home/minsu/disk_c/trash_dataset/085.생활_폐기물_이미지/01.데이터/1.Training/라벨링데이터/가구류/의자/11_X001_C053_1103/11_X001_C053_1103_3.Json,1,가구류,종이류,포장상자
/home/minsu/disk_c/trash_dataset/085.생활_폐기물_이미지/01.데이터/1.Training/라벨링데이터/가구류/의자/11_X002_C052_1030/11_X002_C052_1030_3.Json,1,가구류,종이류,상자류
/home/minsu/disk_c/trash_dataset/085.생활_폐기물_이미지/01.데이터/1.Training/라벨링데이터/가구류/의자/11_X002_C052_1030/11_X002_C052_1030_4.Json,1,가구류,스티로폼류,스티로폼
/home/minsu/disk_c/trash_dataset/085.생활_폐기물_이미지/01.데이터/1.Training/라벨링데이터/가구류/의자/11_X002_C052_1030/11_X002_C052_1030_2.Json,1,가구류,종이류,상자류
/home/minsu/disk_c/trash_dataset/085.생활_폐기물_이미지/01.데이터/1.Training/라벨링데이터/가구류/의자/11_X002_C052_1030/11_X002_C052_1030_0.Json,1,가구류,종이류,상자류
/home/minsu/disk_c/trash_dataset/085.생활_폐기물_이미지/01.데이터/1.Training/라벨링데이터/가구류/의자/11_X022_C703_1206/11_X022_C703_1206_3.Json,2,가구류,스티로폼류,스티로폼
/home/minsu/disk_c/trash_dataset/085.생활_폐기물_이미지/01.데이터/1.Training/라벨링데이터/가구류/의자/11_X022_C703_1206/11_X022_C703_1206_0.Json,2,가구류,스티로폼류,스티로폼
/home/minsu/disk_c/trash_dataset/085.생활_폐기물_이미지/01.데이터/1.Training/라벨링데이터/가구류/의자/11_X005_C208_1110/11_X005_C208_1110_0.Json,1,가구류,플라스틱류,대용량플라스틱통
/home/minsu/disk_c/trash_dataset/085.생활_폐기물_이미지/01.데이터/1.Training/라벨링데이터/가구류/의자/11_X005_C208_1110/11_X005_C208_1110_3.Json,1,가구류,플라스틱류,대용량플라스틱통
/home/minsu/disk_c/trash_dataset/085.생활_폐기물_이미지/01.데이터/1.Training/라벨링데이터/가구류/의자/11_X004_C331_1110/11_X004_C331_1110_3.Json,1,가구류,도기류,화분
/home/minsu/disk_c/trash_dataset/085.생활_폐기물_이미지/01.데이터/1.Training/라벨링데이터/가구류/의자/11_X004_C703_1230/11_X004_C703_1230_4.Json,1,가구류,자전거,두발자전거
/home/minsu/disk_c/trash_dataset/085.생활_폐기물_이미지/01.데이터/1.Training/라벨링데이터/가구류/의자/11_X087_C501_0312/11_X087_C501_0312_0.Json,1,가구류,도기류,화분
/home/minsu/disk_c/trash_dataset/085.생활_폐기물_이미지/01.데이터/1.Training/라벨링데이터/가구류/의자/11_X087_C501_0312/11_X087_C501_0312_1.Json,1,가구류,도기류,화분
/home/minsu/disk_c/trash_dataset/085.생활_폐기물_이미지/01.데이터/1.Training/라벨링데이터/가구류/의자/11_X002_C331_1117/11_X002_C331_1117_3.Json,1,가구류,전자제품,전기밥솥
/home/minsu/disk_c/trash_dataset/085.생활_폐기물_이미지/01.데이터/1.Training/라벨링데이터/가구류/의자/11_X015_C804_0219/11_X015_C804_0219_4.Json,1,가구류,스티로폼류,스티로폼
/home/minsu/disk_c/trash_dataset/085.생활_폐기물_이미지/01.데이터/1.Training/라벨링데이터/가구류/의자/11_X005_C045_1030/11_X005_C045_1030_3.Json,1,가구류,도기류,화분
/home/minsu/disk_c/trash_dataset/085.생활_폐기물_이미지/01.데이터/1.Training/라벨링데이터/가구류/의자/11_X005_C208_1029/11_X005_C208_1029_0.Json,1,가구류,도기류,화분
/home/minsu/disk_c/trash_dataset/085.생활_폐기물_이미지/01.데이터/1.Training/라벨링데이터/가구류/의자/11_X005_C208_1029/11_X005_C208_1029_3.Json,1,가구류,도기류,화분
/home/minsu/disk_c/trash_dataset/085.생활_폐기물_이미지/01.데이터/1.Training/라벨링데이터/가구류/의자/11_X005_C208_1029/11_X005_C208_1029_3.Json,2,가구류,도기류,화분
/home/minsu/disk_c/trash_dataset/085.생활_폐기물_이미지/01.데이터/1.Training/라벨링데이터/가구류/의자/11_X005_C208_1029/11_X005_C208_1029_3.Json,3,가구류,페트병류,페트병
/home/minsu/disk_c/trash_dataset/085.생활_폐기물_이미지/01.데이터/1.Training/라벨링데이터/가구류/의자/11_X005_C208_1029/11_X005_C208_1029_4.Json,1,가구류,도기류,화분
/home/minsu/disk_c/trash_dataset/085.생활_폐기물_이미지/01.데이터/1.Training/라벨링데이터/가구류/의자/11_X005_C208_1029/11_X005_C208_1029_4.Json,2,가구류,페트병류,페트병
/home/minsu/disk_c/trash_dataset/085.생활_폐기물_이미지/01.데이터/1.Training/라벨링데이터/가구류/의자/11_X021_C056_1028/11_X021_C056_1028_4.Json,1,가구류,도기류,화분
/home/minsu/disk_c/trash_dataset/085.생활_폐기물_이미지/01.데이터/1.Training/라벨링데이터/가구류/의자/11_X021_C056_1028/11_X021_C056_1028_1.Json,1,가구류,도기류,화분
/home/minsu/disk_c/trash_dataset/085.생활_폐기물_이미지/01.데이터/1.Training/라벨링데이터/가구류/의자/11_X005_C165_0928/11_X005_C165_0928_3.Json,1,가구류,도기류,화분
/home/minsu/disk_c/trash_dataset/085.생활_폐기물_이미지/01.데이터/1.Training/라벨링데이터/가구류/의자/11_X005_C165_0928/11_X005_C165_0928_4.Json,1,가구류,도기류,화분
/home/minsu/disk_c/trash_dataset/085.생활_폐기물_이미지/01.데이터/1.Training/라벨링데이터/가구류/의자/11_X022_C322_0118/11_X022_C322_0118_1.Json,1,가구류,도기류,화분
/home/minsu/disk_c/trash_dataset/085.생활_폐기물_이미지/01.데이터/1.Training/라벨링데이터/가구류/의자/11_X022_C322_0118/11_X022_C322_0118_0.Json,1,가구류,도기류,화분
/home/minsu/disk_c/trash_dataset/085.생활_폐기물_이미지/01.데이터/1.Training/라벨링데이터/가구류/의자/11_X004_C208_1127/11_X004_C208_1127_0.Json,1,가구류,도기류,화분
/home/minsu/disk_c/trash_dataset/085.생활_폐기물_이미지/01.데이터/1.Training/라벨링데이터/가구류/의자/11_X004_C208_1127/11_X004_C208_1127_0.Json,2,가구류,도기류,화분
/home/minsu/disk_c/trash_dataset/085.생활_폐기물_이미지/01.데이터/1.Training/라벨링데이터/가구류/의자/11_X004_C208_1127/11_X004_C208_1127_2.Json,1,가구류,도기류,화분
/home/minsu/disk_c/trash_dataset/085.생활_폐기물_이미지/01.데이터/1.Training/라벨링데이터/가구류/의자/11_X004_C208_1127/11_X004_C208_1127_2.Json,2,가구류,도기류,화분
/home/minsu/disk_c/trash_dataset/085.생활_폐기물_이미지/01.데이터/1.Training/라벨링데이터/가구류/의자/11_X003_C055_1222/11_X003_C055_1222_1.Json,1,가구류,자전거,네발자전거
/home/minsu/disk_c/trash_dataset/085.생활_폐기물_이미지/01.데이터/1.Training/라벨링데이터/가구류/의자/11_X003_C055_1222/11_X003_C055_1222_0.Json,1,가구류,자전거,네발자전거
/home/minsu/disk_c/trash_dataset/085.생활_폐기물_이미지/01.데이터/1.Training/라벨링데이터/가구류/의자/11_X021_C710_1215/11_X021_C710_1215_2.Json,1,가구류,스티로폼류,스티로폼
/home/minsu/disk_c/trash_dataset/085.생활_폐기물_이미지/01.데이터/1.Training/라벨링데이터/가구류/의자/11_X002_C708_1229/11_X002_C708_1229_2.Json,1,가구류,도기류,항아리
/home/minsu/disk_c/trash_dataset/085.생활_폐기물_이미지/01.데이터/1.Training/라벨링데이터/가구류/의자/11_X002_C708_1229/11_X002_C708_1229_1.Json,1,가구류,도기류,화분
/home/minsu/disk_c/trash_dataset/085.생활_폐기물_이미지/01.데이터/1.Training/라벨링데이터/가구류/의자/11_X002_C708_1229/11_X002_C708_1229_0.Json,1,가구류,도기류,화분
/home/minsu/disk_c/trash_dataset/085.생활_폐기물_이미지/01.데이터/1.Training/라벨링데이터/가구류/의자/11_X002_C708_1229/11_X002_C708_1229_0.Json,2,가구류,자전거,두발자전거
/home/minsu/disk_c/trash_dataset/085.생활_폐기물_이미지/01.데이터/1.Training/라벨링데이터/가구류/의자/11_X002_C708_1229/11_X002_C708_1229_3.Json,1,가구류,도기류,화분
/home/minsu/disk_c/trash_dataset/085.생활_폐기물_이미지/01.데이터/1.Training/라벨링데이터/가구류/의자/11_X081_C509_0311/11_X081_C509_0311_1.Json,1,가구류,페트병류,페트병
/home/minsu/disk_c/trash_dataset/085.생활_폐기물_이미지/01.데이터/1.Training/라벨링데이터/가구류/의자/11_X081_C509_0311/11_X081_C509_0311_4.Json,2,가구류,페트병류,페트병
/home/minsu/disk_c/trash_dataset/085.생활_폐기물_이미지/01.데이터/1.Training/라벨링데이터/가구류/의자/11_X081_C509_0311/11_X081_C509_0311_4.Json,3,가구류,종이류,포장상자
/home/minsu/disk_c/trash_dataset/085.생활_폐기물_이미지/01.데이터/1.Training/라벨링데이터/가구류/의자/11_X081_C509_0311/11_X081_C509_0311_0.Json,1,가구류,페트병류,페트병
/home/minsu/disk_c/trash_dataset/085.생활_폐기물_이미지/01.데이터/1.Training/라벨링데이터/가구류/의자/11_X081_C509_0311/11_X081_C509_0311_3.Json,2,가구류,페트병류,페트병
/home/minsu/disk_c/trash_dataset/085.생활_폐기물_이미지/01.데이터/1.Training/라벨링데이터/가구류/의자/11_X081_C509_0311/11_X081_C509_0311_2.Json,1,가구류,페트병류,페트병
/home/minsu/disk_c/trash_dataset/085.생활_폐기물_이미지/01.데이터/1.Training/라벨링데이터/가구류/의자/11_X081_C509_0311/11_X081_C509_0311_2.Json,2,가구류,페트병류,페트병
/home/minsu/disk_c/trash_dataset/085.생활_폐기물_이미지/01.데이터/1.Training/라벨링데이터/가구류/수납장/11_X007_C509_0312/11_X007_C509_0312_4.Json,2,가구류,나무류,나무행거
/home/minsu/disk_c/trash_dataset/085.생활_폐기물_이미지/01.데이터/1.Training/라벨링데이터/가구류/수납장/11_X075_C509_0310/11_X075_C509_0310_4.Json,2,가구류,스티로폼류,스티로폼
/home/minsu/disk_c/trash_dataset/085.생활_폐기물_이미지/01.데이터/1.Training/라벨링데이터/가구류/수납장/11_X004_C509_0312/11_X004_C509_0312_4.Json,1,가구류,나무류,나무행거
/home/minsu/disk_c/trash_dataset/085.생활_폐기물_이미지/01.데이터/1.Training/라벨링데이터/가구류/수납장/11_X021_C801_0220/11_X021_C801_0220_1.Json,1,가구류,페트병류,페트병
/home/minsu/disk_c/trash_dataset/085.생활_폐기물_이미지/01.데이터/1.Training/라벨링데이터/가구류/수납장/11_X021_C801_0220/11_X021_C801_0220_2.Json,1,가구류,페트병류,페트병
/home/minsu/disk_c/trash_dataset/085.생활_폐기물_이미지/01.데이터/1.Training/라벨링데이터/가구류/수납장/11_X021_C801_0220/11_X021_C801_0220_2.Json,2,가구류,페트병류,페트병
/home/minsu/disk_c/trash_dataset/085.생활_폐기물_이미지/01.데이터/1.Training/라벨링데이터/가구류/수납장/11_X021_C801_0220/11_X021_C801_0220_0.Json,1,가구류,페트병류,페트병
/home/minsu/disk_c/trash_dataset/085.생활_폐기물_이미지/01.데이터/1.Training/라벨링데이터/가구류/수납장/11_X021_C801_0220/11_X021_C801_0220_4.Json,1,가구류,페트병류,페트병
/home/minsu/disk_c/trash_dataset/085.생활_폐기물_이미지/01.데이터/1.Training/라벨링데이터/가구류/수납장/11_X021_C801_0220/11_X021_C801_0220_4.Json,2,가구류,페트병류,페트병
/home/minsu/disk_c/trash_dataset/085.생활_폐기물_이미지/01.데이터/1.Training/라벨링데이터/가구류/수납장/11_X021_C801_0220/11_X021_C801_0220_3.Json,1,가구류,페트병류,페트병
/home/minsu/disk_c/trash_dataset/085.생활_폐기물_이미지/01.데이터/1.Training/라벨링데이터/가구류/수납장/11_X021_C801_0220/11_X021_C801_0220_3.Json,2,가구류,페트병류,페트병
/home/minsu/disk_c/trash_dataset/085.생활_폐기물_이미지/01.데이터/1.Training/라벨링데이터/가구류/수납장/11_X015_C509_0310/11_X015_C509_0310_3.Json,1,가구류,페트병류,페트병
/home/minsu/disk_c/trash_dataset/085.생활_폐기물_이미지/01.데이터/1.Training/라벨링데이터/가구류/수납장/11_X015_C509_0310/11_X015_C509_0310_4.Json,1,가구류,페트병류,페트병
/home/minsu/disk_c/trash_dataset/085.생활_폐기물_이미지/01.데이터/1.Training/라벨링데이터/가구류/수납장/11_X022_C042_0120/11_X022_C042_0120_2.Json,1,가구류,스티로폼류,포장용기
/home/minsu/disk_c/trash_dataset/085.생활_폐기물_이미지/01.데이터/1.Training/라벨링데이터/가구류/수납장/11_X022_C042_0120/11_X022_C042_0120_2.Json,2,가구류,스티로폼류,스티로폼
/home/minsu/disk_c/trash_dataset/085.생활_폐기물_이미지/01.데이터/1.Training/라벨링데이터/가구류/수납장/11_X022_C042_0120/11_X022_C042_0120_0.Json,1,가구류,플라스틱류,바구니
/home/minsu/disk_c/trash_dataset/085.생활_폐기물_이미지/01.데이터/1.Training/라벨링데이터/가구류/수납장/11_X022_C042_0120/11_X022_C042_0120_1.Json,1,가구류,페트병류,페트병
/home/minsu/disk_c/trash_dataset/085.생활_폐기물_이미지/01.데이터/1.Training/라벨링데이터/가구류/수납장/11_X022_C042_0120/11_X022_C042_0120_1.Json,2,가구류,스티로폼류,스티로폼
/home/minsu/disk_c/trash_dataset/085.생활_폐기물_이미지/01.데이터/1.Training/라벨링데이터/가구류/수납장/11_X022_C042_0120/11_X022_C042_0120_1.Json,3,가구류,스티로폼류,포장용기
/home/minsu/disk_c/trash_dataset/085.생활_폐기물_이미지/01.데이터/1.Training/라벨링데이터/가구류/수납장/11_X022_C042_0120/11_X022_C042_0120_3.Json,1,가구류,스티로폼류,포장용기
/home/minsu/disk_c/trash_dataset/085.생활_폐기물_이미지/01.데이터/1.Training/라벨링데이터/가구류/수납장/11_X022_C042_0120/11_X022_C042_0120_3.Json,2,가구류,스티로폼류,스티로폼
/home/minsu/disk_c/trash_dataset/085.생활_폐기물_이미지/01.데이터/1.Training/라벨링데이터/가구류/수납장/11_X012_C802_0221/11_X012_C802_0221_2.Json,1,가구류,도기류,그릇류
/home/minsu/disk_c/trash_dataset/085.생활_폐기물_이미지/01.데이터/1.Training/라벨링데이터/가구류/수납장/11_X012_C802_0221/11_X012_C802_0221_2.Json,2,가구류,도기류,그릇류
/home/minsu/disk_c/trash_dataset/085.생활_폐기물_이미지/01.데이터/1.Training/라벨링데이터/가구류/수납장/11_X012_C802_0221/11_X012_C802_0221_0.Json,1,가구류,도기류,병
/home/minsu/disk_c/trash_dataset/085.생활_폐기물_이미지/01.데이터/1.Training/라벨링데이터/가구류/수납장/11_X012_C802_0221/11_X012_C802_0221_1.Json,1,가구류,페트병류,페트병
/home/minsu/disk_c/trash_dataset/085.생활_폐기물_이미지/01.데이터/1.Training/라벨링데이터/가구류/수납장/11_X012_C802_0221/11_X012_C802_0221_3.Json,1,가구류,도기류,병
/home/minsu/disk_c/trash_dataset/085.생활_폐기물_이미지/01.데이터/1.Training/라벨링데이터/가구류/수납장/11_X012_C802_0221/11_X012_C802_0221_3.Json,2,가구류,도기류,병
/home/minsu/disk_c/trash_dataset/085.생활_폐기물_이미지/01.데이터/1.Training/라벨링데이터/가구류/수납장/11_X005_C187_1224/11_X005_C187_1224_3.Json,1,가구류,고철류,고철
/home/minsu/disk_c/trash_dataset/085.생활_폐기물_이미지/01.데이터/1.Training/라벨링데이터/가구류/수납장/11_X002_C807_0923/11_X002_C807_0923_2.Json,1,가구류,종이류,포장상자
/home/minsu/disk_c/trash_dataset/085.생활_폐기물_이미지/01.데이터/1.Training/라벨링데이터/가구류/수납장/11_X002_C807_0923/11_X002_C807_0923_0.Json,1,가구류,종이류,포장상자
/home/minsu/disk_c/trash_dataset/085.생활_폐기물_이미지/01.데이터/1.Training/라벨링데이터/가구류/수납장/11_X002_C807_0923/11_X002_C807_0923_3.Json,1,가구류,종이류,포장상자
/home/minsu/disk_c/trash_dataset/085.생활_폐기물_이미지/01.데이터/1.Training/라벨링데이터/가구류/수납장/11_X004_C208_1126/11_X004_C208_1126_2.Json,1,가구류,종이류,상자류
/home/minsu/disk_c/trash_dataset/085.생활_폐기물_이미지/01.데이터/1.Training/라벨링데이터/가구류/수납장/11_X004_C208_1126/11_X004_C208_1126_0.Json,1,가구류,종이류,상자류
/home/minsu/disk_c/trash_dataset/085.생활_폐기물_이미지/01.데이터/1.Training/라벨링데이터/가구류/수납장/11_X004_C520_0121/11_X004_C520_0121_3.Json,1,가구류,자전거,두발자전거
/home/minsu/disk_c/trash_dataset/085.생활_폐기물_이미지/01.데이터/1.Training/라벨링데이터/가구류/수납장/11_X006_C058_0220/11_X006_C058_0220_3.Json,1,가구류,스티로폼류,스티로폼
/home/minsu/disk_c/trash_dataset/085.생활_폐기물_이미지/01.데이터/1.Training/라벨링데이터/가구류/수납장/11_X006_C058_0220/11_X006_C058_0220_2.Json,1,가구류,스티로폼류,스티로폼
/home/minsu/disk_c/trash_dataset/085.생활_폐기물_이미지/01.데이터/1.Training/라벨링데이터/가구류/수납장/11_X006_C058_0220/11_X006_C058_0220_0.Json,1,가구류,스티로폼류,스티로폼
/home/minsu/disk_c/trash_dataset/085.생활_폐기물_이미지/01.데이터/1.Training/라벨링데이터/가구류/수납장/11_X006_C058_0220/11_X006_C058_0220_5.Json,1,가구류,페트병류,페트병
/home/minsu/disk_c/trash_dataset/085.생활_폐기물_이미지/01.데이터/1.Training/라벨링데이터/가구류/수납장/11_X003_C172_0210/11_X003_C172_0210_0.Json,1,가구류,유리병류,박카스병
/home/minsu/disk_c/trash_dataset/085.생활_폐기물_이미지/01.데이터/1.Training/라벨링데이터/가구류/수납장/11_X003_C172_0210/11_X003_C172_0210_2.Json,1,가구류,유리병류,박카스병
/home/minsu/disk_c/trash_dataset/085.생활_폐기물_이미지/01.데이터/1.Training/라벨링데이터/가구류/수납장/11_X003_C172_0210/11_X003_C172_0210_3.Json,1,가구류,유리병류,박카스병
/home/minsu/disk_c/trash_dataset/085.생활_폐기물_이미지/01.데이터/1.Training/라벨링데이터/가구류/수납장/11_X003_C172_0210/11_X003_C172_0210_1.Json,1,가구류,유리병류,박카스병
/home/minsu/disk_c/trash_dataset/085.생활_폐기물_이미지/01.데이터/1.Training/라벨링데이터/가구류/수납장/11_X003_C172_0210/11_X003_C172_0210_4.Json,1,가구류,유리병류,박카스병
/home/minsu/disk_c/trash_dataset/085.생활_폐기물_이미지/01.데이터/1.Training/라벨링데이터/가구류/수납장/11_X003_C061_0213/11_X003_C061_0213_2.Json,1,가구류,스티로폼류,스티로폼
/home/minsu/disk_c/trash_dataset/085.생활_폐기물_이미지/01.데이터/1.Training/라벨링데이터/가구류/수납장/11_X003_C061_0213/11_X003_C061_0213_2.Json,2,가구류,스티로폼류,스티로폼
/home/minsu/disk_c/trash_dataset/085.생활_폐기물_이미지/01.데이터/1.Training/라벨링데이터/가구류/수납장/11_X003_C061_0213/11_X003_C061_0213_1.Json,1,가구류,스티로폼류,스티로폼
/home/minsu/disk_c/trash_dataset/085.생활_폐기물_이미지/01.데이터/1.Training/라벨링데이터/가구류/수납장/11_X003_C061_0213/11_X003_C061_0213_1.Json,2,가구류,스티로폼류,스티로폼
/home/minsu/disk_c/trash_dataset/085.생활_폐기물_이미지/01.데이터/1.Training/라벨링데이터/가구류/수납장/11_X003_C061_0213/11_X003_C061_0213_1.Json,3,가구류,비닐류,봉투
/home/minsu/disk_c/trash_dataset/085.생활_폐기물_이미지/01.데이터/1.Training/라벨링데이터/가구류/수납장/11_X003_C061_0213/11_X003_C061_0213_3.Json,1,가구류,스티로폼류,스티로폼
/home/minsu/disk_c/trash_dataset/085.생활_폐기물_이미지/01.데이터/1.Training/라벨링데이터/가구류/수납장/11_X003_C061_0213/11_X003_C061_0213_3.Json,2,가구류,스티로폼류,스티로폼
/home/minsu/disk_c/trash_dataset/085.생활_폐기물_이미지/01.데이터/1.Training/라벨링데이터/가구류/수납장/11_X003_C061_0213/11_X003_C061_0213_0.Json,1,가구류,스티로폼류,스티로폼
/home/minsu/disk_c/trash_dataset/085.생활_폐기물_이미지/01.데이터/1.Training/라벨링데이터/가구류/수납장/11_X003_C061_0213/11_X003_C061_0213_0.Json,2,가구류,스티로폼류,스티로폼
/home/minsu/disk_c/trash_dataset/085.생활_폐기물_이미지/01.데이터/1.Training/라벨링데이터/가구류/수납장/11_X003_C061_0213/11_X003_C061_0213_0.Json,3,가구류,비닐류,봉투
/home/minsu/disk_c/trash_dataset/085.생활_폐기물_이미지/01.데이터/1.Training/라벨링데이터/가구류/수납장/11_X003_C061_0213/11_X003_C061_0213_0.Json,4,가구류,비닐류,봉투
/home/minsu/disk_c/trash_dataset/085.생활_폐기물_이미지/01.데이터/1.Training/라벨링데이터/가구류/수납장/11_X003_C061_0213/11_X003_C061_0213_0.Json,5,가구류,비닐류,봉투
/home/minsu/disk_c/trash_dataset/085.생활_폐기물_이미지/01.데이터/1.Training/라벨링데이터/가구류/수납장/11_X004_C502_1021/11_X004_C502_1021_4.Json,1,가구류,도기류,항아리
/home/minsu/disk_c/trash_dataset/085.생활_폐기물_이미지/01.데이터/1.Training/라벨링데이터/가구류/수납장/11_X004_C502_1021/11_X004_C502_1021_0.Json,1,가구류,도기류,항아리
/home/minsu/disk_c/trash_dataset/085.생활_폐기물_이미지/01.데이터/1.Training/라벨링데이터/가구류/수납장/11_X004_C502_1021/11_X004_C502_1021_1.Json,1,가구류,도기류,항아리
/home/minsu/disk_c/trash_dataset/085.생활_폐기물_이미지/01.데이터/1.Training/라벨링데이터/가구류/수납장/11_X002_C016_1110/11_X002_C016_1110_3.Json,2,가구류,플라스틱류,대용량플라스틱통
/home/minsu/disk_c/trash_dataset/085.생활_폐기물_이미지/01.데이터/1.Training/라벨링데이터/가구류/수납장/11_X002_C016_1110/11_X002_C016_1110_2.Json,2,가구류,플라스틱류,대용량플라스틱통
/home/minsu/disk_c/trash_dataset/085.생활_폐기물_이미지/01.데이터/1.Training/라벨링데이터/가구류/수납장/11_X002_C016_1110/11_X002_C016_1110_0.Json,2,가구류,플라스틱류,대용량플라스틱통
/home/minsu/disk_c/trash_dataset/085.생활_폐기물_이미지/01.데이터/1.Training/라벨링데이터/가구류/수납장/11_X002_C016_1110/11_X002_C016_1110_1.Json,2,가구류,플라스틱류,대용량플라스틱통
/home/minsu/disk_c/trash_dataset/085.생활_폐기물_이미지/01.데이터/1.Training/라벨링데이터/가구류/수납장/11_X002_C016_1110/11_X002_C016_1110_4.Json,2,가구류,플라스틱류,대용량플라스틱통
/home/minsu/disk_c/trash_dataset/085.생활_폐기물_이미지/01.데이터/1.Training/라벨링데이터/가구류/수납장/11_X089_C509_0312/11_X089_C509_0312_0.Json,1,가구류,스티로폼류,보호재
/home/minsu/disk_c/trash_dataset/085.생활_폐기물_이미지/01.데이터/1.Training/라벨링데이터/가구류/수납장/11_X002_C028_1022/11_X002_C028_1022_1.Json,1,가구류,스티로폼류,스티로폼
/home/minsu/disk_c/trash_dataset/085.생활_폐기물_이미지/01.데이터/1.Training/라벨링데이터/가구류/수납장/11_X002_C028_1022/11_X002_C028_1022_3.Json,1,가구류,스티로폼류,스티로폼
/home/minsu/disk_c/trash_dataset/085.생활_폐기물_이미지/01.데이터/1.Training/라벨링데이터/가구류/수납장/11_X157_C509_0310/11_X157_C509_0310_3.Json,1,가구류,자전거,두발자전거
/home/minsu/disk_c/trash_dataset/085.생활_폐기물_이미지/01.데이터/1.Training/라벨링데이터/가구류/수납장/11_X010_C038_1124/11_X010_C038_1124_4.Json,1,가구류,나무류,나무행거
/home/minsu/disk_c/trash_dataset/085.생활_폐기물_이미지/01.데이터/1.Training/라벨링데이터/가구류/수납장/11_X010_C038_1124/11_X010_C038_1124_3.Json,1,가구류,나무류,나무행거
/home/minsu/disk_c/trash_dataset/085.생활_폐기물_이미지/01.데이터/1.Training/라벨링데이터/가구류/수납장/11_X001_C323_0202/11_X001_C323_0202_2.Json,1,가구류,종이류,상자류
/home/minsu/disk_c/trash_dataset/085.생활_폐기물_이미지/01.데이터/1.Training/라벨링데이터/가구류/수납장/11_X001_C323_0202/11_X001_C323_0202_2.Json,2,가구류,종이류,상자류
/home/minsu/disk_c/trash_dataset/085.생활_폐기물_이미지/01.데이터/1.Training/라벨링데이터/가구류/수납장/11_X001_C323_0202/11_X001_C323_0202_1.Json,1,가구류,종이류,상자류
/home/minsu/disk_c/trash_dataset/085.생활_폐기물_이미지/01.데이터/1.Training/라벨링데이터/가구류/수납장/11_X001_C323_0202/11_X001_C323_0202_1.Json,2,가구류,종이류,상자류
/home/minsu/disk_c/trash_dataset/085.생활_폐기물_이미지/01.데이터/1.Training/라벨링데이터/가구류/수납장/11_X001_C323_0202/11_X001_C323_0202_1.Json,3,가구류,종이류,상자류
/home/minsu/disk_c/trash_dataset/085.생활_폐기물_이미지/01.데이터/1.Training/라벨링데이터/가구류/수납장/11_X001_C323_0202/11_X001_C323_0202_4.Json,1,가구류,종이류,상자류
/home/minsu/disk_c/trash_dataset/085.생활_폐기물_이미지/01.데이터/1.Training/라벨링데이터/가구류/수납장/11_X001_C323_0202/11_X001_C323_0202_4.Json,2,가구류,종이류,상자류
/home/minsu/disk_c/trash_dataset/085.생활_폐기물_이미지/01.데이터/1.Training/라벨링데이터/가구류/수납장/11_X001_C323_0202/11_X001_C323_0202_4.Json,3,가구류,종이류,상자류
/home/minsu/disk_c/trash_dataset/085.생활_폐기물_이미지/01.데이터/1.Training/라벨링데이터/가구류/수납장/11_X001_C323_0202/11_X001_C323_0202_3.Json,1,가구류,종이류,상자류
/home/minsu/disk_c/trash_dataset/085.생활_폐기물_이미지/01.데이터/1.Training/라벨링데이터/가구류/수납장/11_X001_C323_0202/11_X001_C323_0202_3.Json,2,가구류,종이류,상자류
/home/minsu/disk_c/trash_dataset/085.생활_폐기물_이미지/01.데이터/1.Training/라벨링데이터/가구류/수납장/11_X001_C323_0202/11_X001_C323_0202_3.Json,3,가구류,종이류,상자류
/home/minsu/disk_c/trash_dataset/085.생활_폐기물_이미지/01.데이터/1.Training/라벨링데이터/가구류/수납장/11_X001_C323_0202/11_X001_C323_0202_0.Json,1,가구류,종이류,상자류
/home/minsu/disk_c/trash_dataset/085.생활_폐기물_이미지/01.데이터/1.Training/라벨링데이터/가구류/수납장/11_X001_C323_0202/11_X001_C323_0202_0.Json,2,가구류,종이류,상자류
/home/minsu/disk_c/trash_dataset/085.생활_폐기물_이미지/01.데이터/1.Training/라벨링데이터/가구류/수납장/11_X120_C509_0313/11_X120_C509_0313_3.Json,1,가구류,나무류,나무행거
/home/minsu/disk_c/trash_dataset/085.생활_폐기물_이미지/01.데이터/1.Training/라벨링데이터/가구류/수납장/11_X120_C509_0313/11_X120_C509_0313_4.Json,1,가구류,나무류,나무행거
/home/minsu/disk_c/trash_dataset/085.생활_폐기물_이미지/01.데이터/1.Training/라벨링데이터/가구류/수납장/11_X120_C509_0313/11_X120_C509_0313_0.Json,1,가구류,나무류,나무행거
/home/minsu/disk_c/trash_dataset/085.생활_폐기물_이미지/01.데이터/1.Training/라벨링데이터/가구류/수납장/11_X095_C509_0313/11_X095_C509_0313_4.Json,1,가구류,플라스틱류,밀폐용기
/home/minsu/disk_c/trash_dataset/085.생활_폐기물_이미지/01.데이터/1.Training/라벨링데이터/가구류/수납장/11_X095_C509_0313/11_X095_C509_0313_4.Json,2,가구류,도기류,화분
/home/minsu/disk_c/trash_dataset/085.생활_폐기물_이미지/01.데이터/1.Training/라벨링데이터/가구류/수납장/11_X095_C509_0313/11_X095_C509_0313_3.Json,1,가구류,플라스틱류,밀폐용기
/home/minsu/disk_c/trash_dataset/085.생활_폐기물_이미지/01.데이터/1.Training/라벨링데이터/가구류/수납장/11_X095_C509_0313/11_X095_C509_0313_2.Json,1,가구류,플라스틱류,밀폐용기
/home/minsu/disk_c/trash_dataset/085.생활_폐기물_이미지/01.데이터/1.Training/라벨링데이터/가구류/수납장/11_X001_C323_0226/11_X001_C323_0226_4.Json,1,가구류,자전거,두발자전거
/home/minsu/disk_c/trash_dataset/085.생활_폐기물_이미지/01.데이터/1.Training/라벨링데이터/가구류/수납장/11_X006_C555_0119/11_X006_C555_0119_0.Json,1,가구류,종이류,상자류
/home/minsu/disk_c/trash_dataset/085.생활_폐기물_이미지/01.데이터/1.Training/라벨링데이터/가구류/수납장/11_X006_C555_0119/11_X006_C555_0119_2.Json,1,가구류,종이류,상자류
/home/minsu/disk_c/trash_dataset/085.생활_폐기물_이미지/01.데이터/1.Training/라벨링데이터/가구류/수납장/11_X006_C555_0119/11_X006_C555_0119_1.Json,1,가구류,종이류,신문지
/home/minsu/disk_c/trash_dataset/085.생활_폐기물_이미지/01.데이터/1.Training/라벨링데이터/가구류/수납장/11_X003_C171_0210/11_X003_C171_0210_4.Json,1,가구류,유리병류,박카스병
/home/minsu/disk_c/trash_dataset/085.생활_폐기물_이미지/01.데이터/1.Training/라벨링데이터/가구류/수납장/11_X003_C171_0210/11_X003_C171_0210_3.Json,1,가구류,유리병류,박카스병
/home/minsu/disk_c/trash_dataset/085.생활_폐기물_이미지/01.데이터/1.Training/라벨링데이터/가구류/수납장/11_X003_C171_0210/11_X003_C171_0210_0.Json,1,가구류,유리병류,박카스병
/home/minsu/disk_c/trash_dataset/085.생활_폐기물_이미지/01.데이터/1.Training/라벨링데이터/가구류/수납장/11_X003_C171_0210/11_X003_C171_0210_1.Json,1,가구류,유리병류,박카스병
/home/minsu/disk_c/trash_dataset/085.생활_폐기물_이미지/01.데이터/1.Training/라벨링데이터/가구류/수납장/11_X003_C171_0210/11_X003_C171_0210_2.Json,1,가구류,유리병류,박카스병
/home/minsu/disk_c/trash_dataset/085.생활_폐기물_이미지/01.데이터/1.Training/라벨링데이터/가구류/수납장/11_X002_C211_0120/11_X002_C211_0120_0.Json,1,가구류,자전거,두발자전거
/home/minsu/disk_c/trash_dataset/085.생활_폐기물_이미지/01.데이터/1.Training/라벨링데이터/가구류/수납장/11_X002_C211_0120/11_X002_C211_0120_3.Json,1,가구류,자전거,두발자전거
/home/minsu/disk_c/trash_dataset/085.생활_폐기물_이미지/01.데이터/1.Training/라벨링데이터/가구류/수납장/11_X002_C211_0120/11_X002_C211_0120_4.Json,1,가구류,자전거,두발자전거
/home/minsu/disk_c/trash_dataset/085.생활_폐기물_이미지/01.데이터/1.Training/라벨링데이터/가구류/수납장/11_X002_C058_0223/11_X002_C058_0223_1.Json,1,가구류,페트병류,페트병
/home/minsu/disk_c/trash_dataset/085.생활_폐기물_이미지/01.데이터/1.Training/라벨링데이터/가구류/수납장/11_X002_C058_0223/11_X002_C058_0223_4.Json,1,가구류,페트병류,페트병
/home/minsu/disk_c/trash_dataset/085.생활_폐기물_이미지/01.데이터/1.Training/라벨링데이터/가구류/수납장/11_X002_C058_0223/11_X002_C058_0223_0.Json,1,가구류,페트병류,페트병
/home/minsu/disk_c/trash_dataset/085.생활_폐기물_이미지/01.데이터/1.Training/라벨링데이터/가구류/수납장/11_X002_C058_0223/11_X002_C058_0223_3.Json,1,가구류,페트병류,페트병
/home/minsu/disk_c/trash_dataset/085.생활_폐기물_이미지/01.데이터/1.Training/라벨링데이터/가구류/수납장/11_X002_C058_0223/11_X002_C058_0223_2.Json,1,가구류,페트병류,페트병
/home/minsu/disk_c/trash_dataset/085.생활_폐기물_이미지/01.데이터/1.Training/라벨링데이터/가구류/수납장/11_X001_C703_1230/11_X001_C703_1230_0.Json,1,가구류,플라스틱류,대용량플라스틱통
/home/minsu/disk_c/trash_dataset/085.생활_폐기물_이미지/01.데이터/1.Training/라벨링데이터/가구류/수납장/11_X001_C703_1230/11_X001_C703_1230_1.Json,1,가구류,플라스틱류,대용량플라스틱통
/home/minsu/disk_c/trash_dataset/085.생활_폐기물_이미지/01.데이터/1.Training/라벨링데이터/가구류/수납장/11_X002_C037_1103/11_X002_C037_1103_1.Json,1,가구류,스티로폼류,보호재
/home/minsu/disk_c/trash_dataset/085.생활_폐기물_이미지/01.데이터/1.Training/라벨링데이터/가구류/수납장/11_X002_C037_1103/11_X002_C037_1103_4.Json,2,가구류,스티로폼류,스티로폼
/home/minsu/disk_c/trash_dataset/085.생활_폐기물_이미지/01.데이터/1.Training/라벨링데이터/가구류/수납장/11_X002_C037_1103/11_X002_C037_1103_0.Json,1,가구류,스티로폼류,보호재
/home/minsu/disk_c/trash_dataset/085.생활_폐기물_이미지/01.데이터/1.Training/라벨링데이터/가구류/수납장/11_X002_C037_1103/11_X002_C037_1103_3.Json,2,가구류,스티로폼류,보호재
/home/minsu/disk_c/trash_dataset/085.생활_폐기물_이미지/01.데이터/1.Training/라벨링데이터/가구류/수납장/11_X002_C037_1103/11_X002_C037_1103_3.Json,3,가구류,스티로폼류,보호재
/home/minsu/disk_c/trash_dataset/085.생활_폐기물_이미지/01.데이터/1.Training/라벨링데이터/가구류/수납장/11_X002_C037_1103/11_X002_C037_1103_3.Json,4,가구류,스티로폼류,스티로폼
/home/minsu/disk_c/trash_dataset/085.생활_폐기물_이미지/01.데이터/1.Training/라벨링데이터/가구류/수납장/11_X002_C052_1026/11_X002_C052_1026_4.Json,1,가구류,도기류,화분
/home/minsu/disk_c/trash_dataset/085.생활_폐기물_이미지/01.데이터/1.Training/라벨링데이터/가구류/소파/11_X001_C035_1028/11_X001_C035_1028_1.Json,3,가구류,자전거,기타
/home/minsu/disk_c/trash_dataset/085.생활_폐기물_이미지/01.데이터/1.Training/라벨링데이터/가구류/소파/11_X001_C035_1028/11_X001_C035_1028_1.Json,4,가구류,자전거,기타
/home/minsu/disk_c/trash_dataset/085.생활_폐기물_이미지/01.데이터/1.Training/라벨링데이터/가구류/소파/11_X001_C035_1028/11_X001_C035_1028_0.Json,3,가구류,자전거,두발자전거
/home/minsu/disk_c/trash_dataset/085.생활_폐기물_이미지/01.데이터/1.Training/라벨링데이터/가구류/소파/11_X001_C035_1028/11_X001_C035_1028_0.Json,4,가구류,자전거,두발자전거
/home/minsu/disk_c/trash_dataset/085.생활_폐기물_이미지/01.데이터/1.Training/라벨링데이터/가구류/소파/11_X001_C035_1028/11_X001_C035_1028_2.Json,3,가구류,자전거,기타
/home/minsu/disk_c/trash_dataset/085.생활_폐기물_이미지/01.데이터/1.Training/라벨링데이터/가구류/소파/11_X001_C035_1028/11_X001_C035_1028_2.Json,4,가구류,자전거,기타
/home/minsu/disk_c/trash_dataset/085.생활_폐기물_이미지/01.데이터/1.Training/라벨링데이터/가구류/소파/11_X001_C035_1028/11_X001_C035_1028_3.Json,3,가구류,자전거,두발자전거
/home/minsu/disk_c/trash_dataset/085.생활_폐기물_이미지/01.데이터/1.Training/라벨링데이터/가구류/소파/11_X001_C035_1028/11_X001_C035_1028_4.Json,3,가구류,자전거,기타
/home/minsu/disk_c/trash_dataset/085.생활_폐기물_이미지/01.데이터/1.Training/라벨링데이터/가구류/소파/11_X006_C028_1021/11_X006_C028_1021_3.Json,1,가구류,자전거,두발자전거
/home/minsu/disk_c/trash_dataset/085.생활_폐기물_이미지/01.데이터/1.Training/라벨링데이터/가구류/소파/11_X023_C055_0120/11_X023_C055_0120_2.Json,1,가구류,종이류,상자류
/home/minsu/disk_c/trash_dataset/085.생활_폐기물_이미지/01.데이터/1.Training/라벨링데이터/가구류/소파/11_X023_C055_0120/11_X023_C055_0120_4.Json,1,가구류,종이류,상자류
/home/minsu/disk_c/trash_dataset/085.생활_폐기물_이미지/01.데이터/1.Training/라벨링데이터/가구류/소파/11_X120_C509_0312/11_X120_C509_0312_0.Json,1,가구류,고철류,고철
/home/minsu/disk_c/trash_dataset/085.생활_폐기물_이미지/01.데이터/1.Training/라벨링데이터/가구류/소파/11_X002_C038_1216/11_X002_C038_1216_3.Json,1,가구류,플라스틱류,대용량플라스틱통
/home/minsu/disk_c/trash_dataset/085.생활_폐기물_이미지/01.데이터/1.Training/라벨링데이터/가구류/소파/11_X002_C038_1216/11_X002_C038_1216_4.Json,1,가구류,플라스틱류,대용량플라스틱통
/home/minsu/disk_c/trash_dataset/085.생활_폐기물_이미지/01.데이터/1.Training/라벨링데이터/가구류/소파/11_X088_C055_0120/11_X088_C055_0120_1.Json,1,가구류,자전거,두발자전거
/home/minsu/disk_c/trash_dataset/085.생활_폐기물_이미지/01.데이터/1.Training/라벨링데이터/가구류/소파/11_X003_C039_1028/11_X003_C039_1028_0.Json,1,가구류,자전거,두발자전거
/home/minsu/disk_c/trash_dataset/085.생활_폐기물_이미지/01.데이터/1.Training/라벨링데이터/가구류/소파/11_X020_C509_0313/11_X020_C509_0313_1.Json,1,가구류,전자제품,냉장고
/home/minsu/disk_c/trash_dataset/085.생활_폐기물_이미지/01.데이터/1.Training/라벨링데이터/가구류/소파/11_X020_C509_0313/11_X020_C509_0313_3.Json,1,가구류,전자제품,냉장고
/home/minsu/disk_c/trash_dataset/085.생활_폐기물_이미지/01.데이터/1.Training/라벨링데이터/가구류/소파/11_X020_C509_0313/11_X020_C509_0313_2.Json,1,가구류,전자제품,냉장고
/home/minsu/disk_c/trash_dataset/085.생활_폐기물_이미지/01.데이터/1.Training/라벨링데이터/가구류/소파/11_X020_C509_0313/11_X020_C509_0313_4.Json,1,가구류,전자제품,냉장고
/home/minsu/disk_c/trash_dataset/085.생활_폐기물_이미지/01.데이터/1.Training/라벨링데이터/가구류/소파/11_X001_C502_1223/11_X001_C502_1223_3.Json,1,가구류,캔류,통조림캔
/home/minsu/disk_c/trash_dataset/085.생활_폐기물_이미지/01.데이터/1.Training/라벨링데이터/가구류/책상/11_X004_C323_0115/11_X004_C323_0115_3.Json,1,가구류,플라스틱류,대용량플라스틱통
/home/minsu/disk_c/trash_dataset/085.생활_폐기물_이미지/01.데이터/1.Training/라벨링데이터/가구류/책상/11_X004_C323_0115/11_X004_C323_0115_1.Json,1,가구류,플라스틱류,대용량플라스틱통
/home/minsu/disk_c/trash_dataset/085.생활_폐기물_이미지/01.데이터/1.Training/라벨링데이터/가구류/책상/11_X004_C323_0115/11_X004_C323_0115_4.Json,1,가구류,플라스틱류,대용량플라스틱통
/home/minsu/disk_c/trash_dataset/085.생활_폐기물_이미지/01.데이터/1.Training/라벨링데이터/가구류/책상/11_X004_C323_0115/11_X004_C323_0115_2.Json,1,가구류,플라스틱류,대용량플라스틱통
/home/minsu/disk_c/trash_dataset/085.생활_폐기물_이미지/01.데이터/1.Training/라벨링데이터/가구류/책상/11_X004_C323_0115/11_X004_C323_0115_2.Json,2,가구류,도기류,화분
/home/minsu/disk_c/trash_dataset/085.생활_폐기물_이미지/01.데이터/1.Training/라벨링데이터/가구류/책상/11_X004_C323_0115/11_X004_C323_0115_0.Json,1,가구류,플라스틱류,대용량플라스틱통
/home/minsu/disk_c/trash_dataset/085.생활_폐기물_이미지/01.데이터/1.Training/라벨링데이터/가구류/책상/11_X001_C184_1008/11_X001_C184_1008_0.Json,3,가구류,자전거,두발자전거
/home/minsu/disk_c/trash_dataset/085.생활_폐기물_이미지/01.데이터/1.Training/라벨링데이터/가구류/책상/11_X004_C172_0210/11_X004_C172_0210_0.Json,1,가구류,페트병류,페트병
/home/minsu/disk_c/trash_dataset/085.생활_폐기물_이미지/01.데이터/1.Training/라벨링데이터/가구류/책상/11_X004_C172_0210/11_X004_C172_0210_1.Json,1,가구류,페트병류,페트병
/home/minsu/disk_c/trash_dataset/085.생활_폐기물_이미지/01.데이터/1.Training/라벨링데이터/가구류/책상/11_X004_C172_0210/11_X004_C172_0210_2.Json,1,가구류,페트병류,페트병
/home/minsu/disk_c/trash_dataset/085.생활_폐기물_이미지/01.데이터/1.Training/라벨링데이터/가구류/책상/11_X004_C172_0210/11_X004_C172_0210_3.Json,1,가구류,페트병류,페트병
/home/minsu/disk_c/trash_dataset/085.생활_폐기물_이미지/01.데이터/1.Training/라벨링데이터/가구류/책상/11_X004_C172_0210/11_X004_C172_0210_4.Json,1,가구류,페트병류,페트병
/home/minsu/disk_c/trash_dataset/085.생활_폐기물_이미지/01.데이터/1.Training/라벨링데이터/가구류/책상/11_X010_C998_0302/11_X010_C998_0302_4.Json,1,가구류,전자제품,공기청정기
/home/minsu/disk_c/trash_dataset/085.생활_폐기물_이미지/01.데이터/1.Training/라벨링데이터/가구류/책상/11_X010_C998_0302/11_X010_C998_0302_0.Json,0,가구류,전자제품,공기청정기
/home/minsu/disk_c/trash_dataset/085.생활_폐기물_이미지/01.데이터/1.Training/라벨링데이터/가구류/책상/11_X072_C803_0218/11_X072_C803_0218_3.Json,1,가구류,자전거,두발자전거
/home/minsu/disk_c/trash_dataset/085.생활_폐기물_이미지/01.데이터/1.Training/라벨링데이터/가구류/책상/11_X072_C803_0218/11_X072_C803_0218_2.Json,1,가구류,자전거,두발자전거
/home/minsu/disk_c/trash_dataset/085.생활_폐기물_이미지/01.데이터/1.Training/라벨링데이터/가구류/책상/11_X090_C509_0313/11_X090_C509_0313_0.Json,1,가구류,페트병류,페트병
/home/minsu/disk_c/trash_dataset/085.생활_폐기물_이미지/01.데이터/1.Training/라벨링데이터/가구류/책상/11_X094_C509_0312/11_X094_C509_0312_4.Json,3,가구류,스티로폼류,보호재
/home/minsu/disk_c/trash_dataset/085.생활_폐기물_이미지/01.데이터/1.Training/라벨링데이터/가구류/책상/11_X008_C998_0302/11_X008_C998_0302_3.Json,1,가구류,종이류,신문지
/home/minsu/disk_c/trash_dataset/085.생활_폐기물_이미지/01.데이터/1.Training/라벨링데이터/가구류/책상/11_X008_C998_0302/11_X008_C998_0302_1.Json,1,가구류,종이류,상자류
/home/minsu/disk_c/trash_dataset/085.생활_폐기물_이미지/01.데이터/1.Training/라벨링데이터/가구류/책상/11_X008_C998_0302/11_X008_C998_0302_0.Json,1,가구류,전자제품,컴퓨터
/home/minsu/disk_c/trash_dataset/085.생활_폐기물_이미지/01.데이터/1.Training/라벨링데이터/가구류/책상/11_X008_C998_0302/11_X008_C998_0302_2.Json,1,가구류,종이류,상자류
/home/minsu/disk_c/trash_dataset/085.생활_폐기물_이미지/01.데이터/1.Training/라벨링데이터/가구류/장롱/11_X024_C055_0223/11_X024_C055_0223_1.Json,1,가구류,자전거,두발자전거
/home/minsu/disk_c/trash_dataset/085.생활_폐기물_이미지/01.데이터/1.Training/라벨링데이터/가구류/장롱/11_X024_C055_0223/11_X024_C055_0223_3.Json,1,가구류,자전거,두발자전거
/home/minsu/disk_c/trash_dataset/085.생활_폐기물_이미지/01.데이터/1.Training/라벨링데이터/가구류/장롱/11_X024_C055_0223/11_X024_C055_0223_0.Json,1,가구류,자전거,두발자전거
/home/minsu/disk_c/trash_dataset/085.생활_폐기물_이미지/01.데이터/1.Training/라벨링데이터/가구류/장롱/11_X001_C055_1008/11_X001_C055_1008_4.Json,2,가구류,종이류,상자류
/home/minsu/disk_c/trash_dataset/085.생활_폐기물_이미지/01.데이터/1.Training/라벨링데이터/가구류/장롱/11_X002_C038_1028/11_X002_C038_1028_4.Json,1,가구류,플라스틱류,바구니
/home/minsu/disk_c/trash_dataset/085.생활_폐기물_이미지/01.데이터/1.Training/라벨링데이터/가구류/장롱/11_X002_C038_1028/11_X002_C038_1028_0.Json,1,가구류,플라스틱류,바구니
/home/minsu/disk_c/trash_dataset/085.생활_폐기물_이미지/01.데이터/1.Training/라벨링데이터/가구류/장롱/11_X002_C038_1028/11_X002_C038_1028_2.Json,1,가구류,플라스틱류,바구니
/home/minsu/disk_c/trash_dataset/085.생활_폐기물_이미지/01.데이터/1.Training/라벨링데이터/가구류/장롱/11_X002_C038_1028/11_X002_C038_1028_1.Json,1,가구류,플라스틱류,바구니
/home/minsu/disk_c/trash_dataset/085.생활_폐기물_이미지/01.데이터/1.Training/라벨링데이터/가구류/장롱/11_X002_C038_1028/11_X002_C038_1028_3.Json,1,가구류,플라스틱류,바구니
/home/minsu/disk_c/trash_dataset/085.생활_폐기물_이미지/01.데이터/1.Training/라벨링데이터/가구류/서랍장/11_X014_C555_0123/11_X014_C555_0123_4.Json,1,가구류,스티로폼류,스티로폼
/home/minsu/disk_c/trash_dataset/085.생활_폐기물_이미지/01.데이터/1.Training/라벨링데이터/가구류/서랍장/11_X014_C555_0123/11_X014_C555_0123_1.Json,1,가구류,스티로폼류,스티로폼
/home/minsu/disk_c/trash_dataset/085.생활_폐기물_이미지/01.데이터/1.Training/라벨링데이터/가구류/서랍장/11_X014_C555_0123/11_X014_C555_0123_2.Json,1,가구류,스티로폼류,스티로폼
/home/minsu/disk_c/trash_dataset/085.생활_폐기물_이미지/01.데이터/1.Training/라벨링데이터/가구류/서랍장/11_X014_C555_0123/11_X014_C555_0123_3.Json,1,가구류,스티로폼류,스티로폼
/home/minsu/disk_c/trash_dataset/085.생활_폐기물_이미지/01.데이터/1.Training/라벨링데이터/가구류/서랍장/11_X014_C555_0123/11_X014_C555_0123_0.Json,1,가구류,스티로폼류,스티로폼
/home/minsu/disk_c/trash_dataset/085.생활_폐기물_이미지/01.데이터/1.Training/라벨링데이터/가구류/서랍장/11_X001_C509_0312/11_X001_C509_0312_1.Json,1,가구류,전자제품,TV
/home/minsu/disk_c/trash_dataset/085.생활_폐기물_이미지/01.데이터/1.Training/라벨링데이터/가구류/서랍장/11_X001_C509_0312/11_X001_C509_0312_1.Json,2,가구류,플라스틱류,대용량플라스틱통
/home/minsu/disk_c/trash_dataset/085.생활_폐기물_이미지/01.데이터/1.Training/라벨링데이터/가구류/서랍장/11_X024_C163_0120/11_X024_C163_0120_4.Json,1,가구류,페트병류,페트병
/home/minsu/disk_c/trash_dataset/085.생활_폐기물_이미지/01.데이터/1.Training/라벨링데이터/가구류/서랍장/11_X003_C038_1103/11_X003_C038_1103_4.Json,1,가구류,자전거,네발자전거
/home/minsu/disk_c/trash_dataset/085.생활_폐기물_이미지/01.데이터/1.Training/라벨링데이터/가구류/서랍장/11_X021_C706_1228/11_X021_C706_1228_2.Json,1,가구류,스티로폼류,스티로폼
/home/minsu/disk_c/trash_dataset/085.생활_폐기물_이미지/01.데이터/1.Training/라벨링데이터/가구류/서랍장/11_X021_C706_1228/11_X021_C706_1228_0.Json,1,가구류,스티로폼류,스티로폼
/home/minsu/disk_c/trash_dataset/085.생활_폐기물_이미지/01.데이터/1.Training/라벨링데이터/가구류/서랍장/11_X021_C706_1228/11_X021_C706_1228_3.Json,1,가구류,스티로폼류,스티로폼
/home/minsu/disk_c/trash_dataset/085.생활_폐기물_이미지/01.데이터/1.Training/라벨링데이터/가구류/서랍장/11_X021_C706_1228/11_X021_C706_1228_4.Json,1,가구류,스티로폼류,스티로폼
/home/minsu/disk_c/trash_dataset/085.생활_폐기물_이미지/01.데이터/1.Training/라벨링데이터/가구류/서랍장/11_X021_C706_1228/11_X021_C706_1228_1.Json,1,가구류,스티로폼류,스티로폼
/home/minsu/disk_c/trash_dataset/085.생활_폐기물_이미지/01.데이터/1.Training/라벨링데이터/가구류/서랍장/11_X022_C509_0311/11_X022_C509_0311_2.Json,1,가구류,전자제품,선풍기
/home/minsu/disk_c/trash_dataset/085.생활_폐기물_이미지/01.데이터/1.Training/라벨링데이터/가구류/서랍장/11_X022_C509_0311/11_X022_C509_0311_0.Json,1,가구류,전자제품,선풍기
/home/minsu/disk_c/trash_dataset/085.생활_폐기물_이미지/01.데이터/1.Training/라벨링데이터/가구류/서랍장/11_X022_C509_0311/11_X022_C509_0311_3.Json,1,가구류,전자제품,선풍기
/home/minsu/disk_c/trash_dataset/085.생활_폐기물_이미지/01.데이터/1.Training/라벨링데이터/가구류/서랍장/11_X022_C509_0311/11_X022_C509_0311_1.Json,1,가구류,전자제품,선풍기
/home/minsu/disk_c/trash_dataset/085.생활_폐기물_이미지/01.데이터/1.Training/라벨링데이터/가구류/서랍장/11_X005_C171_0210/11_X005_C171_0210_3.Json,1,가구류,플라스틱류,밀폐용기
/home/minsu/disk_c/trash_dataset/085.생활_폐기물_이미지/01.데이터/1.Training/라벨링데이터/가구류/서랍장/11_X005_C171_0210/11_X005_C171_0210_0.Json,1,가구류,플라스틱류,밀폐용기
/home/minsu/disk_c/trash_dataset/085.생활_폐기물_이미지/01.데이터/1.Training/라벨링데이터/가구류/서랍장/11_X005_C171_0210/11_X005_C171_0210_1.Json,1,가구류,플라스틱류,밀폐용기
/home/minsu/disk_c/trash_dataset/085.생활_폐기물_이미지/01.데이터/1.Training/라벨링데이터/가구류/서랍장/11_X005_C171_0210/11_X005_C171_0210_4.Json,1,가구류,플라스틱류,밀폐용기
/home/minsu/disk_c/trash_dataset/085.생활_폐기물_이미지/01.데이터/1.Training/라벨링데이터/가구류/서랍장/11_X005_C171_0210/11_X005_C171_0210_2.Json,1,가구류,플라스틱류,밀폐용기
/home/minsu/disk_c/trash_dataset/085.생활_폐기물_이미지/01.데이터/1.Training/라벨링데이터/가구류/서랍장/11_X007_C039_1116/11_X007_C039_1116_0.Json,1,가구류,전자제품,냉장고
/home/minsu/disk_c/trash_dataset/085.생활_폐기물_이미지/01.데이터/1.Training/라벨링데이터/가구류/서랍장/11_X007_C039_1116/11_X007_C039_1116_1.Json,1,가구류,전자제품,냉장고
/home/minsu/disk_c/trash_dataset/085.생활_폐기물_이미지/01.데이터/1.Training/라벨링데이터/가구류/서랍장/11_X002_C171_0210/11_X002_C171_0210_2.Json,1,가구류,페트병류,페트병
/home/minsu/disk_c/trash_dataset/085.생활_폐기물_이미지/01.데이터/1.Training/라벨링데이터/가구류/서랍장/11_X002_C171_0210/11_X002_C171_0210_0.Json,1,가구류,페트병류,페트병
/home/minsu/disk_c/trash_dataset/085.생활_폐기물_이미지/01.데이터/1.Training/라벨링데이터/가구류/서랍장/11_X002_C171_0210/11_X002_C171_0210_4.Json,1,가구류,페트병류,페트병
/home/minsu/disk_c/trash_dataset/085.생활_폐기물_이미지/01.데이터/1.Training/라벨링데이터/가구류/서랍장/11_X002_C171_0210/11_X002_C171_0210_1.Json,1,가구류,페트병류,페트병
/home/minsu/disk_c/trash_dataset/085.생활_폐기물_이미지/01.데이터/1.Training/라벨링데이터/가구류/서랍장/11_X002_C171_0210/11_X002_C171_0210_3.Json,1,가구류,페트병류,페트병
/home/minsu/disk_c/trash_dataset/085.생활_폐기물_이미지/01.데이터/1.Training/라벨링데이터/가구류/서랍장/11_X002_C023_0127/11_X002_C023_0127_1.Json,1,가구류,종이류,상자류
/home/minsu/disk_c/trash_dataset/085.생활_폐기물_이미지/01.데이터/1.Training/라벨링데이터/가구류/서랍장/11_X002_C023_0127/11_X002_C023_0127_4.Json,1,가구류,종이류,상자류
/home/minsu/disk_c/trash_dataset/085.생활_폐기물_이미지/01.데이터/1.Training/라벨링데이터/가구류/서랍장/11_X002_C023_0127/11_X002_C023_0127_0.Json,1,가구류,종이류,상자류
/home/minsu/disk_c/trash_dataset/085.생활_폐기물_이미지/01.데이터/1.Training/라벨링데이터/가구류/서랍장/11_X002_C023_0127/11_X002_C023_0127_3.Json,1,가구류,종이류,상자류
/home/minsu/disk_c/trash_dataset/085.생활_폐기물_이미지/01.데이터/1.Training/라벨링데이터/가구류/서랍장/11_X005_C172_0210/11_X005_C172_0210_3.Json,1,가구류,플라스틱류,밀폐용기
/home/minsu/disk_c/trash_dataset/085.생활_폐기물_이미지/01.데이터/1.Training/라벨링데이터/가구류/서랍장/11_X005_C172_0210/11_X005_C172_0210_1.Json,1,가구류,플라스틱류,밀폐용기
/home/minsu/disk_c/trash_dataset/085.생활_폐기물_이미지/01.데이터/1.Training/라벨링데이터/가구류/서랍장/11_X005_C172_0210/11_X005_C172_0210_4.Json,1,가구류,플라스틱류,밀폐용기
/home/minsu/disk_c/trash_dataset/085.생활_폐기물_이미지/01.데이터/1.Training/라벨링데이터/가구류/서랍장/11_X005_C172_0210/11_X005_C172_0210_0.Json,1,가구류,플라스틱류,밀폐용기
/home/minsu/disk_c/trash_dataset/085.생활_폐기물_이미지/01.데이터/1.Training/라벨링데이터/가구류/서랍장/11_X005_C172_0210/11_X005_C172_0210_2.Json,1,가구류,플라스틱류,밀폐용기
/home/minsu/disk_c/trash_dataset/085.생활_폐기물_이미지/01.데이터/1.Training/라벨링데이터/가구류/서랍장/11_X003_C061_0202/11_X003_C061_0202_3.Json,1,가구류,비닐류,봉투
/home/minsu/disk_c/trash_dataset/085.생활_폐기물_이미지/01.데이터/1.Training/라벨링데이터/가구류/서랍장/11_X003_C061_0202/11_X003_C061_0202_3.Json,2,가구류,플라스틱류,욕실용품
/home/minsu/disk_c/trash_dataset/085.생활_폐기물_이미지/01.데이터/1.Training/라벨링데이터/가구류/서랍장/11_X003_C061_0202/11_X003_C061_0202_4.Json,1,가구류,비닐류,봉투
/home/minsu/disk_c/trash_dataset/085.생활_폐기물_이미지/01.데이터/1.Training/라벨링데이터/가구류/서랍장/11_X003_C061_0202/11_X003_C061_0202_4.Json,2,가구류,플라스틱류,욕실용품
/home/minsu/disk_c/trash_dataset/085.생활_폐기물_이미지/01.데이터/1.Training/라벨링데이터/가구류/서랍장/11_X003_C061_0202/11_X003_C061_0202_2.Json,1,가구류,비닐류,봉투
/home/minsu/disk_c/trash_dataset/085.생활_폐기물_이미지/01.데이터/1.Training/라벨링데이터/가구류/서랍장/11_X003_C061_0202/11_X003_C061_0202_2.Json,2,가구류,플라스틱류,욕실용품
/home/minsu/disk_c/trash_dataset/085.생활_폐기물_이미지/01.데이터/1.Training/라벨링데이터/가구류/서랍장/11_X003_C061_0202/11_X003_C061_0202_1.Json,1,가구류,플라스틱류,욕실용품
/home/minsu/disk_c/trash_dataset/085.생활_폐기물_이미지/01.데이터/1.Training/라벨링데이터/가구류/서랍장/11_X003_C061_0202/11_X003_C061_0202_1.Json,2,가구류,비닐류,봉투
/home/minsu/disk_c/trash_dataset/085.생활_폐기물_이미지/01.데이터/1.Training/라벨링데이터/가구류/서랍장/11_X003_C061_0202/11_X003_C061_0202_0.Json,1,가구류,플라스틱류,욕실용품
/home/minsu/disk_c/trash_dataset/085.생활_폐기물_이미지/01.데이터/1.Training/라벨링데이터/가구류/서랍장/11_X003_C061_0202/11_X003_C061_0202_0.Json,2,가구류,비닐류,봉투
/home/minsu/disk_c/trash_dataset/085.생활_폐기물_이미지/01.데이터/1.Training/라벨링데이터/가구류/서랍장/11_X004_C556_0119/11_X004_C556_0119_0.Json,1,가구류,전자제품,선풍기
/home/minsu/disk_c/trash_dataset/085.생활_폐기물_이미지/01.데이터/1.Training/라벨링데이터/가구류/서랍장/11_X004_C556_0119/11_X004_C556_0119_3.Json,1,가구류,전자제품,선풍기
/home/minsu/disk_c/trash_dataset/085.생활_폐기물_이미지/01.데이터/1.Training/라벨링데이터/가구류/서랍장/11_X004_C556_0119/11_X004_C556_0119_2.Json,1,가구류,전자제품,선풍기
/home/minsu/disk_c/trash_dataset/085.생활_폐기물_이미지/01.데이터/1.Training/라벨링데이터/가구류/서랍장/11_X004_C556_0119/11_X004_C556_0119_1.Json,1,가구류,전자제품,선풍기
/home/minsu/disk_c/trash_dataset/085.생활_폐기물_이미지/01.데이터/1.Training/라벨링데이터/가구류/서랍장/11_X005_C502_1021/11_X005_C502_1021_2.Json,1,가구류,플라스틱류,바구니
/home/minsu/disk_c/trash_dataset/085.생활_폐기물_이미지/01.데이터/1.Training/라벨링데이터/가구류/서랍장/11_X005_C502_1021/11_X005_C502_1021_2.Json,2,가구류,도기류,항아리
/home/minsu/disk_c/trash_dataset/085.생활_폐기물_이미지/01.데이터/1.Training/라벨링데이터/가구류/서랍장/11_X005_C502_1021/11_X005_C502_1021_0.Json,2,가구류,도기류,항아리
/home/minsu/disk_c/trash_dataset/085.생활_폐기물_이미지/01.데이터/1.Training/라벨링데이터/가구류/서랍장/11_X005_C502_1021/11_X005_C502_1021_0.Json,3,가구류,플라스틱류,바구니
/home/minsu/disk_c/trash_dataset/085.생활_폐기물_이미지/01.데이터/1.Training/라벨링데이터/가구류/서랍장/11_X005_C502_1021/11_X005_C502_1021_3.Json,1,가구류,플라스틱류,바구니
/home/minsu/disk_c/trash_dataset/085.생활_폐기물_이미지/01.데이터/1.Training/라벨링데이터/가구류/서랍장/11_X005_C502_1021/11_X005_C502_1021_1.Json,1,가구류,플라스틱류,바구니
/home/minsu/disk_c/trash_dataset/085.생활_폐기물_이미지/01.데이터/1.Training/라벨링데이터/가구류/서랍장/11_X005_C502_1021/11_X005_C502_1021_4.Json,1,가구류,플라스틱류,바구니
/home/minsu/disk_c/trash_dataset/085.생활_폐기물_이미지/01.데이터/1.Training/라벨링데이터/가구류/서랍장/11_X004_C323_1215/11_X004_C323_1215_3.Json,1,가구류,종이류,상자류
/home/minsu/disk_c/trash_dataset/085.생활_폐기물_이미지/01.데이터/1.Training/라벨링데이터/가구류/서랍장/11_X004_C323_1215/11_X004_C323_1215_3.Json,2,가구류,종이류,상자류
/home/minsu/disk_c/trash_dataset/085.생활_폐기물_이미지/01.데이터/1.Training/라벨링데이터/가구류/서랍장/11_X004_C323_1215/11_X004_C323_1215_2.Json,1,가구류,종이류,상자류
/home/minsu/disk_c/trash_dataset/085.생활_폐기물_이미지/01.데이터/1.Training/라벨링데이터/가구류/서랍장/11_X004_C323_1215/11_X004_C323_1215_2.Json,2,가구류,종이류,상자류
/home/minsu/disk_c/trash_dataset/085.생활_폐기물_이미지/01.데이터/1.Training/라벨링데이터/가구류/서랍장/11_X004_C323_1215/11_X004_C323_1215_4.Json,1,가구류,종이류,상자류
/home/minsu/disk_c/trash_dataset/085.생활_폐기물_이미지/01.데이터/1.Training/라벨링데이터/가구류/서랍장/11_X004_C323_1215/11_X004_C323_1215_4.Json,2,가구류,종이류,상자류
/home/minsu/disk_c/trash_dataset/085.생활_폐기물_이미지/01.데이터/1.Training/라벨링데이터/가구류/서랍장/11_X004_C323_1215/11_X004_C323_1215_4.Json,3,가구류,스티로폼류,스티로폼
/home/minsu/disk_c/trash_dataset/085.생활_폐기물_이미지/01.데이터/1.Training/라벨링데이터/가구류/서랍장/11_X004_C323_1215/11_X004_C323_1215_0.Json,1,가구류,종이류,상자류
/home/minsu/disk_c/trash_dataset/085.생활_폐기물_이미지/01.데이터/1.Training/라벨링데이터/가구류/서랍장/11_X004_C323_1215/11_X004_C323_1215_1.Json,1,가구류,종이류,상자류
/home/minsu/disk_c/trash_dataset/085.생활_폐기물_이미지/01.데이터/1.Training/라벨링데이터/가구류/서랍장/11_X004_C323_1215/11_X004_C323_1215_1.Json,2,가구류,종이류,상자류
/home/minsu/disk_c/trash_dataset/085.생활_폐기물_이미지/01.데이터/1.Training/라벨링데이터/가구류/협탁/11_X002_C058_0129/11_X002_C058_0129_2.Json,1,가구류,종이류,상자류
/home/minsu/disk_c/trash_dataset/085.생활_폐기물_이미지/01.데이터/1.Training/라벨링데이터/가구류/협탁/11_X002_C058_0129/11_X002_C058_0129_3.Json,1,가구류,종이류,상자류
/home/minsu/disk_c/trash_dataset/085.생활_폐기물_이미지/01.데이터/1.Training/라벨링데이터/가구류/협탁/11_X002_C058_0129/11_X002_C058_0129_0.Json,1,가구류,종이류,상자류
/home/minsu/disk_c/trash_dataset/085.생활_폐기물_이미지/01.데이터/1.Training/라벨링데이터/가구류/협탁/11_X002_C058_0129/11_X002_C058_0129_4.Json,1,가구류,종이류,상자류
/home/minsu/disk_c/trash_dataset/085.생활_폐기물_이미지/01.데이터/1.Training/라벨링데이터/가구류/협탁/11_X002_C058_0129/11_X002_C058_0129_1.Json,1,가구류,종이류,상자류
/home/minsu/disk_c/trash_dataset/085.생활_폐기물_이미지/01.데이터/1.Training/라벨링데이터/가구류/협탁/11_X001_C194_1221/11_X001_C194_1221_0.Json,1,가구류,스티로폼류,스티로폼
/home/minsu/disk_c/trash_dataset/085.생활_폐기물_이미지/01.데이터/1.Training/라벨링데이터/가구류/협탁/11_X005_C044_1123/11_X005_C044_1123_3.Json,2,가구류,자전거,두발자전거
/home/minsu/disk_c/trash_dataset/085.생활_폐기물_이미지/01.데이터/1.Training/라벨링데이터/가구류/협탁/11_X005_C044_1123/11_X005_C044_1123_3.Json,3,가구류,자전거,두발자전거
/home/minsu/disk_c/trash_dataset/085.생활_폐기물_이미지/01.데이터/1.Training/라벨링데이터/가구류/협탁/11_X005_C037_1102/11_X005_C037_1102_0.Json,2,가구류,도기류,화분
/home/minsu/disk_c/trash_dataset/085.생활_폐기물_이미지/01.데이터/1.Training/라벨링데이터/가구류/협탁/11_X005_C037_1102/11_X005_C037_1102_0.Json,3,가구류,도기류,화분
/home/minsu/disk_c/trash_dataset/085.생활_폐기물_이미지/01.데이터/1.Training/라벨링데이터/가구류/협탁/11_X005_C037_1102/11_X005_C037_1102_0.Json,4,가구류,도기류,화분
/home/minsu/disk_c/trash_dataset/085.생활_폐기물_이미지/01.데이터/1.Training/라벨링데이터/가구류/협탁/11_X005_C037_1102/11_X005_C037_1102_0.Json,5,가구류,도기류,화분
/home/minsu/disk_c/trash_dataset/085.생활_폐기물_이미지/01.데이터/1.Training/라벨링데이터/가구류/협탁/11_X005_C037_1102/11_X005_C037_1102_4.Json,2,가구류,도기류,화분
/home/minsu/disk_c/trash_dataset/085.생활_폐기물_이미지/01.데이터/1.Training/라벨링데이터/가구류/협탁/11_X003_C196_1118/11_X003_C196_1118_3.Json,1,가구류,스티로폼류,스티로폼
/home/minsu/disk_c/trash_dataset/085.생활_폐기물_이미지/01.데이터/1.Training/라벨링데이터/가구류/협탁/11_X001_C203_1118/11_X001_C203_1118_3.Json,1,가구류,자전거,두발자전거
/home/minsu/disk_c/trash_dataset/085.생활_폐기물_이미지/01.데이터/1.Training/라벨링데이터/가구류/협탁/11_X001_C203_1118/11_X001_C203_1118_3.Json,2,가구류,자전거,두발자전거
/home/minsu/disk_c/trash_dataset/085.생활_폐기물_이미지/01.데이터/1.Training/라벨링데이터/고철류/고철/12_X020_C014_0201/12_X020_C014_0201_2.Json,1,고철류,형광등,콤팩트형
/home/minsu/disk_c/trash_dataset/085.생활_폐기물_이미지/01.데이터/1.Training/라벨링데이터/고철류/고철/12_X020_C014_0201/12_X020_C014_0201_1.Json,1,고철류,형광등,콤팩트형
/home/minsu/disk_c/trash_dataset/085.생활_폐기물_이미지/01.데이터/1.Training/라벨링데이터/고철류/고철/12_X020_C014_0201/12_X020_C014_0201_0.Json,1,고철류,형광등,콤팩트형
/home/minsu/disk_c/trash_dataset/085.생활_폐기물_이미지/01.데이터/1.Training/라벨링데이터/고철류/고철/12_X020_C014_0201/12_X020_C014_0201_4.Json,1,고철류,형광등,콤팩트형
/home/minsu/disk_c/trash_dataset/085.생활_폐기물_이미지/01.데이터/1.Training/라벨링데이터/고철류/고철/12_X020_C014_0201/12_X020_C014_0201_3.Json,1,고철류,형광등,콤팩트형
/home/minsu/disk_c/trash_dataset/085.생활_폐기물_이미지/01.데이터/1.Training/라벨링데이터/고철류/고철/12_X010_C172_0202/12_X010_C172_0202_4.Json,1,고철류,플라스틱류,밀폐용기
/home/minsu/disk_c/trash_dataset/085.생활_폐기물_이미지/01.데이터/1.Training/라벨링데이터/고철류/고철/12_X010_C172_0202/12_X010_C172_0202_3.Json,1,고철류,플라스틱류,밀폐용기
/home/minsu/disk_c/trash_dataset/085.생활_폐기물_이미지/01.데이터/1.Training/라벨링데이터/고철류/고철/12_X010_C172_0202/12_X010_C172_0202_2.Json,1,고철류,플라스틱류,밀폐용기
/home/minsu/disk_c/trash_dataset/085.생활_폐기물_이미지/01.데이터/1.Training/라벨링데이터/고철류/고철/12_X010_C172_0202/12_X010_C172_0202_1.Json,1,고철류,플라스틱류,밀폐용기
/home/minsu/disk_c/trash_dataset/085.생활_폐기물_이미지/01.데이터/1.Training/라벨링데이터/고철류/고철/12_X010_C172_0202/12_X010_C172_0202_0.Json,1,고철류,플라스틱류,밀폐용기
/home/minsu/disk_c/trash_dataset/085.생활_폐기물_이미지/01.데이터/1.Training/라벨링데이터/고철류/고철/12_X024_C014_0201/12_X024_C014_0201_2.Json,1,고철류,형광등,백열전구
/home/minsu/disk_c/trash_dataset/085.생활_폐기물_이미지/01.데이터/1.Training/라벨링데이터/고철류/고철/12_X024_C014_0201/12_X024_C014_0201_0.Json,1,고철류,형광등,백열전구
/home/minsu/disk_c/trash_dataset/085.생활_폐기물_이미지/01.데이터/1.Training/라벨링데이터/고철류/고철/12_X024_C014_0201/12_X024_C014_0201_4.Json,1,고철류,형광등,백열전구
/home/minsu/disk_c/trash_dataset/085.생활_폐기물_이미지/01.데이터/1.Training/라벨링데이터/고철류/고철/12_X024_C014_0201/12_X024_C014_0201_3.Json,1,고철류,형광등,백열전구
/home/minsu/disk_c/trash_dataset/085.생활_폐기물_이미지/01.데이터/1.Training/라벨링데이터/고철류/고철/12_X024_C014_0201/12_X024_C014_0201_1.Json,1,고철류,형광등,백열전구
/home/minsu/disk_c/trash_dataset/085.생활_폐기물_이미지/01.데이터/1.Training/라벨링데이터/고철류/고철/12_X021_C172_0202/12_X021_C172_0202_0.Json,1,고철류,플라스틱류,밀폐용기
/home/minsu/disk_c/trash_dataset/085.생활_폐기물_이미지/01.데이터/1.Training/라벨링데이터/고철류/고철/12_X021_C172_0202/12_X021_C172_0202_1.Json,1,고철류,플라스틱류,밀폐용기
/home/minsu/disk_c/trash_dataset/085.생활_폐기물_이미지/01.데이터/1.Training/라벨링데이터/고철류/고철/12_X021_C172_0202/12_X021_C172_0202_2.Json,1,고철류,플라스틱류,밀폐용기
/home/minsu/disk_c/trash_dataset/085.생활_폐기물_이미지/01.데이터/1.Training/라벨링데이터/고철류/고철/12_X021_C172_0202/12_X021_C172_0202_4.Json,1,고철류,플라스틱류,밀폐용기
/home/minsu/disk_c/trash_dataset/085.생활_폐기물_이미지/01.데이터/1.Training/라벨링데이터/고철류/고철/12_X021_C172_0202/12_X021_C172_0202_3.Json,1,고철류,플라스틱류,밀폐용기
/home/minsu/disk_c/trash_dataset/085.생활_폐기물_이미지/01.데이터/1.Training/라벨링데이터/고철류/고철/12_X036_C014_0201/12_X036_C014_0201_2.Json,1,고철류,유리병류,소주병
/home/minsu/disk_c/trash_dataset/085.생활_폐기물_이미지/01.데이터/1.Training/라벨링데이터/고철류/고철/12_X036_C014_0201/12_X036_C014_0201_1.Json,1,고철류,유리병류,소주병
/home/minsu/disk_c/trash_dataset/085.생활_폐기물_이미지/01.데이터/1.Training/라벨링데이터/고철류/고철/12_X036_C014_0201/12_X036_C014_0201_0.Json,1,고철류,유리병류,소주병
/home/minsu/disk_c/trash_dataset/085.생활_폐기물_이미지/01.데이터/1.Training/라벨링데이터/고철류/고철/12_X036_C014_0201/12_X036_C014_0201_3.Json,1,고철류,유리병류,소주병
/home/minsu/disk_c/trash_dataset/085.생활_폐기물_이미지/01.데이터/1.Training/라벨링데이터/고철류/고철/12_X036_C014_0201/12_X036_C014_0201_4.Json,1,고철류,유리병류,소주병
/home/minsu/disk_c/trash_dataset/085.생활_폐기물_이미지/01.데이터/1.Training/라벨링데이터/고철류/고철/12_X011_C323_0202/12_X011_C323_0202_1.Json,1,고철류,캔류,음료수캔
/home/minsu/disk_c/trash_dataset/085.생활_폐기물_이미지/01.데이터/1.Training/라벨링데이터/고철류/고철/12_X011_C323_0202/12_X011_C323_0202_3.Json,1,고철류,캔류,음료수캔
/home/minsu/disk_c/trash_dataset/085.생활_폐기물_이미지/01.데이터/1.Training/라벨링데이터/고철류/고철/12_X011_C323_0202/12_X011_C323_0202_4.Json,1,고철류,캔류,음료수캔
/home/minsu/disk_c/trash_dataset/085.생활_폐기물_이미지/01.데이터/1.Training/라벨링데이터/고철류/고철/12_X011_C323_0202/12_X011_C323_0202_2.Json,1,고철류,캔류,음료수캔
/home/minsu/disk_c/trash_dataset/085.생활_폐기물_이미지/01.데이터/1.Training/라벨링데이터/고철류/고철/12_X011_C323_0202/12_X011_C323_0202_0.Json,1,고철류,캔류,음료수캔
/home/minsu/disk_c/trash_dataset/085.생활_폐기물_이미지/01.데이터/1.Training/라벨링데이터/고철류/고철/12_X023_C045_0202/12_X023_C045_0202_3.Json,1,고철류,나무류,액자
/home/minsu/disk_c/trash_dataset/085.생활_폐기물_이미지/01.데이터/1.Training/라벨링데이터/고철류/고철/12_X023_C045_0202/12_X023_C045_0202_0.Json,1,고철류,나무류,액자
/home/minsu/disk_c/trash_dataset/085.생활_폐기물_이미지/01.데이터/1.Training/라벨링데이터/고철류/고철/12_X023_C045_0202/12_X023_C045_0202_2.Json,1,고철류,나무류,액자
/home/minsu/disk_c/trash_dataset/085.생활_폐기물_이미지/01.데이터/1.Training/라벨링데이터/고철류/고철/12_X023_C045_0202/12_X023_C045_0202_4.Json,0,고철류,나무류,액자
/home/minsu/disk_c/trash_dataset/085.생활_폐기물_이미지/01.데이터/1.Training/라벨링데이터/고철류/고철/12_X023_C045_0202/12_X023_C045_0202_1.Json,0,고철류,나무류,액자
/home/minsu/disk_c/trash_dataset/085.생활_폐기물_이미지/01.데이터/1.Training/라벨링데이터/고철류/고철/12_X034_C045_0206/12_X034_C045_0206_3.Json,1,고철류,페트병류,페트병
/home/minsu/disk_c/trash_dataset/085.생활_폐기물_이미지/01.데이터/1.Training/라벨링데이터/고철류/고철/12_X034_C045_0206/12_X034_C045_0206_4.Json,1,고철류,페트병류,페트병
/home/minsu/disk_c/trash_dataset/085.생활_폐기물_이미지/01.데이터/1.Training/라벨링데이터/고철류/고철/12_X034_C045_0206/12_X034_C045_0206_1.Json,1,고철류,페트병류,페트병
/home/minsu/disk_c/trash_dataset/085.생활_폐기물_이미지/01.데이터/1.Training/라벨링데이터/고철류/고철/12_X034_C045_0206/12_X034_C045_0206_0.Json,1,고철류,페트병류,페트병
/home/minsu/disk_c/trash_dataset/085.생활_폐기물_이미지/01.데이터/1.Training/라벨링데이터/고철류/고철/12_X034_C045_0206/12_X034_C045_0206_2.Json,1,고철류,페트병류,페트병
/home/minsu/disk_c/trash_dataset/085.생활_폐기물_이미지/01.데이터/1.Training/라벨링데이터/고철류/고철/12_X034_C014_0201/12_X034_C014_0201_4.Json,1,고철류,유리병류,박카스병
/home/minsu/disk_c/trash_dataset/085.생활_폐기물_이미지/01.데이터/1.Training/라벨링데이터/고철류/고철/12_X034_C014_0201/12_X034_C014_0201_3.Json,1,고철류,유리병류,박카스병
/home/minsu/disk_c/trash_dataset/085.생활_폐기물_이미지/01.데이터/1.Training/라벨링데이터/고철류/고철/12_X034_C014_0201/12_X034_C014_0201_0.Json,1,고철류,유리병류,박카스병
/home/minsu/disk_c/trash_dataset/085.생활_폐기물_이미지/01.데이터/1.Training/라벨링데이터/고철류/고철/12_X034_C014_0201/12_X034_C014_0201_2.Json,1,고철류,유리병류,박카스병
/home/minsu/disk_c/trash_dataset/085.생활_폐기물_이미지/01.데이터/1.Training/라벨링데이터/고철류/고철/12_X034_C014_0201/12_X034_C014_0201_1.Json,1,고철류,유리병류,박카스병
/home/minsu/disk_c/trash_dataset/085.생활_폐기물_이미지/01.데이터/1.Training/라벨링데이터/고철류/고철/12_X035_C323_0201/12_X035_C323_0201_2.Json,1,고철류,유리병류,기타술병
/home/minsu/disk_c/trash_dataset/085.생활_폐기물_이미지/01.데이터/1.Training/라벨링데이터/고철류/고철/12_X035_C323_0201/12_X035_C323_0201_0.Json,1,고철류,유리병류,기타술병
/home/minsu/disk_c/trash_dataset/085.생활_폐기물_이미지/01.데이터/1.Training/라벨링데이터/고철류/고철/12_X035_C323_0201/12_X035_C323_0201_0.Json,2,고철류,유리병류,박카스병
/home/minsu/disk_c/trash_dataset/085.생활_폐기물_이미지/01.데이터/1.Training/라벨링데이터/고철류/고철/12_X035_C323_0201/12_X035_C323_0201_4.Json,1,고철류,유리병류,기타술병
/home/minsu/disk_c/trash_dataset/085.생활_폐기물_이미지/01.데이터/1.Training/라벨링데이터/고철류/고철/12_X035_C323_0201/12_X035_C323_0201_3.Json,1,고철류,유리병류,기타술병
/home/minsu/disk_c/trash_dataset/085.생활_폐기물_이미지/01.데이터/1.Training/라벨링데이터/고철류/고철/12_X035_C323_0201/12_X035_C323_0201_1.Json,1,고철류,유리병류,기타술병
/home/minsu/disk_c/trash_dataset/085.생활_폐기물_이미지/01.데이터/1.Training/라벨링데이터/고철류/고철/12_X008_C058_0202/12_X008_C058_0202_2.Json,0,고철류,나무류,장식품
/home/minsu/disk_c/trash_dataset/085.생활_폐기물_이미지/01.데이터/1.Training/라벨링데이터/고철류/고철/12_X008_C058_0202/12_X008_C058_0202_3.Json,0,고철류,나무류,장식품
/home/minsu/disk_c/trash_dataset/085.생활_폐기물_이미지/01.데이터/1.Training/라벨링데이터/고철류/고철/12_X008_C058_0202/12_X008_C058_0202_0.Json,1,고철류,나무류,장식품
/home/minsu/disk_c/trash_dataset/085.생활_폐기물_이미지/01.데이터/1.Training/라벨링데이터/고철류/고철/12_X008_C058_0202/12_X008_C058_0202_4.Json,0,고철류,나무류,장식품
/home/minsu/disk_c/trash_dataset/085.생활_폐기물_이미지/01.데이터/1.Training/라벨링데이터/고철류/고철/12_X008_C058_0202/12_X008_C058_0202_1.Json,0,고철류,나무류,장식품
/home/minsu/disk_c/trash_dataset/085.생활_폐기물_이미지/01.데이터/1.Training/라벨링데이터/고철류/고철/12_X029_C014_0201/12_X029_C014_0201_4.Json,1,고철류,형광등,콤팩트형
/home/minsu/disk_c/trash_dataset/085.생활_폐기물_이미지/01.데이터/1.Training/라벨링데이터/고철류/고철/12_X029_C014_0201/12_X029_C014_0201_1.Json,1,고철류,형광등,콤팩트형
/home/minsu/disk_c/trash_dataset/085.생활_폐기물_이미지/01.데이터/1.Training/라벨링데이터/고철류/고철/12_X029_C014_0201/12_X029_C014_0201_3.Json,1,고철류,형광등,콤팩트형
/home/minsu/disk_c/trash_dataset/085.생활_폐기물_이미지/01.데이터/1.Training/라벨링데이터/고철류/고철/12_X029_C014_0201/12_X029_C014_0201_0.Json,1,고철류,형광등,콤팩트형
/home/minsu/disk_c/trash_dataset/085.생활_폐기물_이미지/01.데이터/1.Training/라벨링데이터/고철류/고철/12_X029_C014_0201/12_X029_C014_0201_2.Json,1,고철류,형광등,콤팩트형
/home/minsu/disk_c/trash_dataset/085.생활_폐기물_이미지/01.데이터/1.Training/라벨링데이터/고철류/고철/12_X011_C045_0204/12_X011_C045_0204_1.Json,1,고철류,페트병류,페트병
/home/minsu/disk_c/trash_dataset/085.생활_폐기물_이미지/01.데이터/1.Training/라벨링데이터/고철류/고철/12_X011_C045_0204/12_X011_C045_0204_0.Json,1,고철류,페트병류,페트병
/home/minsu/disk_c/trash_dataset/085.생활_폐기물_이미지/01.데이터/1.Training/라벨링데이터/고철류/고철/12_X011_C045_0204/12_X011_C045_0204_4.Json,1,고철류,페트병류,페트병
/home/minsu/disk_c/trash_dataset/085.생활_폐기물_이미지/01.데이터/1.Training/라벨링데이터/고철류/고철/12_X011_C045_0204/12_X011_C045_0204_3.Json,1,고철류,페트병류,페트병
/home/minsu/disk_c/trash_dataset/085.생활_폐기물_이미지/01.데이터/1.Training/라벨링데이터/고철류/고철/12_X011_C045_0204/12_X011_C045_0204_2.Json,1,고철류,페트병류,페트병
/home/minsu/disk_c/trash_dataset/085.생활_폐기물_이미지/01.데이터/1.Training/라벨링데이터/고철류/고철/12_X019_C045_0202/12_X019_C045_0202_1.Json,0,고철류,스티로폼류,스티로폼
/home/minsu/disk_c/trash_dataset/085.생활_폐기물_이미지/01.데이터/1.Training/라벨링데이터/고철류/고철/12_X019_C045_0202/12_X019_C045_0202_4.Json,0,고철류,스티로폼류,스티로폼
/home/minsu/disk_c/trash_dataset/085.생활_폐기물_이미지/01.데이터/1.Training/라벨링데이터/고철류/고철/12_X019_C045_0202/12_X019_C045_0202_0.Json,1,고철류,스티로폼류,스티로폼
/home/minsu/disk_c/trash_dataset/085.생활_폐기물_이미지/01.데이터/1.Training/라벨링데이터/고철류/고철/12_X019_C045_0202/12_X019_C045_0202_2.Json,1,고철류,스티로폼류,스티로폼
/home/minsu/disk_c/trash_dataset/085.생활_폐기물_이미지/01.데이터/1.Training/라벨링데이터/고철류/고철/12_X019_C045_0202/12_X019_C045_0202_3.Json,0,고철류,스티로폼류,스티로폼
/home/minsu/disk_c/trash_dataset/085.생활_폐기물_이미지/01.데이터/1.Training/라벨링데이터/고철류/고철/12_X016_C015_0201/12_X016_C015_0201_1.Json,1,고철류,나무류,주걱
/home/minsu/disk_c/trash_dataset/085.생활_폐기물_이미지/01.데이터/1.Training/라벨링데이터/고철류/고철/12_X016_C015_0201/12_X016_C015_0201_4.Json,1,고철류,나무류,주걱
/home/minsu/disk_c/trash_dataset/085.생활_폐기물_이미지/01.데이터/1.Training/라벨링데이터/고철류/고철/12_X016_C015_0201/12_X016_C015_0201_2.Json,1,고철류,나무류,주걱
/home/minsu/disk_c/trash_dataset/085.생활_폐기물_이미지/01.데이터/1.Training/라벨링데이터/고철류/고철/12_X016_C015_0201/12_X016_C015_0201_3.Json,1,고철류,나무류,주걱
/home/minsu/disk_c/trash_dataset/085.생활_폐기물_이미지/01.데이터/1.Training/라벨링데이터/고철류/고철/12_X022_C323_0201/12_X022_C323_0201_1.Json,1,고철류,유리병류,기타술병
/home/minsu/disk_c/trash_dataset/085.생활_폐기물_이미지/01.데이터/1.Training/라벨링데이터/고철류/고철/12_X022_C323_0201/12_X022_C323_0201_0.Json,1,고철류,유리병류,기타술병
/home/minsu/disk_c/trash_dataset/085.생활_폐기물_이미지/01.데이터/1.Training/라벨링데이터/고철류/고철/12_X022_C323_0201/12_X022_C323_0201_2.Json,1,고철류,유리병류,기타술병
/home/minsu/disk_c/trash_dataset/085.생활_폐기물_이미지/01.데이터/1.Training/라벨링데이터/고철류/고철/12_X022_C323_0201/12_X022_C323_0201_3.Json,1,고철류,유리병류,기타술병
/home/minsu/disk_c/trash_dataset/085.생활_폐기물_이미지/01.데이터/1.Training/라벨링데이터/고철류/고철/12_X022_C323_0201/12_X022_C323_0201_4.Json,1,고철류,유리병류,기타술병
/home/minsu/disk_c/trash_dataset/085.생활_폐기물_이미지/01.데이터/1.Training/라벨링데이터/고철류/고철/12_X040_C014_0201/12_X040_C014_0201_2.Json,1,고철류,형광등,콤팩트형
/home/minsu/disk_c/trash_dataset/085.생활_폐기물_이미지/01.데이터/1.Training/라벨링데이터/고철류/고철/12_X040_C014_0201/12_X040_C014_0201_4.Json,1,고철류,형광등,콤팩트형
/home/minsu/disk_c/trash_dataset/085.생활_폐기물_이미지/01.데이터/1.Training/라벨링데이터/고철류/고철/12_X040_C014_0201/12_X040_C014_0201_3.Json,1,고철류,형광등,콤팩트형
/home/minsu/disk_c/trash_dataset/085.생활_폐기물_이미지/01.데이터/1.Training/라벨링데이터/고철류/고철/12_X040_C014_0201/12_X040_C014_0201_0.Json,1,고철류,형광등,콤팩트형
/home/minsu/disk_c/trash_dataset/085.생활_폐기물_이미지/01.데이터/1.Training/라벨링데이터/고철류/고철/12_X040_C014_0201/12_X040_C014_0201_1.Json,1,고철류,형광등,콤팩트형
/home/minsu/disk_c/trash_dataset/085.생활_폐기물_이미지/01.데이터/1.Training/라벨링데이터/고철류/고철/12_X006_C058_0202/12_X006_C058_0202_2.Json,0,고철류,나무류,액자
/home/minsu/disk_c/trash_dataset/085.생활_폐기물_이미지/01.데이터/1.Training/라벨링데이터/고철류/고철/12_X006_C058_0202/12_X006_C058_0202_1.Json,0,고철류,나무류,액자
/home/minsu/disk_c/trash_dataset/085.생활_폐기물_이미지/01.데이터/1.Training/라벨링데이터/고철류/고철/12_X006_C058_0202/12_X006_C058_0202_3.Json,0,고철류,나무류,액자
/home/minsu/disk_c/trash_dataset/085.생활_폐기물_이미지/01.데이터/1.Training/라벨링데이터/고철류/고철/12_X006_C058_0202/12_X006_C058_0202_0.Json,1,고철류,나무류,도마
/home/minsu/disk_c/trash_dataset/085.생활_폐기물_이미지/01.데이터/1.Training/라벨링데이터/고철류/고철/12_X006_C058_0202/12_X006_C058_0202_4.Json,0,고철류,나무류,액자
/home/minsu/disk_c/trash_dataset/085.생활_폐기물_이미지/01.데이터/1.Training/라벨링데이터/고철류/고철/12_X036_C045_0206/12_X036_C045_0206_0.Json,1,고철류,페트병류,페트병
/home/minsu/disk_c/trash_dataset/085.생활_폐기물_이미지/01.데이터/1.Training/라벨링데이터/고철류/고철/12_X036_C045_0206/12_X036_C045_0206_2.Json,1,고철류,페트병류,페트병
/home/minsu/disk_c/trash_dataset/085.생활_폐기물_이미지/01.데이터/1.Training/라벨링데이터/고철류/고철/12_X036_C045_0206/12_X036_C045_0206_1.Json,1,고철류,페트병류,페트병
/home/minsu/disk_c/trash_dataset/085.생활_폐기물_이미지/01.데이터/1.Training/라벨링데이터/고철류/고철/12_X036_C045_0206/12_X036_C045_0206_4.Json,1,고철류,페트병류,페트병
/home/minsu/disk_c/trash_dataset/085.생활_폐기물_이미지/01.데이터/1.Training/라벨링데이터/고철류/고철/12_X036_C045_0206/12_X036_C045_0206_3.Json,1,고철류,페트병류,페트병
/home/minsu/disk_c/trash_dataset/085.생활_폐기물_이미지/01.데이터/1.Training/라벨링데이터/고철류/고철/12_X035_C045_0207/12_X035_C045_0207_0.Json,1,고철류,종이류,음료수곽
/home/minsu/disk_c/trash_dataset/085.생활_폐기물_이미지/01.데이터/1.Training/라벨링데이터/고철류/고철/12_X035_C045_0207/12_X035_C045_0207_4.Json,1,고철류,종이류,음료수곽
/home/minsu/disk_c/trash_dataset/085.생활_폐기물_이미지/01.데이터/1.Training/라벨링데이터/고철류/고철/12_X035_C045_0207/12_X035_C045_0207_2.Json,1,고철류,종이류,음료수곽
/home/minsu/disk_c/trash_dataset/085.생활_폐기물_이미지/01.데이터/1.Training/라벨링데이터/고철류/고철/12_X035_C045_0207/12_X035_C045_0207_1.Json,1,고철류,종이류,음료수곽
/home/minsu/disk_c/trash_dataset/085.생활_폐기물_이미지/01.데이터/1.Training/라벨링데이터/고철류/고철/12_X035_C045_0207/12_X035_C045_0207_3.Json,1,고철류,종이류,음료수곽
/home/minsu/disk_c/trash_dataset/085.생활_폐기물_이미지/01.데이터/1.Training/라벨링데이터/고철류/고철/12_X011_C014_0201/12_X011_C014_0201_2.Json,1,고철류,형광등,콤팩트형
/home/minsu/disk_c/trash_dataset/085.생활_폐기물_이미지/01.데이터/1.Training/라벨링데이터/고철류/고철/12_X011_C014_0201/12_X011_C014_0201_1.Json,1,고철류,형광등,콤팩트형
/home/minsu/disk_c/trash_dataset/085.생활_폐기물_이미지/01.데이터/1.Training/라벨링데이터/고철류/고철/12_X011_C014_0201/12_X011_C014_0201_4.Json,1,고철류,형광등,콤팩트형
/home/minsu/disk_c/trash_dataset/085.생활_폐기물_이미지/01.데이터/1.Training/라벨링데이터/고철류/고철/12_X011_C014_0201/12_X011_C014_0201_3.Json,1,고철류,형광등,콤팩트형
/home/minsu/disk_c/trash_dataset/085.생활_폐기물_이미지/01.데이터/1.Training/라벨링데이터/고철류/고철/12_X011_C014_0201/12_X011_C014_0201_0.Json,1,고철류,형광등,콤팩트형
/home/minsu/disk_c/trash_dataset/085.생활_폐기물_이미지/01.데이터/1.Training/라벨링데이터/고철류/고철/12_X002_C171_0208/12_X002_C171_0208_4.Json,1,고철류,플라스틱류,밀폐용기
/home/minsu/disk_c/trash_dataset/085.생활_폐기물_이미지/01.데이터/1.Training/라벨링데이터/고철류/고철/12_X002_C171_0208/12_X002_C171_0208_0.Json,1,고철류,플라스틱류,밀폐용기
/home/minsu/disk_c/trash_dataset/085.생활_폐기물_이미지/01.데이터/1.Training/라벨링데이터/고철류/고철/12_X002_C171_0208/12_X002_C171_0208_2.Json,1,고철류,플라스틱류,밀폐용기
/home/minsu/disk_c/trash_dataset/085.생활_폐기물_이미지/01.데이터/1.Training/라벨링데이터/고철류/고철/12_X002_C171_0208/12_X002_C171_0208_1.Json,1,고철류,플라스틱류,밀폐용기
/home/minsu/disk_c/trash_dataset/085.생활_폐기물_이미지/01.데이터/1.Training/라벨링데이터/고철류/고철/12_X002_C171_0208/12_X002_C171_0208_3.Json,1,고철류,플라스틱류,밀폐용기
/home/minsu/disk_c/trash_dataset/085.생활_폐기물_이미지/01.데이터/1.Training/라벨링데이터/고철류/고철/12_X014_C323_0201/12_X014_C323_0201_1.Json,1,고철류,유리병류,박카스병
/home/minsu/disk_c/trash_dataset/085.생활_폐기물_이미지/01.데이터/1.Training/라벨링데이터/고철류/고철/12_X014_C323_0201/12_X014_C323_0201_0.Json,1,고철류,유리병류,박카스병
/home/minsu/disk_c/trash_dataset/085.생활_폐기물_이미지/01.데이터/1.Training/라벨링데이터/고철류/고철/12_X014_C323_0201/12_X014_C323_0201_2.Json,1,고철류,유리병류,박카스병
/home/minsu/disk_c/trash_dataset/085.생활_폐기물_이미지/01.데이터/1.Training/라벨링데이터/고철류/고철/12_X014_C323_0201/12_X014_C323_0201_3.Json,1,고철류,유리병류,박카스병
/home/minsu/disk_c/trash_dataset/085.생활_폐기물_이미지/01.데이터/1.Training/라벨링데이터/고철류/고철/12_X014_C323_0201/12_X014_C323_0201_4.Json,1,고철류,유리병류,박카스병
/home/minsu/disk_c/trash_dataset/085.생활_폐기물_이미지/01.데이터/1.Training/라벨링데이터/고철류/고철/12_X014_C014_0201/12_X014_C014_0201_4.Json,1,고철류,형광등,콤팩트형
/home/minsu/disk_c/trash_dataset/085.생활_폐기물_이미지/01.데이터/1.Training/라벨링데이터/고철류/고철/12_X014_C014_0201/12_X014_C014_0201_3.Json,1,고철류,형광등,콤팩트형
/home/minsu/disk_c/trash_dataset/085.생활_폐기물_이미지/01.데이터/1.Training/라벨링데이터/고철류/고철/12_X014_C014_0201/12_X014_C014_0201_0.Json,1,고철류,형광등,콤팩트형
/home/minsu/disk_c/trash_dataset/085.생활_폐기물_이미지/01.데이터/1.Training/라벨링데이터/고철류/고철/12_X014_C014_0201/12_X014_C014_0201_1.Json,1,고철류,형광등,콤팩트형
/home/minsu/disk_c/trash_dataset/085.생활_폐기물_이미지/01.데이터/1.Training/라벨링데이터/고철류/고철/12_X014_C014_0201/12_X014_C014_0201_2.Json,1,고철류,형광등,콤팩트형
/home/minsu/disk_c/trash_dataset/085.생활_폐기물_이미지/01.데이터/1.Training/라벨링데이터/고철류/고철/12_X014_C045_0208/12_X014_C045_0208_2.Json,1,고철류,종이류,음료수곽
/home/minsu/disk_c/trash_dataset/085.생활_폐기물_이미지/01.데이터/1.Training/라벨링데이터/고철류/고철/12_X014_C045_0208/12_X014_C045_0208_4.Json,1,고철류,종이류,음료수곽
/home/minsu/disk_c/trash_dataset/085.생활_폐기물_이미지/01.데이터/1.Training/라벨링데이터/고철류/고철/12_X014_C045_0208/12_X014_C045_0208_1.Json,1,고철류,종이류,음료수곽
/home/minsu/disk_c/trash_dataset/085.생활_폐기물_이미지/01.데이터/1.Training/라벨링데이터/고철류/고철/12_X014_C045_0208/12_X014_C045_0208_0.Json,1,고철류,종이류,음료수곽
/home/minsu/disk_c/trash_dataset/085.생활_폐기물_이미지/01.데이터/1.Training/라벨링데이터/고철류/고철/12_X014_C045_0208/12_X014_C045_0208_3.Json,1,고철류,종이류,음료수곽
/home/minsu/disk_c/trash_dataset/085.생활_폐기물_이미지/01.데이터/1.Training/라벨링데이터/고철류/고철/12_X006_C045_0207/12_X006_C045_0207_2.Json,1,고철류,페트병류,페트병
/home/minsu/disk_c/trash_dataset/085.생활_폐기물_이미지/01.데이터/1.Training/라벨링데이터/고철류/고철/12_X006_C045_0207/12_X006_C045_0207_4.Json,1,고철류,페트병류,페트병
/home/minsu/disk_c/trash_dataset/085.생활_폐기물_이미지/01.데이터/1.Training/라벨링데이터/고철류/고철/12_X006_C045_0207/12_X006_C045_0207_0.Json,1,고철류,페트병류,페트병
/home/minsu/disk_c/trash_dataset/085.생활_폐기물_이미지/01.데이터/1.Training/라벨링데이터/고철류/고철/12_X006_C045_0207/12_X006_C045_0207_1.Json,1,고철류,페트병류,페트병
/home/minsu/disk_c/trash_dataset/085.생활_폐기물_이미지/01.데이터/1.Training/라벨링데이터/고철류/고철/12_X006_C045_0207/12_X006_C045_0207_3.Json,1,고철류,페트병류,페트병
/home/minsu/disk_c/trash_dataset/085.생활_폐기물_이미지/01.데이터/1.Training/라벨링데이터/고철류/고철/12_X008_C015_0201/12_X008_C015_0201_3.Json,1,고철류,나무류,주걱
/home/minsu/disk_c/trash_dataset/085.생활_폐기물_이미지/01.데이터/1.Training/라벨링데이터/고철류/고철/12_X008_C015_0201/12_X008_C015_0201_2.Json,1,고철류,나무류,주걱
/home/minsu/disk_c/trash_dataset/085.생활_폐기물_이미지/01.데이터/1.Training/라벨링데이터/고철류/고철/12_X008_C015_0201/12_X008_C015_0201_0.Json,1,고철류,나무류,주걱
/home/minsu/disk_c/trash_dataset/085.생활_폐기물_이미지/01.데이터/1.Training/라벨링데이터/고철류/고철/12_X008_C015_0201/12_X008_C015_0201_1.Json,1,고철류,나무류,주걱
/home/minsu/disk_c/trash_dataset/085.생활_폐기물_이미지/01.데이터/1.Training/라벨링데이터/고철류/고철/12_X008_C015_0201/12_X008_C015_0201_4.Json,1,고철류,나무류,주걱
/home/minsu/disk_c/trash_dataset/085.생활_폐기물_이미지/01.데이터/1.Training/라벨링데이터/고철류/고철/12_X018_C014_0201/12_X018_C014_0201_2.Json,1,고철류,형광등,콤팩트형
/home/minsu/disk_c/trash_dataset/085.생활_폐기물_이미지/01.데이터/1.Training/라벨링데이터/고철류/고철/12_X018_C014_0201/12_X018_C014_0201_0.Json,1,고철류,형광등,콤팩트형
/home/minsu/disk_c/trash_dataset/085.생활_폐기물_이미지/01.데이터/1.Training/라벨링데이터/고철류/고철/12_X018_C014_0201/12_X018_C014_0201_3.Json,1,고철류,형광등,콤팩트형
/home/minsu/disk_c/trash_dataset/085.생활_폐기물_이미지/01.데이터/1.Training/라벨링데이터/고철류/고철/12_X018_C014_0201/12_X018_C014_0201_4.Json,1,고철류,형광등,콤팩트형
/home/minsu/disk_c/trash_dataset/085.생활_폐기물_이미지/01.데이터/1.Training/라벨링데이터/고철류/고철/12_X018_C014_0201/12_X018_C014_0201_1.Json,1,고철류,형광등,콤팩트형
/home/minsu/disk_c/trash_dataset/085.생활_폐기물_이미지/01.데이터/1.Training/라벨링데이터/고철류/고철/12_X032_C014_0201/12_X032_C014_0201_2.Json,1,고철류,유리병류,박카스병
/home/minsu/disk_c/trash_dataset/085.생활_폐기물_이미지/01.데이터/1.Training/라벨링데이터/고철류/고철/12_X032_C014_0201/12_X032_C014_0201_0.Json,1,고철류,유리병류,박카스병
/home/minsu/disk_c/trash_dataset/085.생활_폐기물_이미지/01.데이터/1.Training/라벨링데이터/고철류/고철/12_X032_C014_0201/12_X032_C014_0201_4.Json,1,고철류,유리병류,박카스병
/home/minsu/disk_c/trash_dataset/085.생활_폐기물_이미지/01.데이터/1.Training/라벨링데이터/고철류/고철/12_X032_C014_0201/12_X032_C014_0201_3.Json,1,고철류,유리병류,박카스병
/home/minsu/disk_c/trash_dataset/085.생활_폐기물_이미지/01.데이터/1.Training/라벨링데이터/고철류/고철/12_X032_C014_0201/12_X032_C014_0201_1.Json,1,고철류,유리병류,박카스병
/home/minsu/disk_c/trash_dataset/085.생활_폐기물_이미지/01.데이터/1.Training/라벨링데이터/고철류/고철/12_X024_C045_0206/12_X024_C045_0206_0.Json,1,고철류,플라스틱류,장남감
/home/minsu/disk_c/trash_dataset/085.생활_폐기물_이미지/01.데이터/1.Training/라벨링데이터/고철류/고철/12_X024_C045_0206/12_X024_C045_0206_1.Json,0,고철류,플라스틱류,장남감
/home/minsu/disk_c/trash_dataset/085.생활_폐기물_이미지/01.데이터/1.Training/라벨링데이터/고철류/고철/12_X024_C045_0206/12_X024_C045_0206_3.Json,0,고철류,플라스틱류,장남감
/home/minsu/disk_c/trash_dataset/085.생활_폐기물_이미지/01.데이터/1.Training/라벨링데이터/고철류/고철/12_X024_C045_0206/12_X024_C045_0206_4.Json,0,고철류,플라스틱류,장남감
/home/minsu/disk_c/trash_dataset/085.생활_폐기물_이미지/01.데이터/1.Training/라벨링데이터/고철류/고철/12_X024_C045_0206/12_X024_C045_0206_2.Json,0,고철류,플라스틱류,장남감
/home/minsu/disk_c/trash_dataset/085.생활_폐기물_이미지/01.데이터/1.Training/라벨링데이터/고철류/고철/12_X045_C508_0408/12_X045_C508_0408_3.Json,1,고철류,캔류,음료수캔
/home/minsu/disk_c/trash_dataset/085.생활_폐기물_이미지/01.데이터/1.Training/라벨링데이터/고철류/고철/12_X017_C172_0202/12_X017_C172_0202_1.Json,1,고철류,플라스틱류,밀폐용기
/home/minsu/disk_c/trash_dataset/085.생활_폐기물_이미지/01.데이터/1.Training/라벨링데이터/고철류/고철/12_X017_C172_0202/12_X017_C172_0202_2.Json,1,고철류,플라스틱류,밀폐용기
/home/minsu/disk_c/trash_dataset/085.생활_폐기물_이미지/01.데이터/1.Training/라벨링데이터/고철류/고철/12_X017_C172_0202/12_X017_C172_0202_0.Json,1,고철류,플라스틱류,밀폐용기
/home/minsu/disk_c/trash_dataset/085.생활_폐기물_이미지/01.데이터/1.Training/라벨링데이터/고철류/고철/12_X017_C172_0202/12_X017_C172_0202_3.Json,1,고철류,플라스틱류,밀폐용기
/home/minsu/disk_c/trash_dataset/085.생활_폐기물_이미지/01.데이터/1.Training/라벨링데이터/고철류/고철/12_X017_C172_0202/12_X017_C172_0202_4.Json,1,고철류,플라스틱류,밀폐용기
/home/minsu/disk_c/trash_dataset/085.생활_폐기물_이미지/01.데이터/1.Training/라벨링데이터/고철류/고철/12_X016_C172_0202/12_X016_C172_0202_1.Json,1,고철류,캔류,맥주캔
/home/minsu/disk_c/trash_dataset/085.생활_폐기물_이미지/01.데이터/1.Training/라벨링데이터/고철류/고철/12_X016_C172_0202/12_X016_C172_0202_4.Json,1,고철류,캔류,맥주캔
/home/minsu/disk_c/trash_dataset/085.생활_폐기물_이미지/01.데이터/1.Training/라벨링데이터/고철류/고철/12_X016_C172_0202/12_X016_C172_0202_0.Json,1,고철류,캔류,맥주캔
/home/minsu/disk_c/trash_dataset/085.생활_폐기물_이미지/01.데이터/1.Training/라벨링데이터/고철류/고철/12_X016_C172_0202/12_X016_C172_0202_2.Json,1,고철류,캔류,맥주캔
/home/minsu/disk_c/trash_dataset/085.생활_폐기물_이미지/01.데이터/1.Training/라벨링데이터/고철류/고철/12_X016_C172_0202/12_X016_C172_0202_3.Json,1,고철류,캔류,맥주캔
/home/minsu/disk_c/trash_dataset/085.생활_폐기물_이미지/01.데이터/1.Training/라벨링데이터/고철류/고철/12_X022_C014_0201/12_X022_C014_0201_2.Json,1,고철류,도기류,컵
/home/minsu/disk_c/trash_dataset/085.생활_폐기물_이미지/01.데이터/1.Training/라벨링데이터/고철류/고철/12_X022_C014_0201/12_X022_C014_0201_3.Json,1,고철류,도기류,컵
/home/minsu/disk_c/trash_dataset/085.생활_폐기물_이미지/01.데이터/1.Training/라벨링데이터/고철류/고철/12_X022_C014_0201/12_X022_C014_0201_1.Json,1,고철류,도기류,컵
/home/minsu/disk_c/trash_dataset/085.생활_폐기물_이미지/01.데이터/1.Training/라벨링데이터/고철류/고철/12_X022_C014_0201/12_X022_C014_0201_4.Json,1,고철류,도기류,컵
/home/minsu/disk_c/trash_dataset/085.생활_폐기물_이미지/01.데이터/1.Training/라벨링데이터/고철류/고철/12_X022_C014_0201/12_X022_C014_0201_0.Json,1,고철류,도기류,컵
/home/minsu/disk_c/trash_dataset/085.생활_폐기물_이미지/01.데이터/1.Training/라벨링데이터/고철류/고철/12_X004_C172_0207/12_X004_C172_0207_1.Json,1,고철류,캔류,음료수캔
/home/minsu/disk_c/trash_dataset/085.생활_폐기물_이미지/01.데이터/1.Training/라벨링데이터/고철류/고철/12_X004_C172_0207/12_X004_C172_0207_3.Json,1,고철류,캔류,음료수캔
/home/minsu/disk_c/trash_dataset/085.생활_폐기물_이미지/01.데이터/1.Training/라벨링데이터/고철류/고철/12_X004_C172_0207/12_X004_C172_0207_2.Json,1,고철류,캔류,음료수캔
/home/minsu/disk_c/trash_dataset/085.생활_폐기물_이미지/01.데이터/1.Training/라벨링데이터/고철류/고철/12_X004_C172_0207/12_X004_C172_0207_4.Json,1,고철류,캔류,음료수캔
/home/minsu/disk_c/trash_dataset/085.생활_폐기물_이미지/01.데이터/1.Training/라벨링데이터/고철류/고철/12_X004_C172_0207/12_X004_C172_0207_0.Json,1,고철류,캔류,음료수캔
/home/minsu/disk_c/trash_dataset/085.생활_폐기물_이미지/01.데이터/1.Training/라벨링데이터/고철류/고철/12_X025_C045_0202/12_X025_C045_0202_1.Json,2,고철류,전자제품,전기밥솥
/home/minsu/disk_c/trash_dataset/085.생활_폐기물_이미지/01.데이터/1.Training/라벨링데이터/고철류/고철/12_X025_C045_0202/12_X025_C045_0202_1.Json,3,고철류,전자제품,청소기
/home/minsu/disk_c/trash_dataset/085.생활_폐기물_이미지/01.데이터/1.Training/라벨링데이터/고철류/고철/12_X015_C014_0201/12_X015_C014_0201_3.Json,1,고철류,유리병류,박카스병
/home/minsu/disk_c/trash_dataset/085.생활_폐기물_이미지/01.데이터/1.Training/라벨링데이터/고철류/고철/12_X015_C014_0201/12_X015_C014_0201_1.Json,1,고철류,유리병류,박카스병
/home/minsu/disk_c/trash_dataset/085.생활_폐기물_이미지/01.데이터/1.Training/라벨링데이터/고철류/고철/12_X015_C014_0201/12_X015_C014_0201_2.Json,1,고철류,유리병류,박카스병
/home/minsu/disk_c/trash_dataset/085.생활_폐기물_이미지/01.데이터/1.Training/라벨링데이터/고철류/고철/12_X015_C014_0201/12_X015_C014_0201_4.Json,1,고철류,유리병류,박카스병
/home/minsu/disk_c/trash_dataset/085.생활_폐기물_이미지/01.데이터/1.Training/라벨링데이터/고철류/고철/12_X015_C014_0201/12_X015_C014_0201_0.Json,1,고철류,유리병류,박카스병
/home/minsu/disk_c/trash_dataset/085.생활_폐기물_이미지/01.데이터/1.Training/라벨링데이터/고철류/고철/12_X004_C058_0202/12_X004_C058_0202_4.Json,0,고철류,나무류,액자
/home/minsu/disk_c/trash_dataset/085.생활_폐기물_이미지/01.데이터/1.Training/라벨링데이터/고철류/고철/12_X004_C058_0202/12_X004_C058_0202_2.Json,0,고철류,나무류,액자
/home/minsu/disk_c/trash_dataset/085.생활_폐기물_이미지/01.데이터/1.Training/라벨링데이터/고철류/고철/12_X004_C058_0202/12_X004_C058_0202_1.Json,0,고철류,나무류,액자
/home/minsu/disk_c/trash_dataset/085.생활_폐기물_이미지/01.데이터/1.Training/라벨링데이터/고철류/고철/12_X004_C058_0202/12_X004_C058_0202_0.Json,1,고철류,나무류,액자
/home/minsu/disk_c/trash_dataset/085.생활_폐기물_이미지/01.데이터/1.Training/라벨링데이터/고철류/고철/12_X004_C058_0202/12_X004_C058_0202_3.Json,0,고철류,나무류,액자
/home/minsu/disk_c/trash_dataset/085.생활_폐기물_이미지/01.데이터/1.Training/라벨링데이터/고철류/고철/12_X008_C323_0201/12_X008_C323_0201_3.Json,1,고철류,플라스틱류,욕실용품
/home/minsu/disk_c/trash_dataset/085.생활_폐기물_이미지/01.데이터/1.Training/라벨링데이터/고철류/고철/12_X008_C323_0201/12_X008_C323_0201_4.Json,1,고철류,플라스틱류,욕실용품
/home/minsu/disk_c/trash_dataset/085.생활_폐기물_이미지/01.데이터/1.Training/라벨링데이터/고철류/고철/12_X008_C323_0201/12_X008_C323_0201_1.Json,1,고철류,플라스틱류,욕실용품
/home/minsu/disk_c/trash_dataset/085.생활_폐기물_이미지/01.데이터/1.Training/라벨링데이터/고철류/고철/12_X008_C323_0201/12_X008_C323_0201_2.Json,1,고철류,플라스틱류,욕실용품
/home/minsu/disk_c/trash_dataset/085.생활_폐기물_이미지/01.데이터/1.Training/라벨링데이터/고철류/고철/12_X008_C323_0201/12_X008_C323_0201_0.Json,1,고철류,플라스틱류,욕실용품
/home/minsu/disk_c/trash_dataset/085.생활_폐기물_이미지/01.데이터/1.Training/라벨링데이터/고철류/고철/12_X013_C045_0204/12_X013_C045_0204_3.Json,0,고철류,플라스틱류,밀폐용기
/home/minsu/disk_c/trash_dataset/085.생활_폐기물_이미지/01.데이터/1.Training/라벨링데이터/고철류/고철/12_X013_C045_0204/12_X013_C045_0204_2.Json,1,고철류,플라스틱류,밀폐용기
/home/minsu/disk_c/trash_dataset/085.생활_폐기물_이미지/01.데이터/1.Training/라벨링데이터/고철류/고철/12_X013_C045_0204/12_X013_C045_0204_0.Json,1,고철류,플라스틱류,밀폐용기
/home/minsu/disk_c/trash_dataset/085.생활_폐기물_이미지/01.데이터/1.Training/라벨링데이터/고철류/고철/12_X013_C045_0204/12_X013_C045_0204_4.Json,0,고철류,플라스틱류,밀폐용기
/home/minsu/disk_c/trash_dataset/085.생활_폐기물_이미지/01.데이터/1.Training/라벨링데이터/고철류/고철/12_X026_C014_0201/12_X026_C014_0201_1.Json,1,고철류,형광등,콤팩트형
/home/minsu/disk_c/trash_dataset/085.생활_폐기물_이미지/01.데이터/1.Training/라벨링데이터/고철류/고철/12_X026_C014_0201/12_X026_C014_0201_2.Json,1,고철류,형광등,콤팩트형
/home/minsu/disk_c/trash_dataset/085.생활_폐기물_이미지/01.데이터/1.Training/라벨링데이터/고철류/고철/12_X026_C014_0201/12_X026_C014_0201_4.Json,1,고철류,형광등,콤팩트형
/home/minsu/disk_c/trash_dataset/085.생활_폐기물_이미지/01.데이터/1.Training/라벨링데이터/고철류/고철/12_X026_C014_0201/12_X026_C014_0201_0.Json,1,고철류,형광등,콤팩트형
/home/minsu/disk_c/trash_dataset/085.생활_폐기물_이미지/01.데이터/1.Training/라벨링데이터/고철류/고철/12_X026_C014_0201/12_X026_C014_0201_3.Json,1,고철류,형광등,콤팩트형
/home/minsu/disk_c/trash_dataset/085.생활_폐기물_이미지/01.데이터/1.Training/라벨링데이터/고철류/고철/12_X009_C323_0201/12_X009_C323_0201_1.Json,1,고철류,플라스틱류,욕실용품
/home/minsu/disk_c/trash_dataset/085.생활_폐기물_이미지/01.데이터/1.Training/라벨링데이터/고철류/고철/12_X009_C323_0201/12_X009_C323_0201_0.Json,1,고철류,플라스틱류,욕실용품
/home/minsu/disk_c/trash_dataset/085.생활_폐기물_이미지/01.데이터/1.Training/라벨링데이터/고철류/고철/12_X009_C323_0201/12_X009_C323_0201_2.Json,1,고철류,플라스틱류,욕실용품
/home/minsu/disk_c/trash_dataset/085.생활_폐기물_이미지/01.데이터/1.Training/라벨링데이터/고철류/고철/12_X009_C323_0201/12_X009_C323_0201_3.Json,1,고철류,플라스틱류,욕실용품
/home/minsu/disk_c/trash_dataset/085.생활_폐기물_이미지/01.데이터/1.Training/라벨링데이터/고철류/고철/12_X009_C323_0201/12_X009_C323_0201_4.Json,1,고철류,플라스틱류,욕실용품
/home/minsu/disk_c/trash_dataset/085.생활_폐기물_이미지/01.데이터/1.Training/라벨링데이터/고철류/고철/12_X020_C323_0201/12_X020_C323_0201_4.Json,1,고철류,플라스틱류,밀폐용기
/home/minsu/disk_c/trash_dataset/085.생활_폐기물_이미지/01.데이터/1.Training/라벨링데이터/고철류/고철/12_X020_C323_0201/12_X020_C323_0201_1.Json,1,고철류,플라스틱류,밀폐용기
/home/minsu/disk_c/trash_dataset/085.생활_폐기물_이미지/01.데이터/1.Training/라벨링데이터/고철류/고철/12_X020_C323_0201/12_X020_C323_0201_2.Json,1,고철류,플라스틱류,밀폐용기
/home/minsu/disk_c/trash_dataset/085.생활_폐기물_이미지/01.데이터/1.Training/라벨링데이터/고철류/고철/12_X020_C323_0201/12_X020_C323_0201_3.Json,1,고철류,플라스틱류,밀폐용기
/home/minsu/disk_c/trash_dataset/085.생활_폐기물_이미지/01.데이터/1.Training/라벨링데이터/고철류/고철/12_X020_C323_0201/12_X020_C323_0201_0.Json,1,고철류,플라스틱류,밀폐용기
/home/minsu/disk_c/trash_dataset/085.생활_폐기물_이미지/01.데이터/1.Training/라벨링데이터/고철류/고철/12_X012_C323_0202/12_X012_C323_0202_4.Json,1,고철류,캔류,음료수캔
/home/minsu/disk_c/trash_dataset/085.생활_폐기물_이미지/01.데이터/1.Training/라벨링데이터/고철류/고철/12_X012_C323_0202/12_X012_C323_0202_3.Json,1,고철류,캔류,음료수캔
/home/minsu/disk_c/trash_dataset/085.생활_폐기물_이미지/01.데이터/1.Training/라벨링데이터/고철류/고철/12_X012_C323_0202/12_X012_C323_0202_2.Json,1,고철류,캔류,음료수캔
/home/minsu/disk_c/trash_dataset/085.생활_폐기물_이미지/01.데이터/1.Training/라벨링데이터/고철류/고철/12_X012_C323_0202/12_X012_C323_0202_0.Json,1,고철류,캔류,음료수캔
/home/minsu/disk_c/trash_dataset/085.생활_폐기물_이미지/01.데이터/1.Training/라벨링데이터/고철류/고철/12_X012_C323_0202/12_X012_C323_0202_1.Json,1,고철류,캔류,음료수캔
/home/minsu/disk_c/trash_dataset/085.생활_폐기물_이미지/01.데이터/1.Training/라벨링데이터/고철류/고철/12_X050_C058_0201/12_X050_C058_0201_3.Json,1,고철류,나무류,주방용품
/home/minsu/disk_c/trash_dataset/085.생활_폐기물_이미지/01.데이터/1.Training/라벨링데이터/고철류/고철/12_X050_C058_0201/12_X050_C058_0201_1.Json,1,고철류,나무류,주방용품
/home/minsu/disk_c/trash_dataset/085.생활_폐기물_이미지/01.데이터/1.Training/라벨링데이터/고철류/고철/12_X050_C058_0201/12_X050_C058_0201_0.Json,1,고철류,나무류,주방용품
/home/minsu/disk_c/trash_dataset/085.생활_폐기물_이미지/01.데이터/1.Training/라벨링데이터/고철류/고철/12_X050_C058_0201/12_X050_C058_0201_2.Json,1,고철류,나무류,주방용품
/home/minsu/disk_c/trash_dataset/085.생활_폐기물_이미지/01.데이터/1.Training/라벨링데이터/고철류/고철/12_X050_C058_0201/12_X050_C058_0201_4.Json,1,고철류,나무류,주방용품
/home/minsu/disk_c/trash_dataset/085.생활_폐기물_이미지/01.데이터/1.Training/라벨링데이터/고철류/고철/12_X003_C014_0209/12_X003_C014_0209_3.Json,1,고철류,페트병류,페트병
/home/minsu/disk_c/trash_dataset/085.생활_폐기물_이미지/01.데이터/1.Training/라벨링데이터/고철류/고철/12_X003_C014_0209/12_X003_C014_0209_4.Json,0,고철류,페트병류,페트병
/home/minsu/disk_c/trash_dataset/085.생활_폐기물_이미지/01.데이터/1.Training/라벨링데이터/고철류/고철/12_X003_C014_0209/12_X003_C014_0209_1.Json,1,고철류,페트병류,페트병
/home/minsu/disk_c/trash_dataset/085.생활_폐기물_이미지/01.데이터/1.Training/라벨링데이터/고철류/고철/12_X003_C014_0209/12_X003_C014_0209_0.Json,1,고철류,페트병류,페트병
/home/minsu/disk_c/trash_dataset/085.생활_폐기물_이미지/01.데이터/1.Training/라벨링데이터/고철류/고철/12_X003_C014_0209/12_X003_C014_0209_2.Json,1,고철류,페트병류,페트병
/home/minsu/disk_c/trash_dataset/085.생활_폐기물_이미지/01.데이터/1.Training/라벨링데이터/고철류/고철/12_X026_C045_0207/12_X026_C045_0207_2.Json,1,고철류,종이류,포장상자
/home/minsu/disk_c/trash_dataset/085.생활_폐기물_이미지/01.데이터/1.Training/라벨링데이터/고철류/고철/12_X026_C045_0207/12_X026_C045_0207_0.Json,1,고철류,종이류,포장상자
/home/minsu/disk_c/trash_dataset/085.생활_폐기물_이미지/01.데이터/1.Training/라벨링데이터/고철류/고철/12_X026_C045_0207/12_X026_C045_0207_3.Json,1,고철류,종이류,포장상자
/home/minsu/disk_c/trash_dataset/085.생활_폐기물_이미지/01.데이터/1.Training/라벨링데이터/고철류/고철/12_X026_C045_0207/12_X026_C045_0207_1.Json,1,고철류,종이류,포장상자
/home/minsu/disk_c/trash_dataset/085.생활_폐기물_이미지/01.데이터/1.Training/라벨링데이터/고철류/고철/12_X026_C045_0207/12_X026_C045_0207_4.Json,0,고철류,종이류,포장상자
/home/minsu/disk_c/trash_dataset/085.생활_폐기물_이미지/01.데이터/1.Training/라벨링데이터/고철류/고철/12_X030_C045_0201/12_X030_C045_0201_4.Json,1,고철류,종이류,포장상자
/home/minsu/disk_c/trash_dataset/085.생활_폐기물_이미지/01.데이터/1.Training/라벨링데이터/고철류/고철/12_X030_C045_0201/12_X030_C045_0201_0.Json,1,고철류,종이류,포장상자
/home/minsu/disk_c/trash_dataset/085.생활_폐기물_이미지/01.데이터/1.Training/라벨링데이터/고철류/고철/12_X030_C045_0201/12_X030_C045_0201_2.Json,1,고철류,종이류,포장상자
/home/minsu/disk_c/trash_dataset/085.생활_폐기물_이미지/01.데이터/1.Training/라벨링데이터/고철류/고철/12_X030_C045_0201/12_X030_C045_0201_3.Json,1,고철류,종이류,포장상자
/home/minsu/disk_c/trash_dataset/085.생활_폐기물_이미지/01.데이터/1.Training/라벨링데이터/고철류/고철/12_X030_C045_0201/12_X030_C045_0201_1.Json,1,고철류,종이류,포장상자
/home/minsu/disk_c/trash_dataset/085.생활_폐기물_이미지/01.데이터/1.Training/라벨링데이터/고철류/고철/12_X039_C045_0206/12_X039_C045_0206_0.Json,1,고철류,페트병류,페트병
/home/minsu/disk_c/trash_dataset/085.생활_폐기물_이미지/01.데이터/1.Training/라벨링데이터/고철류/고철/12_X039_C045_0206/12_X039_C045_0206_1.Json,1,고철류,페트병류,페트병
/home/minsu/disk_c/trash_dataset/085.생활_폐기물_이미지/01.데이터/1.Training/라벨링데이터/고철류/고철/12_X039_C045_0206/12_X039_C045_0206_3.Json,1,고철류,페트병류,페트병
/home/minsu/disk_c/trash_dataset/085.생활_폐기물_이미지/01.데이터/1.Training/라벨링데이터/고철류/고철/12_X039_C045_0206/12_X039_C045_0206_2.Json,1,고철류,페트병류,페트병
/home/minsu/disk_c/trash_dataset/085.생활_폐기물_이미지/01.데이터/1.Training/라벨링데이터/고철류/고철/12_X039_C045_0206/12_X039_C045_0206_4.Json,1,고철류,페트병류,페트병
/home/minsu/disk_c/trash_dataset/085.생활_폐기물_이미지/01.데이터/1.Training/라벨링데이터/고철류/고철/12_X002_C014_0209/12_X002_C014_0209_3.Json,1,고철류,페트병류,페트병
/home/minsu/disk_c/trash_dataset/085.생활_폐기물_이미지/01.데이터/1.Training/라벨링데이터/고철류/고철/12_X002_C014_0209/12_X002_C014_0209_0.Json,1,고철류,페트병류,페트병
/home/minsu/disk_c/trash_dataset/085.생활_폐기물_이미지/01.데이터/1.Training/라벨링데이터/고철류/고철/12_X002_C014_0209/12_X002_C014_0209_1.Json,1,고철류,페트병류,페트병
/home/minsu/disk_c/trash_dataset/085.생활_폐기물_이미지/01.데이터/1.Training/라벨링데이터/고철류/고철/12_X002_C014_0209/12_X002_C014_0209_2.Json,1,고철류,페트병류,페트병
/home/minsu/disk_c/trash_dataset/085.생활_폐기물_이미지/01.데이터/1.Training/라벨링데이터/고철류/고철/12_X002_C014_0209/12_X002_C014_0209_4.Json,1,고철류,페트병류,페트병
/home/minsu/disk_c/trash_dataset/085.생활_폐기물_이미지/01.데이터/1.Training/라벨링데이터/고철류/고철/12_X011_C323_0201/12_X011_C323_0201_0.Json,1,고철류,유리병류,주방용기
/home/minsu/disk_c/trash_dataset/085.생활_폐기물_이미지/01.데이터/1.Training/라벨링데이터/고철류/고철/12_X011_C323_0201/12_X011_C323_0201_4.Json,1,고철류,유리병류,주방용기
/home/minsu/disk_c/trash_dataset/085.생활_폐기물_이미지/01.데이터/1.Training/라벨링데이터/고철류/고철/12_X011_C323_0201/12_X011_C323_0201_2.Json,1,고철류,유리병류,주방용기
/home/minsu/disk_c/trash_dataset/085.생활_폐기물_이미지/01.데이터/1.Training/라벨링데이터/고철류/고철/12_X011_C323_0201/12_X011_C323_0201_3.Json,1,고철류,유리병류,주방용기
/home/minsu/disk_c/trash_dataset/085.생활_폐기물_이미지/01.데이터/1.Training/라벨링데이터/고철류/고철/12_X011_C323_0201/12_X011_C323_0201_1.Json,1,고철류,유리병류,주방용기
/home/minsu/disk_c/trash_dataset/085.생활_폐기물_이미지/01.데이터/1.Training/라벨링데이터/고철류/고철/12_X027_C323_0201/12_X027_C323_0201_2.Json,1,고철류,유리병류,기타술병
/home/minsu/disk_c/trash_dataset/085.생활_폐기물_이미지/01.데이터/1.Training/라벨링데이터/고철류/고철/12_X027_C323_0201/12_X027_C323_0201_0.Json,1,고철류,유리병류,기타술병
/home/minsu/disk_c/trash_dataset/085.생활_폐기물_이미지/01.데이터/1.Training/라벨링데이터/고철류/고철/12_X027_C323_0201/12_X027_C323_0201_3.Json,1,고철류,유리병류,기타술병
/home/minsu/disk_c/trash_dataset/085.생활_폐기물_이미지/01.데이터/1.Training/라벨링데이터/고철류/고철/12_X027_C323_0201/12_X027_C323_0201_4.Json,1,고철류,유리병류,기타술병
/home/minsu/disk_c/trash_dataset/085.생활_폐기물_이미지/01.데이터/1.Training/라벨링데이터/고철류/고철/12_X027_C323_0201/12_X027_C323_0201_1.Json,1,고철류,유리병류,기타술병
/home/minsu/disk_c/trash_dataset/085.생활_폐기물_이미지/01.데이터/1.Training/라벨링데이터/고철류/고철/12_X001_C175_1204/12_X001_C175_1204_2.Json,1,고철류,플라스틱류,바구니
/home/minsu/disk_c/trash_dataset/085.생활_폐기물_이미지/01.데이터/1.Training/라벨링데이터/고철류/고철/12_X001_C175_1204/12_X001_C175_1204_1.Json,1,고철류,플라스틱류,바구니
/home/minsu/disk_c/trash_dataset/085.생활_폐기물_이미지/01.데이터/1.Training/라벨링데이터/고철류/고철/12_X001_C175_1204/12_X001_C175_1204_0.Json,1,고철류,플라스틱류,바구니
/home/minsu/disk_c/trash_dataset/085.생활_폐기물_이미지/01.데이터/1.Training/라벨링데이터/고철류/고철/12_X001_C175_1204/12_X001_C175_1204_3.Json,0,고철류,플라스틱류,바구니
/home/minsu/disk_c/trash_dataset/085.생활_폐기물_이미지/01.데이터/1.Training/라벨링데이터/고철류/고철/12_X001_C175_1204/12_X001_C175_1204_4.Json,0,고철류,플라스틱류,바구니
/home/minsu/disk_c/trash_dataset/085.생활_폐기물_이미지/01.데이터/1.Training/라벨링데이터/고철류/고철/12_X006_C323_0202/12_X006_C323_0202_0.Json,1,고철류,캔류,맥주캔
/home/minsu/disk_c/trash_dataset/085.생활_폐기물_이미지/01.데이터/1.Training/라벨링데이터/고철류/고철/12_X006_C323_0202/12_X006_C323_0202_3.Json,1,고철류,캔류,맥주캔
/home/minsu/disk_c/trash_dataset/085.생활_폐기물_이미지/01.데이터/1.Training/라벨링데이터/고철류/고철/12_X006_C323_0202/12_X006_C323_0202_1.Json,1,고철류,캔류,맥주캔
/home/minsu/disk_c/trash_dataset/085.생활_폐기물_이미지/01.데이터/1.Training/라벨링데이터/고철류/고철/12_X006_C323_0202/12_X006_C323_0202_4.Json,1,고철류,캔류,맥주캔
/home/minsu/disk_c/trash_dataset/085.생활_폐기물_이미지/01.데이터/1.Training/라벨링데이터/고철류/고철/12_X006_C323_0202/12_X006_C323_0202_2.Json,1,고철류,캔류,맥주캔
/home/minsu/disk_c/trash_dataset/085.생활_폐기물_이미지/01.데이터/1.Training/라벨링데이터/고철류/고철/12_X036_C045_0207/12_X036_C045_0207_4.Json,1,고철류,종이류,음료수곽
/home/minsu/disk_c/trash_dataset/085.생활_폐기물_이미지/01.데이터/1.Training/라벨링데이터/고철류/고철/12_X036_C045_0207/12_X036_C045_0207_3.Json,1,고철류,종이류,음료수곽
/home/minsu/disk_c/trash_dataset/085.생활_폐기물_이미지/01.데이터/1.Training/라벨링데이터/고철류/고철/12_X036_C045_0207/12_X036_C045_0207_0.Json,1,고철류,종이류,음료수곽
/home/minsu/disk_c/trash_dataset/085.생활_폐기물_이미지/01.데이터/1.Training/라벨링데이터/고철류/고철/12_X036_C045_0207/12_X036_C045_0207_2.Json,1,고철류,종이류,음료수곽
/home/minsu/disk_c/trash_dataset/085.생활_폐기물_이미지/01.데이터/1.Training/라벨링데이터/고철류/고철/12_X036_C045_0207/12_X036_C045_0207_1.Json,1,고철류,종이류,음료수곽
/home/minsu/disk_c/trash_dataset/085.생활_폐기물_이미지/01.데이터/1.Training/라벨링데이터/고철류/고철/12_X015_C323_0201/12_X015_C323_0201_2.Json,1,고철류,유리병류,박카스병
/home/minsu/disk_c/trash_dataset/085.생활_폐기물_이미지/01.데이터/1.Training/라벨링데이터/고철류/고철/12_X015_C323_0201/12_X015_C323_0201_3.Json,1,고철류,유리병류,박카스병
/home/minsu/disk_c/trash_dataset/085.생활_폐기물_이미지/01.데이터/1.Training/라벨링데이터/고철류/고철/12_X015_C323_0201/12_X015_C323_0201_4.Json,1,고철류,유리병류,박카스병
/home/minsu/disk_c/trash_dataset/085.생활_폐기물_이미지/01.데이터/1.Training/라벨링데이터/고철류/고철/12_X015_C323_0201/12_X015_C323_0201_1.Json,1,고철류,유리병류,박카스병
/home/minsu/disk_c/trash_dataset/085.생활_폐기물_이미지/01.데이터/1.Training/라벨링데이터/고철류/고철/12_X015_C323_0201/12_X015_C323_0201_0.Json,1,고철류,유리병류,박카스병
/home/minsu/disk_c/trash_dataset/085.생활_폐기물_이미지/01.데이터/1.Training/라벨링데이터/고철류/고철/12_X026_C323_0201/12_X026_C323_0201_0.Json,1,고철류,유리병류,기타술병
/home/minsu/disk_c/trash_dataset/085.생활_폐기물_이미지/01.데이터/1.Training/라벨링데이터/고철류/고철/12_X026_C323_0201/12_X026_C323_0201_4.Json,1,고철류,유리병류,기타술병
/home/minsu/disk_c/trash_dataset/085.생활_폐기물_이미지/01.데이터/1.Training/라벨링데이터/고철류/고철/12_X026_C323_0201/12_X026_C323_0201_3.Json,1,고철류,유리병류,기타술병
/home/minsu/disk_c/trash_dataset/085.생활_폐기물_이미지/01.데이터/1.Training/라벨링데이터/고철류/고철/12_X026_C323_0201/12_X026_C323_0201_1.Json,1,고철류,유리병류,기타술병
/home/minsu/disk_c/trash_dataset/085.생활_폐기물_이미지/01.데이터/1.Training/라벨링데이터/고철류/고철/12_X026_C323_0201/12_X026_C323_0201_2.Json,1,고철류,유리병류,기타술병
/home/minsu/disk_c/trash_dataset/085.생활_폐기물_이미지/01.데이터/1.Training/라벨링데이터/고철류/고철/12_X033_C045_0206/12_X033_C045_0206_2.Json,1,고철류,페트병류,페트병
/home/minsu/disk_c/trash_dataset/085.생활_폐기물_이미지/01.데이터/1.Training/라벨링데이터/고철류/고철/12_X033_C045_0206/12_X033_C045_0206_1.Json,1,고철류,페트병류,페트병
/home/minsu/disk_c/trash_dataset/085.생활_폐기물_이미지/01.데이터/1.Training/라벨링데이터/고철류/고철/12_X033_C045_0206/12_X033_C045_0206_4.Json,1,고철류,페트병류,페트병
/home/minsu/disk_c/trash_dataset/085.생활_폐기물_이미지/01.데이터/1.Training/라벨링데이터/고철류/고철/12_X033_C045_0206/12_X033_C045_0206_0.Json,1,고철류,페트병류,페트병
/home/minsu/disk_c/trash_dataset/085.생활_폐기물_이미지/01.데이터/1.Training/라벨링데이터/고철류/고철/12_X033_C045_0206/12_X033_C045_0206_3.Json,1,고철류,페트병류,페트병
/home/minsu/disk_c/trash_dataset/085.생활_폐기물_이미지/01.데이터/1.Training/라벨링데이터/고철류/고철/12_X015_C045_0208/12_X015_C045_0208_0.Json,1,고철류,종이류,음료수곽
/home/minsu/disk_c/trash_dataset/085.생활_폐기물_이미지/01.데이터/1.Training/라벨링데이터/고철류/고철/12_X015_C045_0208/12_X015_C045_0208_1.Json,1,고철류,종이류,음료수곽
/home/minsu/disk_c/trash_dataset/085.생활_폐기물_이미지/01.데이터/1.Training/라벨링데이터/고철류/고철/12_X015_C045_0208/12_X015_C045_0208_2.Json,1,고철류,종이류,음료수곽
/home/minsu/disk_c/trash_dataset/085.생활_폐기물_이미지/01.데이터/1.Training/라벨링데이터/고철류/고철/12_X015_C045_0208/12_X015_C045_0208_3.Json,1,고철류,종이류,음료수곽
/home/minsu/disk_c/trash_dataset/085.생활_폐기물_이미지/01.데이터/1.Training/라벨링데이터/고철류/고철/12_X015_C045_0208/12_X015_C045_0208_4.Json,1,고철류,종이류,음료수곽
/home/minsu/disk_c/trash_dataset/085.생활_폐기물_이미지/01.데이터/1.Training/라벨링데이터/고철류/고철/12_X018_C323_0201/12_X018_C323_0201_0.Json,1,고철류,유리병류,박카스병
/home/minsu/disk_c/trash_dataset/085.생활_폐기물_이미지/01.데이터/1.Training/라벨링데이터/고철류/고철/12_X018_C323_0201/12_X018_C323_0201_3.Json,1,고철류,유리병류,박카스병
/home/minsu/disk_c/trash_dataset/085.생활_폐기물_이미지/01.데이터/1.Training/라벨링데이터/고철류/고철/12_X018_C323_0201/12_X018_C323_0201_2.Json,1,고철류,유리병류,박카스병
/home/minsu/disk_c/trash_dataset/085.생활_폐기물_이미지/01.데이터/1.Training/라벨링데이터/고철류/고철/12_X018_C323_0201/12_X018_C323_0201_4.Json,1,고철류,유리병류,박카스병
/home/minsu/disk_c/trash_dataset/085.생활_폐기물_이미지/01.데이터/1.Training/라벨링데이터/고철류/고철/12_X018_C323_0201/12_X018_C323_0201_1.Json,1,고철류,유리병류,박카스병
/home/minsu/disk_c/trash_dataset/085.생활_폐기물_이미지/01.데이터/1.Training/라벨링데이터/고철류/고철/12_X006_C323_0201/12_X006_C323_0201_0.Json,1,고철류,플라스틱류,밀폐용기
/home/minsu/disk_c/trash_dataset/085.생활_폐기물_이미지/01.데이터/1.Training/라벨링데이터/고철류/고철/12_X006_C323_0201/12_X006_C323_0201_2.Json,1,고철류,플라스틱류,밀폐용기
/home/minsu/disk_c/trash_dataset/085.생활_폐기물_이미지/01.데이터/1.Training/라벨링데이터/고철류/고철/12_X006_C323_0201/12_X006_C323_0201_1.Json,1,고철류,플라스틱류,밀폐용기
/home/minsu/disk_c/trash_dataset/085.생활_폐기물_이미지/01.데이터/1.Training/라벨링데이터/고철류/고철/12_X006_C323_0201/12_X006_C323_0201_3.Json,1,고철류,플라스틱류,밀폐용기
/home/minsu/disk_c/trash_dataset/085.생활_폐기물_이미지/01.데이터/1.Training/라벨링데이터/고철류/고철/12_X006_C323_0201/12_X006_C323_0201_4.Json,1,고철류,플라스틱류,밀폐용기
/home/minsu/disk_c/trash_dataset/085.생활_폐기물_이미지/01.데이터/1.Training/라벨링데이터/고철류/고철/12_X038_C014_0201/12_X038_C014_0201_4.Json,1,고철류,형광등,콤팩트형
/home/minsu/disk_c/trash_dataset/085.생활_폐기물_이미지/01.데이터/1.Training/라벨링데이터/고철류/고철/12_X038_C014_0201/12_X038_C014_0201_2.Json,1,고철류,형광등,콤팩트형
/home/minsu/disk_c/trash_dataset/085.생활_폐기물_이미지/01.데이터/1.Training/라벨링데이터/고철류/고철/12_X038_C014_0201/12_X038_C014_0201_0.Json,1,고철류,형광등,콤팩트형
/home/minsu/disk_c/trash_dataset/085.생활_폐기물_이미지/01.데이터/1.Training/라벨링데이터/고철류/고철/12_X038_C014_0201/12_X038_C014_0201_3.Json,1,고철류,형광등,콤팩트형
/home/minsu/disk_c/trash_dataset/085.생활_폐기물_이미지/01.데이터/1.Training/라벨링데이터/고철류/고철/12_X038_C014_0201/12_X038_C014_0201_1.Json,1,고철류,형광등,콤팩트형
/home/minsu/disk_c/trash_dataset/085.생활_폐기물_이미지/01.데이터/1.Training/라벨링데이터/고철류/고철/12_X012_C015_0201/12_X012_C015_0201_4.Json,1,고철류,나무류,주걱
/home/minsu/disk_c/trash_dataset/085.생활_폐기물_이미지/01.데이터/1.Training/라벨링데이터/고철류/고철/12_X012_C015_0201/12_X012_C015_0201_0.Json,1,고철류,나무류,주걱
/home/minsu/disk_c/trash_dataset/085.생활_폐기물_이미지/01.데이터/1.Training/라벨링데이터/고철류/고철/12_X012_C015_0201/12_X012_C015_0201_2.Json,1,고철류,나무류,주걱
/home/minsu/disk_c/trash_dataset/085.생활_폐기물_이미지/01.데이터/1.Training/라벨링데이터/고철류/고철/12_X012_C015_0201/12_X012_C015_0201_1.Json,1,고철류,나무류,주걱
/home/minsu/disk_c/trash_dataset/085.생활_폐기물_이미지/01.데이터/1.Training/라벨링데이터/고철류/고철/12_X012_C015_0201/12_X012_C015_0201_3.Json,1,고철류,나무류,주걱
/home/minsu/disk_c/trash_dataset/085.생활_폐기물_이미지/01.데이터/1.Training/라벨링데이터/고철류/고철/12_X037_C045_0206/12_X037_C045_0206_1.Json,1,고철류,페트병류,페트병
/home/minsu/disk_c/trash_dataset/085.생활_폐기물_이미지/01.데이터/1.Training/라벨링데이터/고철류/고철/12_X037_C045_0206/12_X037_C045_0206_3.Json,1,고철류,페트병류,페트병
/home/minsu/disk_c/trash_dataset/085.생활_폐기물_이미지/01.데이터/1.Training/라벨링데이터/고철류/고철/12_X037_C045_0206/12_X037_C045_0206_4.Json,1,고철류,페트병류,페트병
/home/minsu/disk_c/trash_dataset/085.생활_폐기물_이미지/01.데이터/1.Training/라벨링데이터/고철류/고철/12_X037_C045_0206/12_X037_C045_0206_0.Json,1,고철류,페트병류,페트병
/home/minsu/disk_c/trash_dataset/085.생활_폐기물_이미지/01.데이터/1.Training/라벨링데이터/고철류/고철/12_X037_C045_0206/12_X037_C045_0206_2.Json,1,고철류,페트병류,페트병
/home/minsu/disk_c/trash_dataset/085.생활_폐기물_이미지/01.데이터/1.Training/라벨링데이터/고철류/고철/12_X038_C045_0206/12_X038_C045_0206_3.Json,1,고철류,페트병류,페트병
/home/minsu/disk_c/trash_dataset/085.생활_폐기물_이미지/01.데이터/1.Training/라벨링데이터/고철류/고철/12_X038_C045_0206/12_X038_C045_0206_2.Json,1,고철류,페트병류,페트병
/home/minsu/disk_c/trash_dataset/085.생활_폐기물_이미지/01.데이터/1.Training/라벨링데이터/고철류/고철/12_X038_C045_0206/12_X038_C045_0206_0.Json,1,고철류,페트병류,페트병
/home/minsu/disk_c/trash_dataset/085.생활_폐기물_이미지/01.데이터/1.Training/라벨링데이터/고철류/고철/12_X038_C045_0206/12_X038_C045_0206_1.Json,1,고철류,페트병류,페트병
/home/minsu/disk_c/trash_dataset/085.생활_폐기물_이미지/01.데이터/1.Training/라벨링데이터/고철류/고철/12_X038_C045_0206/12_X038_C045_0206_4.Json,1,고철류,페트병류,페트병
/home/minsu/disk_c/trash_dataset/085.생활_폐기물_이미지/01.데이터/1.Training/라벨링데이터/고철류/주전자/12_X034_C045_0207/12_X034_C045_0207_2.Json,1,고철류,종이류,음료수곽
/home/minsu/disk_c/trash_dataset/085.생활_폐기물_이미지/01.데이터/1.Training/라벨링데이터/고철류/주전자/12_X034_C045_0207/12_X034_C045_0207_0.Json,1,고철류,종이류,음료수곽
/home/minsu/disk_c/trash_dataset/085.생활_폐기물_이미지/01.데이터/1.Training/라벨링데이터/고철류/주전자/12_X034_C045_0207/12_X034_C045_0207_3.Json,1,고철류,종이류,음료수곽
/home/minsu/disk_c/trash_dataset/085.생활_폐기물_이미지/01.데이터/1.Training/라벨링데이터/고철류/주전자/12_X034_C045_0207/12_X034_C045_0207_1.Json,1,고철류,종이류,음료수곽
/home/minsu/disk_c/trash_dataset/085.생활_폐기물_이미지/01.데이터/1.Training/라벨링데이터/고철류/주전자/12_X034_C045_0207/12_X034_C045_0207_4.Json,1,고철류,종이류,음료수곽
/home/minsu/disk_c/trash_dataset/085.생활_폐기물_이미지/01.데이터/1.Training/라벨링데이터/고철류/비철금속/12_X002_C175_1204/12_X002_C175_1204_3.Json,1,고철류,도기류,컵
/home/minsu/disk_c/trash_dataset/085.생활_폐기물_이미지/01.데이터/1.Training/라벨링데이터/고철류/비철금속/12_X002_C175_1204/12_X002_C175_1204_4.Json,1,고철류,도기류,컵
/home/minsu/disk_c/trash_dataset/085.생활_폐기물_이미지/01.데이터/1.Training/라벨링데이터/고철류/비철금속/12_X002_C175_1204/12_X002_C175_1204_1.Json,0,고철류,도기류,컵
/home/minsu/disk_c/trash_dataset/085.생활_폐기물_이미지/01.데이터/1.Training/라벨링데이터/고철류/비철금속/12_X002_C175_1204/12_X002_C175_1204_0.Json,0,고철류,도기류,컵
/home/minsu/disk_c/trash_dataset/085.생활_폐기물_이미지/01.데이터/1.Training/라벨링데이터/고철류/비철금속/12_X002_C175_1204/12_X002_C175_1204_2.Json,0,고철류,도기류,컵
/home/minsu/disk_c/trash_dataset/085.생활_폐기물_이미지/01.데이터/1.Training/라벨링데이터/고철류/전기프라이팬/12_X038_C045_0207/12_X038_C045_0207_3.Json,1,고철류,종이류,음료수곽
/home/minsu/disk_c/trash_dataset/085.생활_폐기물_이미지/01.데이터/1.Training/라벨링데이터/고철류/전기프라이팬/12_X038_C045_0207/12_X038_C045_0207_1.Json,1,고철류,종이류,음료수곽
/home/minsu/disk_c/trash_dataset/085.생활_폐기물_이미지/01.데이터/1.Training/라벨링데이터/고철류/전기프라이팬/12_X038_C045_0207/12_X038_C045_0207_0.Json,1,고철류,종이류,음료수곽
/home/minsu/disk_c/trash_dataset/085.생활_폐기물_이미지/01.데이터/1.Training/라벨링데이터/고철류/전기프라이팬/12_X038_C045_0207/12_X038_C045_0207_2.Json,1,고철류,종이류,음료수곽
/home/minsu/disk_c/trash_dataset/085.생활_폐기물_이미지/01.데이터/1.Training/라벨링데이터/고철류/전기프라이팬/12_X038_C045_0207/12_X038_C045_0207_4.Json,1,고철류,종이류,음료수곽
/home/minsu/disk_c/trash_dataset/085.생활_폐기물_이미지/01.데이터/1.Training/라벨링데이터/고철류/전기프라이팬/12_X018_C172_0202/12_X018_C172_0202_1.Json,1,고철류,플라스틱류,밀폐용기
/home/minsu/disk_c/trash_dataset/085.생활_폐기물_이미지/01.데이터/1.Training/라벨링데이터/고철류/전기프라이팬/12_X018_C172_0202/12_X018_C172_0202_3.Json,1,고철류,플라스틱류,밀폐용기
/home/minsu/disk_c/trash_dataset/085.생활_폐기물_이미지/01.데이터/1.Training/라벨링데이터/고철류/전기프라이팬/12_X018_C172_0202/12_X018_C172_0202_0.Json,1,고철류,플라스틱류,밀폐용기
/home/minsu/disk_c/trash_dataset/085.생활_폐기물_이미지/01.데이터/1.Training/라벨링데이터/고철류/전기프라이팬/12_X018_C172_0202/12_X018_C172_0202_2.Json,1,고철류,플라스틱류,밀폐용기
/home/minsu/disk_c/trash_dataset/085.생활_폐기물_이미지/01.데이터/1.Training/라벨링데이터/고철류/전기프라이팬/12_X018_C172_0202/12_X018_C172_0202_4.Json,1,고철류,플라스틱류,밀폐용기
/home/minsu/disk_c/trash_dataset/085.생활_폐기물_이미지/01.데이터/1.Training/라벨링데이터/고철류/전기프라이팬/12_X001_C058_0202/12_X001_C058_0202_4.Json,1,고철류,나무류,액자
/home/minsu/disk_c/trash_dataset/085.생활_폐기물_이미지/01.데이터/1.Training/라벨링데이터/고철류/전기프라이팬/12_X001_C058_0202/12_X001_C058_0202_3.Json,1,고철류,나무류,액자
/home/minsu/disk_c/trash_dataset/085.생활_폐기물_이미지/01.데이터/1.Training/라벨링데이터/고철류/전기프라이팬/12_X001_C058_0202/12_X001_C058_0202_0.Json,1,고철류,나무류,액자
/home/minsu/disk_c/trash_dataset/085.생활_폐기물_이미지/01.데이터/1.Training/라벨링데이터/고철류/전기프라이팬/12_X001_C058_0202/12_X001_C058_0202_2.Json,1,고철류,나무류,액자
/home/minsu/disk_c/trash_dataset/085.생활_폐기물_이미지/01.데이터/1.Training/라벨링데이터/고철류/전기프라이팬/12_X001_C058_0202/12_X001_C058_0202_1.Json,1,고철류,나무류,액자
/home/minsu/disk_c/trash_dataset/085.생활_폐기물_이미지/01.데이터/1.Training/라벨링데이터/고철류/철옷걸이/12_X028_C058_0201/12_X028_C058_0201_2.Json,1,고철류,나무류,주방용품
/home/minsu/disk_c/trash_dataset/085.생활_폐기물_이미지/01.데이터/1.Training/라벨링데이터/고철류/철옷걸이/12_X028_C058_0201/12_X028_C058_0201_0.Json,1,고철류,나무류,주방용품
/home/minsu/disk_c/trash_dataset/085.생활_폐기물_이미지/01.데이터/1.Training/라벨링데이터/고철류/철옷걸이/12_X028_C058_0201/12_X028_C058_0201_4.Json,1,고철류,나무류,주방용품
/home/minsu/disk_c/trash_dataset/085.생활_폐기물_이미지/01.데이터/1.Training/라벨링데이터/고철류/철옷걸이/12_X028_C058_0201/12_X028_C058_0201_3.Json,1,고철류,나무류,주방용품
/home/minsu/disk_c/trash_dataset/085.생활_폐기물_이미지/01.데이터/1.Training/라벨링데이터/고철류/철옷걸이/12_X028_C058_0201/12_X028_C058_0201_1.Json,1,고철류,나무류,주방용품
/home/minsu/disk_c/trash_dataset/085.생활_폐기물_이미지/01.데이터/1.Training/라벨링데이터/고철류/철옷걸이/12_X031_C058_0201/12_X031_C058_0201_0.Json,1,고철류,나무류,주방용품
/home/minsu/disk_c/trash_dataset/085.생활_폐기물_이미지/01.데이터/1.Training/라벨링데이터/고철류/철옷걸이/12_X031_C058_0201/12_X031_C058_0201_2.Json,1,고철류,나무류,주방용품
/home/minsu/disk_c/trash_dataset/085.생활_폐기물_이미지/01.데이터/1.Training/라벨링데이터/고철류/철옷걸이/12_X031_C058_0201/12_X031_C058_0201_4.Json,1,고철류,나무류,주방용품
/home/minsu/disk_c/trash_dataset/085.생활_폐기물_이미지/01.데이터/1.Training/라벨링데이터/고철류/철옷걸이/12_X031_C058_0201/12_X031_C058_0201_3.Json,1,고철류,나무류,주방용품
/home/minsu/disk_c/trash_dataset/085.생활_폐기물_이미지/01.데이터/1.Training/라벨링데이터/고철류/철옷걸이/12_X031_C058_0201/12_X031_C058_0201_1.Json,1,고철류,나무류,주방용품
/home/minsu/disk_c/trash_dataset/085.생활_폐기물_이미지/01.데이터/1.Training/라벨링데이터/고철류/철옷걸이/12_X021_C058_0201/12_X021_C058_0201_3.Json,1,고철류,도기류,장식품
/home/minsu/disk_c/trash_dataset/085.생활_폐기물_이미지/01.데이터/1.Training/라벨링데이터/고철류/철옷걸이/12_X021_C058_0201/12_X021_C058_0201_0.Json,1,고철류,도기류,장식품
/home/minsu/disk_c/trash_dataset/085.생활_폐기물_이미지/01.데이터/1.Training/라벨링데이터/고철류/철옷걸이/12_X021_C058_0201/12_X021_C058_0201_1.Json,1,고철류,도기류,장식품
/home/minsu/disk_c/trash_dataset/085.생활_폐기물_이미지/01.데이터/1.Training/라벨링데이터/고철류/철옷걸이/12_X021_C058_0201/12_X021_C058_0201_4.Json,1,고철류,도기류,장식품
/home/minsu/disk_c/trash_dataset/085.생활_폐기물_이미지/01.데이터/1.Training/라벨링데이터/고철류/철옷걸이/12_X021_C058_0201/12_X021_C058_0201_2.Json,1,고철류,도기류,장식품
/home/minsu/disk_c/trash_dataset/085.생활_폐기물_이미지/01.데이터/1.Training/라벨링데이터/고철류/철옷걸이/12_X032_C058_0201/12_X032_C058_0201_4.Json,1,고철류,나무류,주방용품
/home/minsu/disk_c/trash_dataset/085.생활_폐기물_이미지/01.데이터/1.Training/라벨링데이터/고철류/철옷걸이/12_X032_C058_0201/12_X032_C058_0201_1.Json,1,고철류,나무류,주방용품
/home/minsu/disk_c/trash_dataset/085.생활_폐기물_이미지/01.데이터/1.Training/라벨링데이터/고철류/철옷걸이/12_X032_C058_0201/12_X032_C058_0201_2.Json,1,고철류,나무류,주방용품
/home/minsu/disk_c/trash_dataset/085.생활_폐기물_이미지/01.데이터/1.Training/라벨링데이터/고철류/철옷걸이/12_X032_C058_0201/12_X032_C058_0201_0.Json,1,고철류,나무류,주방용품
/home/minsu/disk_c/trash_dataset/085.생활_폐기물_이미지/01.데이터/1.Training/라벨링데이터/고철류/철옷걸이/12_X032_C058_0201/12_X032_C058_0201_3.Json,1,고철류,나무류,주방용품
/home/minsu/disk_c/trash_dataset/085.생활_폐기물_이미지/01.데이터/1.Training/라벨링데이터/고철류/철옷걸이/12_X024_C058_0201/12_X024_C058_0201_3.Json,1,고철류,나무류,주방용품
/home/minsu/disk_c/trash_dataset/085.생활_폐기물_이미지/01.데이터/1.Training/라벨링데이터/고철류/철옷걸이/12_X024_C058_0201/12_X024_C058_0201_4.Json,1,고철류,나무류,주방용품
/home/minsu/disk_c/trash_dataset/085.생활_폐기물_이미지/01.데이터/1.Training/라벨링데이터/고철류/철옷걸이/12_X024_C058_0201/12_X024_C058_0201_0.Json,1,고철류,나무류,주방용품
/home/minsu/disk_c/trash_dataset/085.생활_폐기물_이미지/01.데이터/1.Training/라벨링데이터/고철류/철옷걸이/12_X024_C058_0201/12_X024_C058_0201_1.Json,1,고철류,나무류,주방용품
/home/minsu/disk_c/trash_dataset/085.생활_폐기물_이미지/01.데이터/1.Training/라벨링데이터/고철류/철옷걸이/12_X024_C058_0201/12_X024_C058_0201_2.Json,1,고철류,나무류,주방용품
/home/minsu/disk_c/trash_dataset/085.생활_폐기물_이미지/01.데이터/1.Training/라벨링데이터/고철류/철옷걸이/12_X027_C058_0201/12_X027_C058_0201_4.Json,1,고철류,나무류,주방용품
/home/minsu/disk_c/trash_dataset/085.생활_폐기물_이미지/01.데이터/1.Training/라벨링데이터/고철류/철옷걸이/12_X027_C058_0201/12_X027_C058_0201_1.Json,1,고철류,나무류,주방용품
/home/minsu/disk_c/trash_dataset/085.생활_폐기물_이미지/01.데이터/1.Training/라벨링데이터/고철류/철옷걸이/12_X027_C058_0201/12_X027_C058_0201_3.Json,1,고철류,나무류,주방용품
/home/minsu/disk_c/trash_dataset/085.생활_폐기물_이미지/01.데이터/1.Training/라벨링데이터/고철류/철옷걸이/12_X027_C058_0201/12_X027_C058_0201_0.Json,1,고철류,나무류,주방용품
/home/minsu/disk_c/trash_dataset/085.생활_폐기물_이미지/01.데이터/1.Training/라벨링데이터/고철류/철옷걸이/12_X027_C058_0201/12_X027_C058_0201_2.Json,1,고철류,나무류,주방용품
/home/minsu/disk_c/trash_dataset/085.생활_폐기물_이미지/01.데이터/1.Training/라벨링데이터/고철류/철옷걸이/12_X026_C058_0201/12_X026_C058_0201_0.Json,1,고철류,나무류,주방용품
/home/minsu/disk_c/trash_dataset/085.생활_폐기물_이미지/01.데이터/1.Training/라벨링데이터/고철류/철옷걸이/12_X026_C058_0201/12_X026_C058_0201_4.Json,1,고철류,나무류,주방용품
/home/minsu/disk_c/trash_dataset/085.생활_폐기물_이미지/01.데이터/1.Training/라벨링데이터/고철류/철옷걸이/12_X026_C058_0201/12_X026_C058_0201_1.Json,1,고철류,나무류,주방용품
/home/minsu/disk_c/trash_dataset/085.생활_폐기물_이미지/01.데이터/1.Training/라벨링데이터/고철류/철옷걸이/12_X026_C058_0201/12_X026_C058_0201_3.Json,1,고철류,나무류,주방용품
/home/minsu/disk_c/trash_dataset/085.생활_폐기물_이미지/01.데이터/1.Training/라벨링데이터/고철류/철옷걸이/12_X026_C058_0201/12_X026_C058_0201_2.Json,1,고철류,나무류,주방용품
/home/minsu/disk_c/trash_dataset/085.생활_폐기물_이미지/01.데이터/1.Training/라벨링데이터/고철류/철옷걸이/12_X030_C058_0201/12_X030_C058_0201_0.Json,1,고철류,나무류,주방용품
/home/minsu/disk_c/trash_dataset/085.생활_폐기물_이미지/01.데이터/1.Training/라벨링데이터/고철류/철옷걸이/12_X030_C058_0201/12_X030_C058_0201_4.Json,1,고철류,나무류,주방용품
/home/minsu/disk_c/trash_dataset/085.생활_폐기물_이미지/01.데이터/1.Training/라벨링데이터/고철류/철옷걸이/12_X030_C058_0201/12_X030_C058_0201_3.Json,1,고철류,나무류,주방용품
/home/minsu/disk_c/trash_dataset/085.생활_폐기물_이미지/01.데이터/1.Training/라벨링데이터/고철류/철옷걸이/12_X030_C058_0201/12_X030_C058_0201_1.Json,1,고철류,나무류,주방용품
/home/minsu/disk_c/trash_dataset/085.생활_폐기물_이미지/01.데이터/1.Training/라벨링데이터/고철류/철옷걸이/12_X030_C058_0201/12_X030_C058_0201_2.Json,1,고철류,나무류,주방용품
/home/minsu/disk_c/trash_dataset/085.생활_폐기물_이미지/01.데이터/1.Training/라벨링데이터/고철류/철옷걸이/12_X029_C058_0201/12_X029_C058_0201_0.Json,1,고철류,나무류,주방용품
/home/minsu/disk_c/trash_dataset/085.생활_폐기물_이미지/01.데이터/1.Training/라벨링데이터/고철류/철옷걸이/12_X029_C058_0201/12_X029_C058_0201_4.Json,1,고철류,나무류,주방용품
/home/minsu/disk_c/trash_dataset/085.생활_폐기물_이미지/01.데이터/1.Training/라벨링데이터/고철류/철옷걸이/12_X029_C058_0201/12_X029_C058_0201_3.Json,1,고철류,나무류,주방용품
/home/minsu/disk_c/trash_dataset/085.생활_폐기물_이미지/01.데이터/1.Training/라벨링데이터/고철류/철옷걸이/12_X029_C058_0201/12_X029_C058_0201_2.Json,1,고철류,나무류,주방용품
/home/minsu/disk_c/trash_dataset/085.생활_폐기물_이미지/01.데이터/1.Training/라벨링데이터/고철류/철옷걸이/12_X029_C058_0201/12_X029_C058_0201_1.Json,1,고철류,나무류,주방용품
/home/minsu/disk_c/trash_dataset/085.생활_폐기물_이미지/01.데이터/1.Training/라벨링데이터/고철류/프라이팬/12_X038_C323_0201/12_X038_C323_0201_2.Json,1,고철류,플라스틱류,기타
/home/minsu/disk_c/trash_dataset/085.생활_폐기물_이미지/01.데이터/1.Training/라벨링데이터/고철류/프라이팬/12_X038_C323_0201/12_X038_C323_0201_1.Json,1,고철류,플라스틱류,기타
/home/minsu/disk_c/trash_dataset/085.생활_폐기물_이미지/01.데이터/1.Training/라벨링데이터/고철류/프라이팬/12_X038_C323_0201/12_X038_C323_0201_4.Json,1,고철류,플라스틱류,기타
/home/minsu/disk_c/trash_dataset/085.생활_폐기물_이미지/01.데이터/1.Training/라벨링데이터/고철류/프라이팬/12_X038_C323_0201/12_X038_C323_0201_0.Json,1,고철류,플라스틱류,기타
/home/minsu/disk_c/trash_dataset/085.생활_폐기물_이미지/01.데이터/1.Training/라벨링데이터/고철류/프라이팬/12_X038_C323_0201/12_X038_C323_0201_3.Json,1,고철류,플라스틱류,기타
/home/minsu/disk_c/trash_dataset/085.생활_폐기물_이미지/01.데이터/1.Training/라벨링데이터/고철류/프라이팬/12_X002_C171_0210/12_X002_C171_0210_4.Json,0,고철류,유리병류,음료수병
/home/minsu/disk_c/trash_dataset/085.생활_폐기물_이미지/01.데이터/1.Training/라벨링데이터/고철류/프라이팬/12_X002_C171_0210/12_X002_C171_0210_3.Json,0,고철류,유리병류,음료수병
/home/minsu/disk_c/trash_dataset/085.생활_폐기물_이미지/01.데이터/1.Training/라벨링데이터/고철류/프라이팬/12_X002_C171_0210/12_X002_C171_0210_1.Json,0,고철류,유리병류,음료수병
/home/minsu/disk_c/trash_dataset/085.생활_폐기물_이미지/01.데이터/1.Training/라벨링데이터/고철류/프라이팬/12_X002_C171_0210/12_X002_C171_0210_2.Json,0,고철류,유리병류,음료수병
/home/minsu/disk_c/trash_dataset/085.생활_폐기물_이미지/01.데이터/1.Training/라벨링데이터/고철류/프라이팬/12_X002_C171_0210/12_X002_C171_0210_0.Json,1,고철류,유리병류,음료수병
/home/minsu/disk_c/trash_dataset/085.생활_폐기물_이미지/01.데이터/1.Training/라벨링데이터/고철류/프라이팬/12_X026_C061_0131/12_X026_C061_0131_2.Json,1,고철류,유리병류,기타술병
/home/minsu/disk_c/trash_dataset/085.생활_폐기물_이미지/01.데이터/1.Training/라벨링데이터/고철류/프라이팬/12_X026_C061_0131/12_X026_C061_0131_0.Json,1,고철류,유리병류,기타술병
/home/minsu/disk_c/trash_dataset/085.생활_폐기물_이미지/01.데이터/1.Training/라벨링데이터/고철류/프라이팬/12_X026_C061_0131/12_X026_C061_0131_1.Json,1,고철류,유리병류,기타술병
/home/minsu/disk_c/trash_dataset/085.생활_폐기물_이미지/01.데이터/1.Training/라벨링데이터/고철류/프라이팬/12_X026_C061_0131/12_X026_C061_0131_3.Json,1,고철류,유리병류,기타술병
/home/minsu/disk_c/trash_dataset/085.생활_폐기물_이미지/01.데이터/1.Training/라벨링데이터/고철류/프라이팬/12_X026_C061_0131/12_X026_C061_0131_4.Json,1,고철류,유리병류,기타술병
/home/minsu/disk_c/trash_dataset/085.생활_폐기물_이미지/01.데이터/1.Training/라벨링데이터/고철류/프라이팬/12_X013_C172_0202/12_X013_C172_0202_1.Json,1,고철류,페트병류,페트병
/home/minsu/disk_c/trash_dataset/085.생활_폐기물_이미지/01.데이터/1.Training/라벨링데이터/고철류/프라이팬/12_X013_C172_0202/12_X013_C172_0202_3.Json,1,고철류,페트병류,페트병
/home/minsu/disk_c/trash_dataset/085.생활_폐기물_이미지/01.데이터/1.Training/라벨링데이터/고철류/프라이팬/12_X013_C172_0202/12_X013_C172_0202_4.Json,1,고철류,페트병류,페트병
/home/minsu/disk_c/trash_dataset/085.생활_폐기물_이미지/01.데이터/1.Training/라벨링데이터/고철류/프라이팬/12_X013_C172_0202/12_X013_C172_0202_0.Json,1,고철류,페트병류,페트병
/home/minsu/disk_c/trash_dataset/085.생활_폐기물_이미지/01.데이터/1.Training/라벨링데이터/고철류/프라이팬/12_X013_C172_0202/12_X013_C172_0202_2.Json,1,고철류,페트병류,페트병
/home/minsu/disk_c/trash_dataset/085.생활_폐기물_이미지/01.데이터/1.Training/라벨링데이터/고철류/프라이팬/12_X039_C323_0201/12_X039_C323_0201_3.Json,1,고철류,플라스틱류,기타
/home/minsu/disk_c/trash_dataset/085.생활_폐기물_이미지/01.데이터/1.Training/라벨링데이터/고철류/프라이팬/12_X039_C323_0201/12_X039_C323_0201_1.Json,1,고철류,플라스틱류,기타
/home/minsu/disk_c/trash_dataset/085.생활_폐기물_이미지/01.데이터/1.Training/라벨링데이터/고철류/프라이팬/12_X039_C323_0201/12_X039_C323_0201_0.Json,1,고철류,플라스틱류,기타
/home/minsu/disk_c/trash_dataset/085.생활_폐기물_이미지/01.데이터/1.Training/라벨링데이터/고철류/프라이팬/12_X039_C323_0201/12_X039_C323_0201_2.Json,1,고철류,플라스틱류,기타
/home/minsu/disk_c/trash_dataset/085.생활_폐기물_이미지/01.데이터/1.Training/라벨링데이터/고철류/프라이팬/12_X039_C323_0201/12_X039_C323_0201_4.Json,1,고철류,플라스틱류,기타
/home/minsu/disk_c/trash_dataset/085.생활_폐기물_이미지/01.데이터/1.Training/라벨링데이터/고철류/프라이팬/12_X021_C061_0131/12_X021_C061_0131_2.Json,1,고철류,캔류,음료수캔
/home/minsu/disk_c/trash_dataset/085.생활_폐기물_이미지/01.데이터/1.Training/라벨링데이터/고철류/프라이팬/12_X021_C061_0131/12_X021_C061_0131_0.Json,1,고철류,캔류,음료수캔
/home/minsu/disk_c/trash_dataset/085.생활_폐기물_이미지/01.데이터/1.Training/라벨링데이터/고철류/프라이팬/12_X021_C061_0131/12_X021_C061_0131_1.Json,1,고철류,캔류,음료수캔
/home/minsu/disk_c/trash_dataset/085.생활_폐기물_이미지/01.데이터/1.Training/라벨링데이터/고철류/프라이팬/12_X021_C061_0131/12_X021_C061_0131_3.Json,1,고철류,캔류,음료수캔
/home/minsu/disk_c/trash_dataset/085.생활_폐기물_이미지/01.데이터/1.Training/라벨링데이터/고철류/프라이팬/12_X021_C061_0131/12_X021_C061_0131_4.Json,1,고철류,캔류,음료수캔
/home/minsu/disk_c/trash_dataset/085.생활_폐기물_이미지/01.데이터/1.Training/라벨링데이터/고철류/프라이팬/12_X019_C172_0202/12_X019_C172_0202_0.Json,1,고철류,플라스틱류,밀폐용기
/home/minsu/disk_c/trash_dataset/085.생활_폐기물_이미지/01.데이터/1.Training/라벨링데이터/고철류/프라이팬/12_X019_C172_0202/12_X019_C172_0202_1.Json,1,고철류,플라스틱류,밀폐용기
/home/minsu/disk_c/trash_dataset/085.생활_폐기물_이미지/01.데이터/1.Training/라벨링데이터/고철류/프라이팬/12_X019_C172_0202/12_X019_C172_0202_3.Json,1,고철류,플라스틱류,밀폐용기
/home/minsu/disk_c/trash_dataset/085.생활_폐기물_이미지/01.데이터/1.Training/라벨링데이터/고철류/프라이팬/12_X019_C172_0202/12_X019_C172_0202_4.Json,1,고철류,플라스틱류,밀폐용기
/home/minsu/disk_c/trash_dataset/085.생활_폐기물_이미지/01.데이터/1.Training/라벨링데이터/고철류/프라이팬/12_X019_C172_0202/12_X019_C172_0202_2.Json,1,고철류,플라스틱류,밀폐용기
/home/minsu/disk_c/trash_dataset/085.생활_폐기물_이미지/01.데이터/1.Training/라벨링데이터/고철류/프라이팬/12_X007_C014_0201/12_X007_C014_0201_2.Json,1,고철류,유리병류,음료수병
/home/minsu/disk_c/trash_dataset/085.생활_폐기물_이미지/01.데이터/1.Training/라벨링데이터/고철류/프라이팬/12_X007_C014_0201/12_X007_C014_0201_3.Json,1,고철류,유리병류,음료수병
/home/minsu/disk_c/trash_dataset/085.생활_폐기물_이미지/01.데이터/1.Training/라벨링데이터/고철류/프라이팬/12_X007_C014_0201/12_X007_C014_0201_4.Json,1,고철류,유리병류,음료수병
/home/minsu/disk_c/trash_dataset/085.생활_폐기물_이미지/01.데이터/1.Training/라벨링데이터/고철류/프라이팬/12_X007_C014_0201/12_X007_C014_0201_0.Json,1,고철류,유리병류,음료수병
/home/minsu/disk_c/trash_dataset/085.생활_폐기물_이미지/01.데이터/1.Training/라벨링데이터/고철류/프라이팬/12_X007_C014_0201/12_X007_C014_0201_1.Json,1,고철류,유리병류,음료수병
/home/minsu/disk_c/trash_dataset/085.생활_폐기물_이미지/01.데이터/1.Training/라벨링데이터/고철류/프라이팬/12_X003_C171_0204/12_X003_C171_0204_0.Json,1,고철류,캔류,음료수캔
/home/minsu/disk_c/trash_dataset/085.생활_폐기물_이미지/01.데이터/1.Training/라벨링데이터/고철류/프라이팬/12_X003_C171_0204/12_X003_C171_0204_1.Json,1,고철류,캔류,음료수캔
/home/minsu/disk_c/trash_dataset/085.생활_폐기물_이미지/01.데이터/1.Training/라벨링데이터/고철류/프라이팬/12_X003_C171_0204/12_X003_C171_0204_2.Json,1,고철류,캔류,음료수캔
/home/minsu/disk_c/trash_dataset/085.생활_폐기물_이미지/01.데이터/1.Training/라벨링데이터/고철류/프라이팬/12_X003_C171_0204/12_X003_C171_0204_3.Json,1,고철류,캔류,음료수캔
/home/minsu/disk_c/trash_dataset/085.생활_폐기물_이미지/01.데이터/1.Training/라벨링데이터/고철류/프라이팬/12_X003_C171_0204/12_X003_C171_0204_4.Json,1,고철류,캔류,음료수캔
/home/minsu/disk_c/trash_dataset/085.생활_폐기물_이미지/01.데이터/1.Training/라벨링데이터/고철류/프라이팬/12_X007_C171_0204/12_X007_C171_0204_4.Json,1,고철류,페트병류,페트병
/home/minsu/disk_c/trash_dataset/085.생활_폐기물_이미지/01.데이터/1.Training/라벨링데이터/고철류/프라이팬/12_X007_C171_0204/12_X007_C171_0204_3.Json,1,고철류,페트병류,페트병
/home/minsu/disk_c/trash_dataset/085.생활_폐기물_이미지/01.데이터/1.Training/라벨링데이터/고철류/프라이팬/12_X007_C171_0204/12_X007_C171_0204_0.Json,1,고철류,페트병류,페트병
/home/minsu/disk_c/trash_dataset/085.생활_폐기물_이미지/01.데이터/1.Training/라벨링데이터/고철류/프라이팬/12_X007_C171_0204/12_X007_C171_0204_2.Json,1,고철류,페트병류,페트병
/home/minsu/disk_c/trash_dataset/085.생활_폐기물_이미지/01.데이터/1.Training/라벨링데이터/고철류/프라이팬/12_X007_C171_0204/12_X007_C171_0204_1.Json,1,고철류,페트병류,페트병
/home/minsu/disk_c/trash_dataset/085.생활_폐기물_이미지/01.데이터/1.Training/라벨링데이터/고철류/프라이팬/12_X011_C172_0202/12_X011_C172_0202_1.Json,1,고철류,플라스틱류,밀폐용기
/home/minsu/disk_c/trash_dataset/085.생활_폐기물_이미지/01.데이터/1.Training/라벨링데이터/고철류/프라이팬/12_X011_C172_0202/12_X011_C172_0202_0.Json,1,고철류,플라스틱류,밀폐용기
/home/minsu/disk_c/trash_dataset/085.생활_폐기물_이미지/01.데이터/1.Training/라벨링데이터/고철류/프라이팬/12_X011_C172_0202/12_X011_C172_0202_3.Json,1,고철류,플라스틱류,밀폐용기
/home/minsu/disk_c/trash_dataset/085.생활_폐기물_이미지/01.데이터/1.Training/라벨링데이터/고철류/프라이팬/12_X011_C172_0202/12_X011_C172_0202_2.Json,1,고철류,플라스틱류,밀폐용기
/home/minsu/disk_c/trash_dataset/085.생활_폐기물_이미지/01.데이터/1.Training/라벨링데이터/고철류/프라이팬/12_X011_C172_0202/12_X011_C172_0202_4.Json,1,고철류,플라스틱류,밀폐용기
/home/minsu/disk_c/trash_dataset/085.생활_폐기물_이미지/01.데이터/1.Training/라벨링데이터/고철류/프라이팬/12_X003_C323_0202/12_X003_C323_0202_2.Json,1,고철류,캔류,맥주캔
/home/minsu/disk_c/trash_dataset/085.생활_폐기물_이미지/01.데이터/1.Training/라벨링데이터/고철류/프라이팬/12_X003_C323_0202/12_X003_C323_0202_3.Json,1,고철류,캔류,맥주캔
/home/minsu/disk_c/trash_dataset/085.생활_폐기물_이미지/01.데이터/1.Training/라벨링데이터/고철류/프라이팬/12_X003_C323_0202/12_X003_C323_0202_0.Json,1,고철류,캔류,맥주캔
/home/minsu/disk_c/trash_dataset/085.생활_폐기물_이미지/01.데이터/1.Training/라벨링데이터/고철류/프라이팬/12_X003_C323_0202/12_X003_C323_0202_1.Json,1,고철류,캔류,맥주캔
/home/minsu/disk_c/trash_dataset/085.생활_폐기물_이미지/01.데이터/1.Training/라벨링데이터/고철류/프라이팬/12_X003_C323_0202/12_X003_C323_0202_4.Json,1,고철류,캔류,맥주캔
/home/minsu/disk_c/trash_dataset/085.생활_폐기물_이미지/01.데이터/1.Training/라벨링데이터/고철류/프라이팬/12_X001_C171_0208/12_X001_C171_0208_4.Json,1,고철류,플라스틱류,밀폐용기
/home/minsu/disk_c/trash_dataset/085.생활_폐기물_이미지/01.데이터/1.Training/라벨링데이터/고철류/프라이팬/12_X001_C171_0208/12_X001_C171_0208_1.Json,1,고철류,플라스틱류,밀폐용기
/home/minsu/disk_c/trash_dataset/085.생활_폐기물_이미지/01.데이터/1.Training/라벨링데이터/고철류/프라이팬/12_X001_C171_0208/12_X001_C171_0208_3.Json,1,고철류,플라스틱류,밀폐용기
/home/minsu/disk_c/trash_dataset/085.생활_폐기물_이미지/01.데이터/1.Training/라벨링데이터/고철류/프라이팬/12_X001_C171_0208/12_X001_C171_0208_2.Json,1,고철류,플라스틱류,밀폐용기
/home/minsu/disk_c/trash_dataset/085.생활_폐기물_이미지/01.데이터/1.Training/라벨링데이터/고철류/프라이팬/12_X001_C171_0208/12_X001_C171_0208_0.Json,1,고철류,플라스틱류,밀폐용기
/home/minsu/disk_c/trash_dataset/085.생활_폐기물_이미지/01.데이터/1.Training/라벨링데이터/고철류/프라이팬/12_X027_C171_0129/12_X027_C171_0129_1.Json,1,고철류,플라스틱류,기타
/home/minsu/disk_c/trash_dataset/085.생활_폐기물_이미지/01.데이터/1.Training/라벨링데이터/고철류/프라이팬/12_X027_C171_0129/12_X027_C171_0129_2.Json,1,고철류,플라스틱류,기타
/home/minsu/disk_c/trash_dataset/085.생활_폐기물_이미지/01.데이터/1.Training/라벨링데이터/고철류/프라이팬/12_X027_C171_0129/12_X027_C171_0129_3.Json,1,고철류,플라스틱류,기타
/home/minsu/disk_c/trash_dataset/085.생활_폐기물_이미지/01.데이터/1.Training/라벨링데이터/고철류/프라이팬/12_X027_C171_0129/12_X027_C171_0129_0.Json,1,고철류,플라스틱류,기타
/home/minsu/disk_c/trash_dataset/085.생활_폐기물_이미지/01.데이터/1.Training/라벨링데이터/고철류/프라이팬/12_X027_C171_0129/12_X027_C171_0129_4.Json,1,고철류,플라스틱류,기타
/home/minsu/disk_c/trash_dataset/085.생활_폐기물_이미지/01.데이터/1.Training/라벨링데이터/고철류/프라이팬/12_X010_C171_0130/12_X010_C171_0130_2.Json,1,고철류,캔류,스팸류
/home/minsu/disk_c/trash_dataset/085.생활_폐기물_이미지/01.데이터/1.Training/라벨링데이터/고철류/프라이팬/12_X010_C171_0130/12_X010_C171_0130_3.Json,1,고철류,캔류,스팸류
/home/minsu/disk_c/trash_dataset/085.생활_폐기물_이미지/01.데이터/1.Training/라벨링데이터/고철류/프라이팬/12_X010_C171_0130/12_X010_C171_0130_0.Json,1,고철류,캔류,스팸류
/home/minsu/disk_c/trash_dataset/085.생활_폐기물_이미지/01.데이터/1.Training/라벨링데이터/고철류/프라이팬/12_X010_C171_0130/12_X010_C171_0130_1.Json,1,고철류,캔류,스팸류
/home/minsu/disk_c/trash_dataset/085.생활_폐기물_이미지/01.데이터/1.Training/라벨링데이터/고철류/프라이팬/12_X010_C171_0130/12_X010_C171_0130_4.Json,1,고철류,캔류,스팸류
/home/minsu/disk_c/trash_dataset/085.생활_폐기물_이미지/01.데이터/1.Training/라벨링데이터/고철류/프라이팬/12_X022_C172_0202/12_X022_C172_0202_4.Json,1,고철류,플라스틱류,밀폐용기
/home/minsu/disk_c/trash_dataset/085.생활_폐기물_이미지/01.데이터/1.Training/라벨링데이터/고철류/프라이팬/12_X022_C172_0202/12_X022_C172_0202_1.Json,1,고철류,플라스틱류,밀폐용기
/home/minsu/disk_c/trash_dataset/085.생활_폐기물_이미지/01.데이터/1.Training/라벨링데이터/고철류/프라이팬/12_X022_C172_0202/12_X022_C172_0202_0.Json,1,고철류,플라스틱류,밀폐용기
/home/minsu/disk_c/trash_dataset/085.생활_폐기물_이미지/01.데이터/1.Training/라벨링데이터/고철류/프라이팬/12_X022_C172_0202/12_X022_C172_0202_2.Json,1,고철류,플라스틱류,밀폐용기
/home/minsu/disk_c/trash_dataset/085.생활_폐기물_이미지/01.데이터/1.Training/라벨링데이터/고철류/프라이팬/12_X022_C172_0202/12_X022_C172_0202_3.Json,1,고철류,플라스틱류,밀폐용기
/home/minsu/disk_c/trash_dataset/085.생활_폐기물_이미지/01.데이터/1.Training/라벨링데이터/고철류/프라이팬/12_X004_C014_0201/12_X004_C014_0201_2.Json,1,고철류,형광등,콤팩트형
/home/minsu/disk_c/trash_dataset/085.생활_폐기물_이미지/01.데이터/1.Training/라벨링데이터/고철류/프라이팬/12_X004_C014_0201/12_X004_C014_0201_4.Json,1,고철류,형광등,콤팩트형
/home/minsu/disk_c/trash_dataset/085.생활_폐기물_이미지/01.데이터/1.Training/라벨링데이터/고철류/프라이팬/12_X004_C014_0201/12_X004_C014_0201_0.Json,1,고철류,형광등,콤팩트형
/home/minsu/disk_c/trash_dataset/085.생활_폐기물_이미지/01.데이터/1.Training/라벨링데이터/고철류/프라이팬/12_X004_C014_0201/12_X004_C014_0201_3.Json,1,고철류,형광등,콤팩트형
/home/minsu/disk_c/trash_dataset/085.생활_폐기물_이미지/01.데이터/1.Training/라벨링데이터/고철류/프라이팬/12_X004_C014_0201/12_X004_C014_0201_1.Json,1,고철류,형광등,콤팩트형
/home/minsu/disk_c/trash_dataset/085.생활_폐기물_이미지/01.데이터/1.Training/라벨링데이터/고철류/프라이팬/12_X003_C172_0210/12_X003_C172_0210_2.Json,0,고철류,유리병류,박카스병
/home/minsu/disk_c/trash_dataset/085.생활_폐기물_이미지/01.데이터/1.Training/라벨링데이터/고철류/프라이팬/12_X003_C172_0210/12_X003_C172_0210_4.Json,0,고철류,유리병류,박카스병
/home/minsu/disk_c/trash_dataset/085.생활_폐기물_이미지/01.데이터/1.Training/라벨링데이터/고철류/프라이팬/12_X003_C172_0210/12_X003_C172_0210_1.Json,0,고철류,유리병류,박카스병
/home/minsu/disk_c/trash_dataset/085.생활_폐기물_이미지/01.데이터/1.Training/라벨링데이터/고철류/프라이팬/12_X003_C172_0210/12_X003_C172_0210_3.Json,0,고철류,유리병류,박카스병
/home/minsu/disk_c/trash_dataset/085.생활_폐기물_이미지/01.데이터/1.Training/라벨링데이터/고철류/프라이팬/12_X003_C172_0210/12_X003_C172_0210_0.Json,1,고철류,유리병류,박카스병
/home/minsu/disk_c/trash_dataset/085.생활_폐기물_이미지/01.데이터/1.Training/라벨링데이터/고철류/프라이팬/12_X003_C171_0210/12_X003_C171_0210_3.Json,0,고철류,유리병류,박카스병
/home/minsu/disk_c/trash_dataset/085.생활_폐기물_이미지/01.데이터/1.Training/라벨링데이터/고철류/프라이팬/12_X003_C171_0210/12_X003_C171_0210_4.Json,0,고철류,유리병류,박카스병
/home/minsu/disk_c/trash_dataset/085.생활_폐기물_이미지/01.데이터/1.Training/라벨링데이터/고철류/프라이팬/12_X003_C171_0210/12_X003_C171_0210_0.Json,1,고철류,유리병류,박카스병
/home/minsu/disk_c/trash_dataset/085.생활_폐기물_이미지/01.데이터/1.Training/라벨링데이터/고철류/프라이팬/12_X003_C171_0210/12_X003_C171_0210_1.Json,0,고철류,유리병류,박카스병
/home/minsu/disk_c/trash_dataset/085.생활_폐기물_이미지/01.데이터/1.Training/라벨링데이터/고철류/프라이팬/12_X003_C171_0210/12_X003_C171_0210_2.Json,0,고철류,유리병류,박카스병
/home/minsu/disk_c/trash_dataset/085.생활_폐기물_이미지/01.데이터/1.Training/라벨링데이터/고철류/프라이팬/12_X008_C172_0207/12_X008_C172_0207_3.Json,1,고철류,캔류,커피캔
/home/minsu/disk_c/trash_dataset/085.생활_폐기물_이미지/01.데이터/1.Training/라벨링데이터/고철류/프라이팬/12_X008_C172_0207/12_X008_C172_0207_4.Json,1,고철류,캔류,커피캔
/home/minsu/disk_c/trash_dataset/085.생활_폐기물_이미지/01.데이터/1.Training/라벨링데이터/고철류/프라이팬/12_X008_C172_0207/12_X008_C172_0207_1.Json,1,고철류,캔류,커피캔
/home/minsu/disk_c/trash_dataset/085.생활_폐기물_이미지/01.데이터/1.Training/라벨링데이터/고철류/프라이팬/12_X008_C172_0207/12_X008_C172_0207_0.Json,1,고철류,캔류,커피캔
/home/minsu/disk_c/trash_dataset/085.생활_폐기물_이미지/01.데이터/1.Training/라벨링데이터/고철류/프라이팬/12_X008_C172_0207/12_X008_C172_0207_2.Json,1,고철류,캔류,커피캔
/home/minsu/disk_c/trash_dataset/085.생활_폐기물_이미지/01.데이터/1.Training/라벨링데이터/고철류/프라이팬/12_X017_C171_0129/12_X017_C171_0129_4.Json,1,고철류,플라스틱류,밀폐용기
/home/minsu/disk_c/trash_dataset/085.생활_폐기물_이미지/01.데이터/1.Training/라벨링데이터/고철류/프라이팬/12_X017_C171_0129/12_X017_C171_0129_1.Json,1,고철류,플라스틱류,밀폐용기
/home/minsu/disk_c/trash_dataset/085.생활_폐기물_이미지/01.데이터/1.Training/라벨링데이터/고철류/프라이팬/12_X017_C171_0129/12_X017_C171_0129_0.Json,1,고철류,플라스틱류,밀폐용기
/home/minsu/disk_c/trash_dataset/085.생활_폐기물_이미지/01.데이터/1.Training/라벨링데이터/고철류/프라이팬/12_X017_C171_0129/12_X017_C171_0129_3.Json,1,고철류,플라스틱류,밀폐용기
/home/minsu/disk_c/trash_dataset/085.생활_폐기물_이미지/01.데이터/1.Training/라벨링데이터/고철류/프라이팬/12_X017_C171_0129/12_X017_C171_0129_2.Json,1,고철류,플라스틱류,밀폐용기
/home/minsu/disk_c/trash_dataset/085.생활_폐기물_이미지/01.데이터/1.Training/라벨링데이터/고철류/프라이팬/12_X015_C172_0202/12_X015_C172_0202_0.Json,1,고철류,플라스틱류,밀폐용기
/home/minsu/disk_c/trash_dataset/085.생활_폐기물_이미지/01.데이터/1.Training/라벨링데이터/고철류/프라이팬/12_X015_C172_0202/12_X015_C172_0202_4.Json,1,고철류,플라스틱류,밀폐용기
/home/minsu/disk_c/trash_dataset/085.생활_폐기물_이미지/01.데이터/1.Training/라벨링데이터/고철류/프라이팬/12_X015_C172_0202/12_X015_C172_0202_1.Json,1,고철류,플라스틱류,밀폐용기
/home/minsu/disk_c/trash_dataset/085.생활_폐기물_이미지/01.데이터/1.Training/라벨링데이터/고철류/프라이팬/12_X015_C172_0202/12_X015_C172_0202_3.Json,1,고철류,플라스틱류,밀폐용기
/home/minsu/disk_c/trash_dataset/085.생활_폐기물_이미지/01.데이터/1.Training/라벨링데이터/고철류/프라이팬/12_X015_C172_0202/12_X015_C172_0202_2.Json,1,고철류,플라스틱류,밀폐용기
/home/minsu/disk_c/trash_dataset/085.생활_폐기물_이미지/01.데이터/1.Training/라벨링데이터/고철류/프라이팬/12_X004_C171_0204/12_X004_C171_0204_2.Json,1,고철류,플라스틱류,밀폐용기
/home/minsu/disk_c/trash_dataset/085.생활_폐기물_이미지/01.데이터/1.Training/라벨링데이터/고철류/프라이팬/12_X004_C171_0204/12_X004_C171_0204_3.Json,1,고철류,플라스틱류,밀폐용기
/home/minsu/disk_c/trash_dataset/085.생활_폐기물_이미지/01.데이터/1.Training/라벨링데이터/고철류/프라이팬/12_X004_C171_0204/12_X004_C171_0204_4.Json,1,고철류,플라스틱류,밀폐용기
/home/minsu/disk_c/trash_dataset/085.생활_폐기물_이미지/01.데이터/1.Training/라벨링데이터/고철류/프라이팬/12_X004_C171_0204/12_X004_C171_0204_0.Json,1,고철류,플라스틱류,밀폐용기
/home/minsu/disk_c/trash_dataset/085.생활_폐기물_이미지/01.데이터/1.Training/라벨링데이터/고철류/프라이팬/12_X004_C171_0204/12_X004_C171_0204_1.Json,1,고철류,플라스틱류,밀폐용기
/home/minsu/disk_c/trash_dataset/085.생활_폐기물_이미지/01.데이터/1.Training/라벨링데이터/고철류/프라이팬/12_X027_C061_0131/12_X027_C061_0131_1.Json,1,고철류,유리병류,기타술병
/home/minsu/disk_c/trash_dataset/085.생활_폐기물_이미지/01.데이터/1.Training/라벨링데이터/고철류/프라이팬/12_X027_C061_0131/12_X027_C061_0131_4.Json,1,고철류,유리병류,기타술병
/home/minsu/disk_c/trash_dataset/085.생활_폐기물_이미지/01.데이터/1.Training/라벨링데이터/고철류/프라이팬/12_X027_C061_0131/12_X027_C061_0131_0.Json,1,고철류,유리병류,기타술병
/home/minsu/disk_c/trash_dataset/085.생활_폐기물_이미지/01.데이터/1.Training/라벨링데이터/고철류/프라이팬/12_X027_C061_0131/12_X027_C061_0131_3.Json,1,고철류,유리병류,기타술병
/home/minsu/disk_c/trash_dataset/085.생활_폐기물_이미지/01.데이터/1.Training/라벨링데이터/고철류/프라이팬/12_X027_C061_0131/12_X027_C061_0131_2.Json,1,고철류,유리병류,기타술병
/home/minsu/disk_c/trash_dataset/085.생활_폐기물_이미지/01.데이터/1.Training/라벨링데이터/고철류/프라이팬/12_X007_C172_0202/12_X007_C172_0202_1.Json,1,고철류,플라스틱류,밀폐용기
/home/minsu/disk_c/trash_dataset/085.생활_폐기물_이미지/01.데이터/1.Training/라벨링데이터/고철류/프라이팬/12_X007_C172_0202/12_X007_C172_0202_3.Json,1,고철류,플라스틱류,밀폐용기
/home/minsu/disk_c/trash_dataset/085.생활_폐기물_이미지/01.데이터/1.Training/라벨링데이터/고철류/프라이팬/12_X007_C172_0202/12_X007_C172_0202_0.Json,1,고철류,플라스틱류,밀폐용기
/home/minsu/disk_c/trash_dataset/085.생활_폐기물_이미지/01.데이터/1.Training/라벨링데이터/고철류/프라이팬/12_X007_C172_0202/12_X007_C172_0202_2.Json,1,고철류,플라스틱류,밀폐용기
/home/minsu/disk_c/trash_dataset/085.생활_폐기물_이미지/01.데이터/1.Training/라벨링데이터/고철류/프라이팬/12_X007_C172_0202/12_X007_C172_0202_4.Json,1,고철류,플라스틱류,밀폐용기
/home/minsu/disk_c/trash_dataset/085.생활_폐기물_이미지/01.데이터/1.Training/라벨링데이터/고철류/프라이팬/12_X005_C171_0204/12_X005_C171_0204_0.Json,1,고철류,캔류,음료수캔
/home/minsu/disk_c/trash_dataset/085.생활_폐기물_이미지/01.데이터/1.Training/라벨링데이터/고철류/프라이팬/12_X005_C171_0204/12_X005_C171_0204_4.Json,1,고철류,캔류,음료수캔
/home/minsu/disk_c/trash_dataset/085.생활_폐기물_이미지/01.데이터/1.Training/라벨링데이터/고철류/프라이팬/12_X005_C171_0204/12_X005_C171_0204_3.Json,1,고철류,캔류,음료수캔
/home/minsu/disk_c/trash_dataset/085.생활_폐기물_이미지/01.데이터/1.Training/라벨링데이터/고철류/프라이팬/12_X005_C171_0204/12_X005_C171_0204_1.Json,1,고철류,캔류,음료수캔
/home/minsu/disk_c/trash_dataset/085.생활_폐기물_이미지/01.데이터/1.Training/라벨링데이터/고철류/프라이팬/12_X005_C171_0204/12_X005_C171_0204_2.Json,1,고철류,캔류,음료수캔
/home/minsu/disk_c/trash_dataset/085.생활_폐기물_이미지/01.데이터/1.Training/라벨링데이터/고철류/기타/12_X028_C061_0131/12_X028_C061_0131_4.Json,1,고철류,유리병류,박카스병
/home/minsu/disk_c/trash_dataset/085.생활_폐기물_이미지/01.데이터/1.Training/라벨링데이터/고철류/기타/12_X028_C061_0131/12_X028_C061_0131_2.Json,1,고철류,유리병류,박카스병
/home/minsu/disk_c/trash_dataset/085.생활_폐기물_이미지/01.데이터/1.Training/라벨링데이터/고철류/기타/12_X028_C061_0131/12_X028_C061_0131_1.Json,1,고철류,유리병류,박카스병
/home/minsu/disk_c/trash_dataset/085.생활_폐기물_이미지/01.데이터/1.Training/라벨링데이터/고철류/기타/12_X028_C061_0131/12_X028_C061_0131_0.Json,1,고철류,유리병류,박카스병
/home/minsu/disk_c/trash_dataset/085.생활_폐기물_이미지/01.데이터/1.Training/라벨링데이터/고철류/기타/12_X028_C061_0131/12_X028_C061_0131_3.Json,1,고철류,유리병류,박카스병
/home/minsu/disk_c/trash_dataset/085.생활_폐기물_이미지/01.데이터/1.Training/라벨링데이터/고철류/기타/12_X030_C323_0201/12_X030_C323_0201_4.Json,1,고철류,플라스틱류,기타
/home/minsu/disk_c/trash_dataset/085.생활_폐기물_이미지/01.데이터/1.Training/라벨링데이터/고철류/기타/12_X030_C323_0201/12_X030_C323_0201_1.Json,1,고철류,플라스틱류,기타
/home/minsu/disk_c/trash_dataset/085.생활_폐기물_이미지/01.데이터/1.Training/라벨링데이터/고철류/기타/12_X030_C323_0201/12_X030_C323_0201_3.Json,1,고철류,플라스틱류,기타
/home/minsu/disk_c/trash_dataset/085.생활_폐기물_이미지/01.데이터/1.Training/라벨링데이터/고철류/기타/12_X030_C323_0201/12_X030_C323_0201_0.Json,1,고철류,플라스틱류,기타
/home/minsu/disk_c/trash_dataset/085.생활_폐기물_이미지/01.데이터/1.Training/라벨링데이터/고철류/기타/12_X030_C323_0201/12_X030_C323_0201_2.Json,1,고철류,플라스틱류,기타
/home/minsu/disk_c/trash_dataset/085.생활_폐기물_이미지/01.데이터/1.Training/라벨링데이터/고철류/기타/12_X032_C045_0207/12_X032_C045_0207_1.Json,1,고철류,플라스틱류,기타
/home/minsu/disk_c/trash_dataset/085.생활_폐기물_이미지/01.데이터/1.Training/라벨링데이터/고철류/기타/12_X032_C045_0207/12_X032_C045_0207_0.Json,1,고철류,플라스틱류,기타
/home/minsu/disk_c/trash_dataset/085.생활_폐기물_이미지/01.데이터/1.Training/라벨링데이터/고철류/기타/12_X032_C045_0207/12_X032_C045_0207_3.Json,1,고철류,플라스틱류,기타
/home/minsu/disk_c/trash_dataset/085.생활_폐기물_이미지/01.데이터/1.Training/라벨링데이터/고철류/기타/12_X032_C045_0207/12_X032_C045_0207_4.Json,1,고철류,플라스틱류,기타
/home/minsu/disk_c/trash_dataset/085.생활_폐기물_이미지/01.데이터/1.Training/라벨링데이터/고철류/기타/12_X032_C045_0207/12_X032_C045_0207_2.Json,1,고철류,플라스틱류,기타
/home/minsu/disk_c/trash_dataset/085.생활_폐기물_이미지/01.데이터/1.Training/라벨링데이터/고철류/기타/12_X013_C045_0208/12_X013_C045_0208_3.Json,1,고철류,스티로폼류,보호재
/home/minsu/disk_c/trash_dataset/085.생활_폐기물_이미지/01.데이터/1.Training/라벨링데이터/고철류/기타/12_X013_C045_0208/12_X013_C045_0208_2.Json,0,고철류,스티로폼류,보호재
/home/minsu/disk_c/trash_dataset/085.생활_폐기물_이미지/01.데이터/1.Training/라벨링데이터/고철류/기타/12_X013_C045_0208/12_X013_C045_0208_0.Json,1,고철류,스티로폼류,보호재
/home/minsu/disk_c/trash_dataset/085.생활_폐기물_이미지/01.데이터/1.Training/라벨링데이터/고철류/기타/12_X013_C045_0208/12_X013_C045_0208_4.Json,1,고철류,스티로폼류,보호재
/home/minsu/disk_c/trash_dataset/085.생활_폐기물_이미지/01.데이터/1.Training/라벨링데이터/고철류/기타/12_X013_C045_0208/12_X013_C045_0208_1.Json,1,고철류,스티로폼류,보호재
/home/minsu/disk_c/trash_dataset/085.생활_폐기물_이미지/01.데이터/1.Training/라벨링데이터/고철류/기타/12_X027_C045_0207/12_X027_C045_0207_2.Json,1,고철류,플라스틱류,기타
/home/minsu/disk_c/trash_dataset/085.생활_폐기물_이미지/01.데이터/1.Training/라벨링데이터/고철류/기타/12_X027_C045_0207/12_X027_C045_0207_4.Json,1,고철류,플라스틱류,기타
/home/minsu/disk_c/trash_dataset/085.생활_폐기물_이미지/01.데이터/1.Training/라벨링데이터/고철류/기타/12_X027_C045_0207/12_X027_C045_0207_1.Json,1,고철류,플라스틱류,기타
/home/minsu/disk_c/trash_dataset/085.생활_폐기물_이미지/01.데이터/1.Training/라벨링데이터/고철류/기타/12_X027_C045_0207/12_X027_C045_0207_3.Json,1,고철류,플라스틱류,기타
/home/minsu/disk_c/trash_dataset/085.생활_폐기물_이미지/01.데이터/1.Training/라벨링데이터/고철류/기타/12_X027_C045_0207/12_X027_C045_0207_3.Json,2,고철류,플라스틱류,기타
/home/minsu/disk_c/trash_dataset/085.생활_폐기물_이미지/01.데이터/1.Training/라벨링데이터/고철류/기타/12_X027_C045_0207/12_X027_C045_0207_0.Json,1,고철류,플라스틱류,기타
/home/minsu/disk_c/trash_dataset/085.생활_폐기물_이미지/01.데이터/1.Training/라벨링데이터/고철류/기타/12_X032_C323_0201/12_X032_C323_0201_1.Json,1,고철류,플라스틱류,기타
/home/minsu/disk_c/trash_dataset/085.생활_폐기물_이미지/01.데이터/1.Training/라벨링데이터/고철류/기타/12_X032_C323_0201/12_X032_C323_0201_3.Json,1,고철류,플라스틱류,기타
/home/minsu/disk_c/trash_dataset/085.생활_폐기물_이미지/01.데이터/1.Training/라벨링데이터/고철류/기타/12_X032_C323_0201/12_X032_C323_0201_0.Json,1,고철류,플라스틱류,기타
/home/minsu/disk_c/trash_dataset/085.생활_폐기물_이미지/01.데이터/1.Training/라벨링데이터/고철류/기타/12_X032_C323_0201/12_X032_C323_0201_2.Json,1,고철류,플라스틱류,기타
/home/minsu/disk_c/trash_dataset/085.생활_폐기물_이미지/01.데이터/1.Training/라벨링데이터/고철류/기타/12_X032_C323_0201/12_X032_C323_0201_4.Json,1,고철류,플라스틱류,기타
/home/minsu/disk_c/trash_dataset/085.생활_폐기물_이미지/01.데이터/1.Training/라벨링데이터/고철류/기타/12_X084_C802_0217/12_X084_C802_0217_3.Json,3,고철류,종이류,기타
/home/minsu/disk_c/trash_dataset/085.생활_폐기물_이미지/01.데이터/1.Training/라벨링데이터/고철류/기타/12_X003_C509_0511/12_X003_C509_0511_6.Json,1,고철류,플라스틱류,기타
/home/minsu/disk_c/trash_dataset/085.생활_폐기물_이미지/01.데이터/1.Training/라벨링데이터/고철류/기타/12_X003_C509_0511/12_X003_C509_0511_4.Json,1,고철류,플라스틱류,기타
/home/minsu/disk_c/trash_dataset/085.생활_폐기물_이미지/01.데이터/1.Training/라벨링데이터/고철류/기타/12_X003_C509_0511/12_X003_C509_0511_0.Json,1,고철류,플라스틱류,기타
/home/minsu/disk_c/trash_dataset/085.생활_폐기물_이미지/01.데이터/1.Training/라벨링데이터/고철류/기타/12_X003_C509_0511/12_X003_C509_0511_1.Json,1,고철류,플라스틱류,기타
/home/minsu/disk_c/trash_dataset/085.생활_폐기물_이미지/01.데이터/1.Training/라벨링데이터/고철류/기타/12_X003_C509_0511/12_X003_C509_0511_3.Json,1,고철류,플라스틱류,기타
/home/minsu/disk_c/trash_dataset/085.생활_폐기물_이미지/01.데이터/1.Training/라벨링데이터/고철류/기타/12_X003_C509_0511/12_X003_C509_0511_5.Json,1,고철류,플라스틱류,기타
/home/minsu/disk_c/trash_dataset/085.생활_폐기물_이미지/01.데이터/1.Training/라벨링데이터/고철류/기타/12_X003_C509_0511/12_X003_C509_0511_2.Json,1,고철류,플라스틱류,기타
/home/minsu/disk_c/trash_dataset/085.생활_폐기물_이미지/01.데이터/1.Training/라벨링데이터/고철류/기타/12_X009_C045_1214/12_X009_C045_1214_4.Json,2,고철류,도기류,컵
/home/minsu/disk_c/trash_dataset/085.생활_폐기물_이미지/01.데이터/1.Training/라벨링데이터/고철류/기타/12_X009_C045_1214/12_X009_C045_1214_4.Json,3,고철류,유리병류,기타
/home/minsu/disk_c/trash_dataset/085.생활_폐기물_이미지/01.데이터/1.Training/라벨링데이터/고철류/기타/12_X033_C045_0207/12_X033_C045_0207_3.Json,1,고철류,플라스틱류,기타
/home/minsu/disk_c/trash_dataset/085.생활_폐기물_이미지/01.데이터/1.Training/라벨링데이터/고철류/기타/12_X033_C045_0207/12_X033_C045_0207_2.Json,1,고철류,플라스틱류,기타
/home/minsu/disk_c/trash_dataset/085.생활_폐기물_이미지/01.데이터/1.Training/라벨링데이터/고철류/기타/12_X033_C045_0207/12_X033_C045_0207_4.Json,1,고철류,플라스틱류,기타
/home/minsu/disk_c/trash_dataset/085.생활_폐기물_이미지/01.데이터/1.Training/라벨링데이터/고철류/기타/12_X033_C045_0207/12_X033_C045_0207_0.Json,1,고철류,플라스틱류,기타
/home/minsu/disk_c/trash_dataset/085.생활_폐기물_이미지/01.데이터/1.Training/라벨링데이터/고철류/기타/12_X033_C045_0207/12_X033_C045_0207_1.Json,1,고철류,플라스틱류,기타
/home/minsu/disk_c/trash_dataset/085.생활_폐기물_이미지/01.데이터/1.Training/라벨링데이터/고철류/기타/12_X090_C802_0217/12_X090_C802_0217_0.Json,2,고철류,종이류,기타
/home/minsu/disk_c/trash_dataset/085.생활_폐기물_이미지/01.데이터/1.Training/라벨링데이터/유리병/음료수병/17_X004_C195_1108/17_X004_C195_1108_2.Json,1,유리병류,비닐류,과자봉지
/home/minsu/disk_c/trash_dataset/085.생활_폐기물_이미지/01.데이터/1.Training/라벨링데이터/유리병/맥주병/17_X004_C208_1105/17_X004_C208_1105_3.Json,1,유리병류,비닐류,포장제
/home/minsu/disk_c/trash_dataset/085.생활_폐기물_이미지/01.데이터/1.Training/라벨링데이터/유리병/주방용기/17_X004_C193_1105/17_X004_C193_1105_2.Json,1,유리병류,캔류,통조림캔
/home/minsu/disk_c/trash_dataset/085.생활_폐기물_이미지/01.데이터/1.Training/라벨링데이터/유리병/주방용기/17_X004_C037_1012/17_X004_C037_1012_2.Json,1,유리병류,스티로폼류,포장용기
/home/minsu/disk_c/trash_dataset/085.생활_폐기물_이미지/01.데이터/1.Training/라벨링데이터/형광등/콤팩트형/25_X004_C036_0923/25_X004_C036_0923_4.Json,2,형광등,스티로폼류,스티로폼
/home/minsu/disk_c/trash_dataset/085.생활_폐기물_이미지/01.데이터/1.Training/라벨링데이터/형광등/콤팩트형/25_X004_C036_0923/25_X004_C036_0923_4.Json,3,형광등,플라스틱류,밀폐용기
/home/minsu/disk_c/trash_dataset/085.생활_폐기물_이미지/01.데이터/1.Training/라벨링데이터/형광등/콤팩트형/25_X007_C045_1203/25_X007_C045_1203_3.Json,2,형광등,스티로폼류,기타
/home/minsu/disk_c/trash_dataset/085.생활_폐기물_이미지/01.데이터/1.Training/라벨링데이터/자전거/두발자전거/19_X014_C323_0215/19_X014_C323_0215_2.Json,1,자전거,종이류,상자류
/home/minsu/disk_c/trash_dataset/085.생활_폐기물_이미지/01.데이터/1.Training/라벨링데이터/자전거/두발자전거/19_X014_C323_0215/19_X014_C323_0215_1.Json,1,자전거,종이류,상자류
/home/minsu/disk_c/trash_dataset/085.생활_폐기물_이미지/01.데이터/1.Training/라벨링데이터/자전거/두발자전거/19_X014_C323_0215/19_X014_C323_0215_0.Json,1,자전거,종이류,상자류
/home/minsu/disk_c/trash_dataset/085.생활_폐기물_이미지/01.데이터/1.Training/라벨링데이터/자전거/두발자전거/19_X026_C171_0204/19_X026_C171_0204_0.Json,1,자전거,페트병류,페트병
/home/minsu/disk_c/trash_dataset/085.생활_폐기물_이미지/01.데이터/1.Training/라벨링데이터/자전거/두발자전거/19_X026_C171_0204/19_X026_C171_0204_1.Json,1,자전거,페트병류,페트병
/home/minsu/disk_c/trash_dataset/085.생활_폐기물_이미지/01.데이터/1.Training/라벨링데이터/자전거/두발자전거/19_X026_C171_0204/19_X026_C171_0204_2.Json,1,자전거,페트병류,페트병
/home/minsu/disk_c/trash_dataset/085.생활_폐기물_이미지/01.데이터/1.Training/라벨링데이터/자전거/두발자전거/19_X026_C171_0204/19_X026_C171_0204_3.Json,1,자전거,페트병류,페트병
/home/minsu/disk_c/trash_dataset/085.생활_폐기물_이미지/01.데이터/1.Training/라벨링데이터/자전거/두발자전거/19_X023_C171_0204/19_X023_C171_0204_4.Json,1,자전거,페트병류,페트병
/home/minsu/disk_c/trash_dataset/085.생활_폐기물_이미지/01.데이터/1.Training/라벨링데이터/자전거/두발자전거/19_X023_C171_0204/19_X023_C171_0204_0.Json,1,자전거,페트병류,페트병
/home/minsu/disk_c/trash_dataset/085.생활_폐기물_이미지/01.데이터/1.Training/라벨링데이터/자전거/두발자전거/19_X023_C171_0204/19_X023_C171_0204_3.Json,1,자전거,페트병류,페트병
/home/minsu/disk_c/trash_dataset/085.생활_폐기물_이미지/01.데이터/1.Training/라벨링데이터/자전거/두발자전거/19_X023_C171_0204/19_X023_C171_0204_1.Json,1,자전거,페트병류,페트병
/home/minsu/disk_c/trash_dataset/085.생활_폐기물_이미지/01.데이터/1.Training/라벨링데이터/자전거/두발자전거/19_X023_C171_0204/19_X023_C171_0204_2.Json,1,자전거,페트병류,페트병
/home/minsu/disk_c/trash_dataset/085.생활_폐기물_이미지/01.데이터/1.Training/라벨링데이터/자전거/두발자전거/19_X008_C172_0203/19_X008_C172_0203_3.Json,1,자전거,페트병류,페트병
/home/minsu/disk_c/trash_dataset/085.생활_폐기물_이미지/01.데이터/1.Training/라벨링데이터/자전거/두발자전거/19_X008_C172_0203/19_X008_C172_0203_1.Json,1,자전거,페트병류,페트병
/home/minsu/disk_c/trash_dataset/085.생활_폐기물_이미지/01.데이터/1.Training/라벨링데이터/자전거/두발자전거/19_X008_C172_0203/19_X008_C172_0203_2.Json,1,자전거,페트병류,페트병
/home/minsu/disk_c/trash_dataset/085.생활_폐기물_이미지/01.데이터/1.Training/라벨링데이터/자전거/두발자전거/19_X008_C172_0203/19_X008_C172_0203_0.Json,1,자전거,페트병류,페트병
/home/minsu/disk_c/trash_dataset/085.생활_폐기물_이미지/01.데이터/1.Training/라벨링데이터/자전거/두발자전거/19_X007_C172_0202/19_X007_C172_0202_0.Json,1,자전거,캔류,커피캔
/home/minsu/disk_c/trash_dataset/085.생활_폐기물_이미지/01.데이터/1.Training/라벨링데이터/자전거/두발자전거/19_X007_C172_0202/19_X007_C172_0202_2.Json,1,자전거,캔류,커피캔
/home/minsu/disk_c/trash_dataset/085.생활_폐기물_이미지/01.데이터/1.Training/라벨링데이터/자전거/두발자전거/19_X007_C172_0202/19_X007_C172_0202_3.Json,1,자전거,캔류,커피캔
/home/minsu/disk_c/trash_dataset/085.생활_폐기물_이미지/01.데이터/1.Training/라벨링데이터/자전거/두발자전거/19_X006_C172_0203/19_X006_C172_0203_4.Json,1,자전거,플라스틱류,밀폐용기
/home/minsu/disk_c/trash_dataset/085.생활_폐기물_이미지/01.데이터/1.Training/라벨링데이터/자전거/두발자전거/19_X006_C172_0203/19_X006_C172_0203_1.Json,1,자전거,플라스틱류,밀폐용기
/home/minsu/disk_c/trash_dataset/085.생활_폐기물_이미지/01.데이터/1.Training/라벨링데이터/자전거/두발자전거/19_X006_C172_0203/19_X006_C172_0203_2.Json,1,자전거,플라스틱류,밀폐용기
/home/minsu/disk_c/trash_dataset/085.생활_폐기물_이미지/01.데이터/1.Training/라벨링데이터/자전거/두발자전거/19_X006_C172_0203/19_X006_C172_0203_3.Json,1,자전거,플라스틱류,밀폐용기
/home/minsu/disk_c/trash_dataset/085.생활_폐기물_이미지/01.데이터/1.Training/라벨링데이터/자전거/두발자전거/19_X009_C172_0202/19_X009_C172_0202_3.Json,1,자전거,페트병류,페트병
/home/minsu/disk_c/trash_dataset/085.생활_폐기물_이미지/01.데이터/1.Training/라벨링데이터/자전거/두발자전거/19_X009_C172_0202/19_X009_C172_0202_0.Json,1,자전거,페트병류,페트병
/home/minsu/disk_c/trash_dataset/085.생활_폐기물_이미지/01.데이터/1.Training/라벨링데이터/자전거/두발자전거/19_X009_C172_0202/19_X009_C172_0202_1.Json,1,자전거,페트병류,페트병
/home/minsu/disk_c/trash_dataset/085.생활_폐기물_이미지/01.데이터/1.Training/라벨링데이터/자전거/두발자전거/19_X009_C172_0202/19_X009_C172_0202_2.Json,1,자전거,페트병류,페트병
/home/minsu/disk_c/trash_dataset/085.생활_폐기물_이미지/01.데이터/1.Training/라벨링데이터/자전거/두발자전거/19_X019_C171_0204/19_X019_C171_0204_3.Json,1,자전거,페트병류,페트병
/home/minsu/disk_c/trash_dataset/085.생활_폐기물_이미지/01.데이터/1.Training/라벨링데이터/자전거/두발자전거/19_X019_C171_0204/19_X019_C171_0204_4.Json,1,자전거,페트병류,페트병
/home/minsu/disk_c/trash_dataset/085.생활_폐기물_이미지/01.데이터/1.Training/라벨링데이터/자전거/두발자전거/19_X019_C171_0204/19_X019_C171_0204_0.Json,1,자전거,페트병류,페트병
/home/minsu/disk_c/trash_dataset/085.생활_폐기물_이미지/01.데이터/1.Training/라벨링데이터/자전거/두발자전거/19_X019_C171_0204/19_X019_C171_0204_2.Json,1,자전거,페트병류,페트병
/home/minsu/disk_c/trash_dataset/085.생활_폐기물_이미지/01.데이터/1.Training/라벨링데이터/자전거/두발자전거/19_X019_C171_0204/19_X019_C171_0204_1.Json,1,자전거,페트병류,페트병
/home/minsu/disk_c/trash_dataset/085.생활_폐기물_이미지/01.데이터/1.Training/라벨링데이터/자전거/두발자전거/19_X001_C172_0203/19_X001_C172_0203_0.Json,1,자전거,플라스틱류,밀폐용기
/home/minsu/disk_c/trash_dataset/085.생활_폐기물_이미지/01.데이터/1.Training/라벨링데이터/자전거/두발자전거/19_X001_C172_0203/19_X001_C172_0203_2.Json,1,자전거,플라스틱류,밀폐용기
/home/minsu/disk_c/trash_dataset/085.생활_폐기물_이미지/01.데이터/1.Training/라벨링데이터/자전거/두발자전거/19_X001_C172_0203/19_X001_C172_0203_3.Json,1,자전거,플라스틱류,밀폐용기
/home/minsu/disk_c/trash_dataset/085.생활_폐기물_이미지/01.데이터/1.Training/라벨링데이터/자전거/두발자전거/19_X001_C172_0203/19_X001_C172_0203_1.Json,1,자전거,플라스틱류,밀폐용기
/home/minsu/disk_c/trash_dataset/085.생활_폐기물_이미지/01.데이터/1.Training/라벨링데이터/자전거/두발자전거/19_X001_C172_0203/19_X001_C172_0203_4.Json,1,자전거,플라스틱류,밀폐용기
/home/minsu/disk_c/trash_dataset/085.생활_폐기물_이미지/01.데이터/1.Training/라벨링데이터/자전거/두발자전거/19_X001_C194_1014/19_X001_C194_1014_4.Json,1,자전거,가구류,의자
/home/minsu/disk_c/trash_dataset/085.생활_폐기물_이미지/01.데이터/1.Training/라벨링데이터/자전거/두발자전거/19_X028_C171_0204/19_X028_C171_0204_0.Json,1,자전거,페트병류,페트병
/home/minsu/disk_c/trash_dataset/085.생활_폐기물_이미지/01.데이터/1.Training/라벨링데이터/자전거/두발자전거/19_X028_C171_0204/19_X028_C171_0204_4.Json,1,자전거,페트병류,페트병
/home/minsu/disk_c/trash_dataset/085.생활_폐기물_이미지/01.데이터/1.Training/라벨링데이터/자전거/두발자전거/19_X028_C171_0204/19_X028_C171_0204_3.Json,1,자전거,페트병류,페트병
/home/minsu/disk_c/trash_dataset/085.생활_폐기물_이미지/01.데이터/1.Training/라벨링데이터/자전거/두발자전거/19_X028_C171_0204/19_X028_C171_0204_2.Json,1,자전거,페트병류,페트병
/home/minsu/disk_c/trash_dataset/085.생활_폐기물_이미지/01.데이터/1.Training/라벨링데이터/자전거/두발자전거/19_X028_C171_0204/19_X028_C171_0204_1.Json,1,자전거,페트병류,페트병
/home/minsu/disk_c/trash_dataset/085.생활_폐기물_이미지/01.데이터/1.Training/라벨링데이터/자전거/두발자전거/19_X006_C172_0202/19_X006_C172_0202_2.Json,1,자전거,캔류,커피캔
/home/minsu/disk_c/trash_dataset/085.생활_폐기물_이미지/01.데이터/1.Training/라벨링데이터/자전거/두발자전거/19_X006_C172_0202/19_X006_C172_0202_0.Json,1,자전거,캔류,커피캔
/home/minsu/disk_c/trash_dataset/085.생활_폐기물_이미지/01.데이터/1.Training/라벨링데이터/자전거/두발자전거/19_X006_C172_0202/19_X006_C172_0202_1.Json,1,자전거,캔류,커피캔
/home/minsu/disk_c/trash_dataset/085.생활_폐기물_이미지/01.데이터/1.Training/라벨링데이터/자전거/두발자전거/19_X006_C172_0202/19_X006_C172_0202_4.Json,1,자전거,캔류,커피캔
/home/minsu/disk_c/trash_dataset/085.생활_폐기물_이미지/01.데이터/1.Training/라벨링데이터/자전거/두발자전거/19_X005_C172_0202/19_X005_C172_0202_4.Json,1,자전거,캔류,커피캔
/home/minsu/disk_c/trash_dataset/085.생활_폐기물_이미지/01.데이터/1.Training/라벨링데이터/자전거/두발자전거/19_X005_C172_0202/19_X005_C172_0202_0.Json,1,자전거,캔류,커피캔
/home/minsu/disk_c/trash_dataset/085.생활_폐기물_이미지/01.데이터/1.Training/라벨링데이터/자전거/두발자전거/19_X005_C172_0202/19_X005_C172_0202_2.Json,1,자전거,캔류,커피캔
/home/minsu/disk_c/trash_dataset/085.생활_폐기물_이미지/01.데이터/1.Training/라벨링데이터/자전거/두발자전거/19_X032_C171_0204/19_X032_C171_0204_2.Json,1,자전거,페트병류,페트병
/home/minsu/disk_c/trash_dataset/085.생활_폐기물_이미지/01.데이터/1.Training/라벨링데이터/자전거/두발자전거/19_X032_C171_0204/19_X032_C171_0204_3.Json,1,자전거,페트병류,페트병
/home/minsu/disk_c/trash_dataset/085.생활_폐기물_이미지/01.데이터/1.Training/라벨링데이터/자전거/두발자전거/19_X032_C171_0204/19_X032_C171_0204_4.Json,1,자전거,페트병류,페트병
/home/minsu/disk_c/trash_dataset/085.생활_폐기물_이미지/01.데이터/1.Training/라벨링데이터/자전거/두발자전거/19_X032_C171_0204/19_X032_C171_0204_0.Json,1,자전거,페트병류,페트병
/home/minsu/disk_c/trash_dataset/085.생활_폐기물_이미지/01.데이터/1.Training/라벨링데이터/자전거/두발자전거/19_X032_C171_0204/19_X032_C171_0204_1.Json,1,자전거,페트병류,페트병
/home/minsu/disk_c/trash_dataset/085.생활_폐기물_이미지/01.데이터/1.Training/라벨링데이터/자전거/두발자전거/19_X001_C172_0202/19_X001_C172_0202_3.Json,1,자전거,캔류,커피캔
/home/minsu/disk_c/trash_dataset/085.생활_폐기물_이미지/01.데이터/1.Training/라벨링데이터/자전거/두발자전거/19_X001_C172_0202/19_X001_C172_0202_0.Json,1,자전거,캔류,커피캔
/home/minsu/disk_c/trash_dataset/085.생활_폐기물_이미지/01.데이터/1.Training/라벨링데이터/자전거/두발자전거/19_X001_C172_0202/19_X001_C172_0202_1.Json,1,자전거,캔류,커피캔
/home/minsu/disk_c/trash_dataset/085.생활_폐기물_이미지/01.데이터/1.Training/라벨링데이터/자전거/두발자전거/19_X001_C172_0202/19_X001_C172_0202_2.Json,1,자전거,캔류,커피캔
/home/minsu/disk_c/trash_dataset/085.생활_폐기물_이미지/01.데이터/1.Training/라벨링데이터/자전거/두발자전거/19_X001_C172_0202/19_X001_C172_0202_4.Json,1,자전거,캔류,커피캔
/home/minsu/disk_c/trash_dataset/085.생활_폐기물_이미지/01.데이터/1.Training/라벨링데이터/자전거/두발자전거/19_X001_C198_1106/19_X001_C198_1106_4.Json,1,자전거,가구류,의자
/home/minsu/disk_c/trash_dataset/085.생활_폐기물_이미지/01.데이터/1.Training/라벨링데이터/자전거/두발자전거/19_X001_C198_1106/19_X001_C198_1106_0.Json,1,자전거,가구류,의자
/home/minsu/disk_c/trash_dataset/085.생활_폐기물_이미지/01.데이터/1.Training/라벨링데이터/자전거/두발자전거/19_X003_C172_0203/19_X003_C172_0203_2.Json,1,자전거,플라스틱류,밀폐용기
/home/minsu/disk_c/trash_dataset/085.생활_폐기물_이미지/01.데이터/1.Training/라벨링데이터/자전거/두발자전거/19_X003_C172_0203/19_X003_C172_0203_0.Json,1,자전거,플라스틱류,밀폐용기
/home/minsu/disk_c/trash_dataset/085.생활_폐기물_이미지/01.데이터/1.Training/라벨링데이터/자전거/두발자전거/19_X003_C172_0203/19_X003_C172_0203_3.Json,1,자전거,플라스틱류,밀폐용기
/home/minsu/disk_c/trash_dataset/085.생활_폐기물_이미지/01.데이터/1.Training/라벨링데이터/자전거/두발자전거/19_X003_C172_0203/19_X003_C172_0203_1.Json,1,자전거,플라스틱류,밀폐용기
/home/minsu/disk_c/trash_dataset/085.생활_폐기물_이미지/01.데이터/1.Training/라벨링데이터/자전거/두발자전거/19_X024_C171_0204/19_X024_C171_0204_2.Json,1,자전거,페트병류,페트병
/home/minsu/disk_c/trash_dataset/085.생활_폐기물_이미지/01.데이터/1.Training/라벨링데이터/자전거/두발자전거/19_X024_C171_0204/19_X024_C171_0204_3.Json,1,자전거,페트병류,페트병
/home/minsu/disk_c/trash_dataset/085.생활_폐기물_이미지/01.데이터/1.Training/라벨링데이터/자전거/두발자전거/19_X024_C171_0204/19_X024_C171_0204_0.Json,1,자전거,페트병류,페트병
/home/minsu/disk_c/trash_dataset/085.생활_폐기물_이미지/01.데이터/1.Training/라벨링데이터/자전거/두발자전거/19_X024_C171_0204/19_X024_C171_0204_4.Json,1,자전거,페트병류,페트병
/home/minsu/disk_c/trash_dataset/085.생활_폐기물_이미지/01.데이터/1.Training/라벨링데이터/자전거/두발자전거/19_X024_C171_0204/19_X024_C171_0204_1.Json,1,자전거,페트병류,페트병
/home/minsu/disk_c/trash_dataset/085.생활_폐기물_이미지/01.데이터/1.Training/라벨링데이터/자전거/두발자전거/19_X002_C172_0202/19_X002_C172_0202_2.Json,1,자전거,캔류,커피캔
/home/minsu/disk_c/trash_dataset/085.생활_폐기물_이미지/01.데이터/1.Training/라벨링데이터/자전거/두발자전거/19_X002_C172_0202/19_X002_C172_0202_0.Json,1,자전거,캔류,커피캔
/home/minsu/disk_c/trash_dataset/085.생활_폐기물_이미지/01.데이터/1.Training/라벨링데이터/자전거/두발자전거/19_X002_C172_0202/19_X002_C172_0202_1.Json,1,자전거,캔류,커피캔
/home/minsu/disk_c/trash_dataset/085.생활_폐기물_이미지/01.데이터/1.Training/라벨링데이터/자전거/두발자전거/19_X002_C172_0202/19_X002_C172_0202_4.Json,1,자전거,캔류,커피캔
/home/minsu/disk_c/trash_dataset/085.생활_폐기물_이미지/01.데이터/1.Training/라벨링데이터/자전거/두발자전거/19_X002_C172_0202/19_X002_C172_0202_5.Json,1,자전거,캔류,커피캔
/home/minsu/disk_c/trash_dataset/085.생활_폐기물_이미지/01.데이터/1.Training/라벨링데이터/자전거/두발자전거/19_X021_C171_0204/19_X021_C171_0204_2.Json,1,자전거,페트병류,페트병
/home/minsu/disk_c/trash_dataset/085.생활_폐기물_이미지/01.데이터/1.Training/라벨링데이터/자전거/두발자전거/19_X021_C171_0204/19_X021_C171_0204_1.Json,1,자전거,페트병류,페트병
/home/minsu/disk_c/trash_dataset/085.생활_폐기물_이미지/01.데이터/1.Training/라벨링데이터/자전거/두발자전거/19_X021_C171_0204/19_X021_C171_0204_3.Json,1,자전거,페트병류,페트병
/home/minsu/disk_c/trash_dataset/085.생활_폐기물_이미지/01.데이터/1.Training/라벨링데이터/자전거/두발자전거/19_X021_C171_0204/19_X021_C171_0204_5.Json,1,자전거,페트병류,페트병
/home/minsu/disk_c/trash_dataset/085.생활_폐기물_이미지/01.데이터/1.Training/라벨링데이터/자전거/두발자전거/19_X021_C171_0204/19_X021_C171_0204_4.Json,1,자전거,페트병류,페트병
/home/minsu/disk_c/trash_dataset/085.생활_폐기물_이미지/01.데이터/1.Training/라벨링데이터/자전거/두발자전거/19_X011_C172_0202/19_X011_C172_0202_2.Json,1,자전거,페트병류,페트병
/home/minsu/disk_c/trash_dataset/085.생활_폐기물_이미지/01.데이터/1.Training/라벨링데이터/자전거/두발자전거/19_X011_C172_0202/19_X011_C172_0202_5.Json,1,자전거,페트병류,페트병
/home/minsu/disk_c/trash_dataset/085.생활_폐기물_이미지/01.데이터/1.Training/라벨링데이터/자전거/두발자전거/19_X011_C172_0202/19_X011_C172_0202_6.Json,1,자전거,페트병류,페트병
/home/minsu/disk_c/trash_dataset/085.생활_폐기물_이미지/01.데이터/1.Training/라벨링데이터/자전거/두발자전거/19_X011_C172_0202/19_X011_C172_0202_4.Json,1,자전거,페트병류,페트병
/home/minsu/disk_c/trash_dataset/085.생활_폐기물_이미지/01.데이터/1.Training/라벨링데이터/자전거/두발자전거/19_X033_C171_0204/19_X033_C171_0204_0.Json,1,자전거,페트병류,페트병
/home/minsu/disk_c/trash_dataset/085.생활_폐기물_이미지/01.데이터/1.Training/라벨링데이터/자전거/두발자전거/19_X033_C171_0204/19_X033_C171_0204_1.Json,1,자전거,페트병류,페트병
/home/minsu/disk_c/trash_dataset/085.생활_폐기물_이미지/01.데이터/1.Training/라벨링데이터/자전거/두발자전거/19_X033_C171_0204/19_X033_C171_0204_2.Json,1,자전거,페트병류,페트병
/home/minsu/disk_c/trash_dataset/085.생활_폐기물_이미지/01.데이터/1.Training/라벨링데이터/자전거/두발자전거/19_X033_C171_0204/19_X033_C171_0204_3.Json,1,자전거,페트병류,페트병
/home/minsu/disk_c/trash_dataset/085.생활_폐기물_이미지/01.데이터/1.Training/라벨링데이터/자전거/두발자전거/19_X033_C171_0204/19_X033_C171_0204_5.Json,0,자전거,페트병류,페트병
/home/minsu/disk_c/trash_dataset/085.생활_폐기물_이미지/01.데이터/1.Training/라벨링데이터/자전거/두발자전거/19_X015_C171_0204/19_X015_C171_0204_3.Json,1,자전거,페트병류,페트병
/home/minsu/disk_c/trash_dataset/085.생활_폐기물_이미지/01.데이터/1.Training/라벨링데이터/자전거/두발자전거/19_X015_C171_0204/19_X015_C171_0204_2.Json,1,자전거,페트병류,페트병
/home/minsu/disk_c/trash_dataset/085.생활_폐기물_이미지/01.데이터/1.Training/라벨링데이터/자전거/두발자전거/19_X029_C171_0204/19_X029_C171_0204_2.Json,1,자전거,페트병류,페트병
/home/minsu/disk_c/trash_dataset/085.생활_폐기물_이미지/01.데이터/1.Training/라벨링데이터/자전거/두발자전거/19_X029_C171_0204/19_X029_C171_0204_3.Json,1,자전거,페트병류,페트병
/home/minsu/disk_c/trash_dataset/085.생활_폐기물_이미지/01.데이터/1.Training/라벨링데이터/자전거/두발자전거/19_X029_C171_0204/19_X029_C171_0204_0.Json,1,자전거,페트병류,페트병
/home/minsu/disk_c/trash_dataset/085.생활_폐기물_이미지/01.데이터/1.Training/라벨링데이터/자전거/두발자전거/19_X029_C171_0204/19_X029_C171_0204_4.Json,1,자전거,페트병류,페트병
/home/minsu/disk_c/trash_dataset/085.생활_폐기물_이미지/01.데이터/1.Training/라벨링데이터/자전거/두발자전거/19_X029_C171_0204/19_X029_C171_0204_1.Json,1,자전거,페트병류,페트병
/home/minsu/disk_c/trash_dataset/085.생활_폐기물_이미지/01.데이터/1.Training/라벨링데이터/자전거/두발자전거/19_X123_C097_0320/19_X123_C097_0320_4.Json,1,자전거,가구류,의자
/home/minsu/disk_c/trash_dataset/085.생활_폐기물_이미지/01.데이터/1.Training/라벨링데이터/자전거/두발자전거/19_X123_C097_0320/19_X123_C097_0320_4.Json,2,자전거,가구류,의자
/home/minsu/disk_c/trash_dataset/085.생활_폐기물_이미지/01.데이터/1.Training/라벨링데이터/자전거/두발자전거/19_X123_C097_0320/19_X123_C097_0320_0.Json,0,자전거,가구류,의자
/home/minsu/disk_c/trash_dataset/085.생활_폐기물_이미지/01.데이터/1.Training/라벨링데이터/자전거/두발자전거/19_X123_C097_0320/19_X123_C097_0320_0.Json,1,자전거,가구류,의자
/home/minsu/disk_c/trash_dataset/085.생활_폐기물_이미지/01.데이터/1.Training/라벨링데이터/자전거/두발자전거/19_X123_C097_0320/19_X123_C097_0320_0.Json,2,자전거,플라스틱류,대용량플라스틱통
/home/minsu/disk_c/trash_dataset/085.생활_폐기물_이미지/01.데이터/1.Training/라벨링데이터/자전거/두발자전거/19_X123_C097_0320/19_X123_C097_0320_2.Json,1,자전거,가구류,의자
/home/minsu/disk_c/trash_dataset/085.생활_폐기물_이미지/01.데이터/1.Training/라벨링데이터/자전거/두발자전거/19_X123_C097_0320/19_X123_C097_0320_2.Json,2,자전거,플라스틱류,대용량플라스틱통
/home/minsu/disk_c/trash_dataset/085.생활_폐기물_이미지/01.데이터/1.Training/라벨링데이터/자전거/두발자전거/19_X123_C097_0320/19_X123_C097_0320_1.Json,1,자전거,가구류,의자
/home/minsu/disk_c/trash_dataset/085.생활_폐기물_이미지/01.데이터/1.Training/라벨링데이터/자전거/두발자전거/19_X123_C097_0320/19_X123_C097_0320_1.Json,2,자전거,가구류,의자
/home/minsu/disk_c/trash_dataset/085.생활_폐기물_이미지/01.데이터/1.Training/라벨링데이터/자전거/두발자전거/19_X123_C097_0320/19_X123_C097_0320_3.Json,1,자전거,가구류,의자
/home/minsu/disk_c/trash_dataset/085.생활_폐기물_이미지/01.데이터/1.Training/라벨링데이터/자전거/두발자전거/19_X123_C097_0320/19_X123_C097_0320_3.Json,2,자전거,가구류,의자
/home/minsu/disk_c/trash_dataset/085.생활_폐기물_이미지/01.데이터/1.Training/라벨링데이터/자전거/두발자전거/19_X005_C172_0203/19_X005_C172_0203_4.Json,1,자전거,페트병류,페트병
/home/minsu/disk_c/trash_dataset/085.생활_폐기물_이미지/01.데이터/1.Training/라벨링데이터/자전거/두발자전거/19_X005_C172_0203/19_X005_C172_0203_1.Json,1,자전거,페트병류,페트병
/home/minsu/disk_c/trash_dataset/085.생활_폐기물_이미지/01.데이터/1.Training/라벨링데이터/자전거/두발자전거/19_X005_C172_0203/19_X005_C172_0203_2.Json,1,자전거,페트병류,페트병
/home/minsu/disk_c/trash_dataset/085.생활_폐기물_이미지/01.데이터/1.Training/라벨링데이터/자전거/두발자전거/19_X005_C172_0203/19_X005_C172_0203_3.Json,1,자전거,페트병류,페트병
/home/minsu/disk_c/trash_dataset/085.생활_폐기물_이미지/01.데이터/1.Training/라벨링데이터/자전거/두발자전거/19_X020_C171_0204/19_X020_C171_0204_2.Json,1,자전거,페트병류,페트병
/home/minsu/disk_c/trash_dataset/085.생활_폐기물_이미지/01.데이터/1.Training/라벨링데이터/자전거/두발자전거/19_X020_C171_0204/19_X020_C171_0204_4.Json,1,자전거,페트병류,페트병
/home/minsu/disk_c/trash_dataset/085.생활_폐기물_이미지/01.데이터/1.Training/라벨링데이터/자전거/두발자전거/19_X020_C171_0204/19_X020_C171_0204_0.Json,1,자전거,페트병류,페트병
/home/minsu/disk_c/trash_dataset/085.생활_폐기물_이미지/01.데이터/1.Training/라벨링데이터/자전거/두발자전거/19_X020_C171_0204/19_X020_C171_0204_3.Json,1,자전거,페트병류,페트병
/home/minsu/disk_c/trash_dataset/085.생활_폐기물_이미지/01.데이터/1.Training/라벨링데이터/자전거/두발자전거/19_X020_C171_0204/19_X020_C171_0204_1.Json,1,자전거,페트병류,페트병
/home/minsu/disk_c/trash_dataset/085.생활_폐기물_이미지/01.데이터/1.Training/라벨링데이터/자전거/두발자전거/19_X002_C024_1125/19_X002_C024_1125_4.Json,1,자전거,도기류,화분
/home/minsu/disk_c/trash_dataset/085.생활_폐기물_이미지/01.데이터/1.Training/라벨링데이터/자전거/두발자전거/19_X002_C024_1216/19_X002_C024_1216_4.Json,1,자전거,플라스틱류,대용량플라스틱통
/home/minsu/disk_c/trash_dataset/085.생활_폐기물_이미지/01.데이터/1.Training/라벨링데이터/자전거/두발자전거/19_X001_C184_1028/19_X001_C184_1028_2.Json,1,자전거,스티로폼류,보호재
/home/minsu/disk_c/trash_dataset/085.생활_폐기물_이미지/01.데이터/1.Training/라벨링데이터/자전거/두발자전거/19_X002_C172_0203/19_X002_C172_0203_3.Json,1,자전거,플라스틱류,밀폐용기
/home/minsu/disk_c/trash_dataset/085.생활_폐기물_이미지/01.데이터/1.Training/라벨링데이터/자전거/두발자전거/19_X002_C172_0203/19_X002_C172_0203_4.Json,1,자전거,플라스틱류,밀폐용기
/home/minsu/disk_c/trash_dataset/085.생활_폐기물_이미지/01.데이터/1.Training/라벨링데이터/자전거/두발자전거/19_X002_C172_0203/19_X002_C172_0203_2.Json,1,자전거,플라스틱류,밀폐용기
/home/minsu/disk_c/trash_dataset/085.생활_폐기물_이미지/01.데이터/1.Training/라벨링데이터/자전거/두발자전거/19_X011_C171_0205/19_X011_C171_0205_2.Json,1,자전거,페트병류,페트병
/home/minsu/disk_c/trash_dataset/085.생활_폐기물_이미지/01.데이터/1.Training/라벨링데이터/자전거/두발자전거/19_X011_C171_0205/19_X011_C171_0205_1.Json,1,자전거,페트병류,페트병
/home/minsu/disk_c/trash_dataset/085.생활_폐기물_이미지/01.데이터/1.Training/라벨링데이터/자전거/두발자전거/19_X011_C171_0205/19_X011_C171_0205_0.Json,1,자전거,페트병류,페트병
/home/minsu/disk_c/trash_dataset/085.생활_폐기물_이미지/01.데이터/1.Training/라벨링데이터/자전거/두발자전거/19_X011_C171_0205/19_X011_C171_0205_4.Json,1,자전거,페트병류,페트병
/home/minsu/disk_c/trash_dataset/085.생활_폐기물_이미지/01.데이터/1.Training/라벨링데이터/자전거/두발자전거/19_X011_C171_0205/19_X011_C171_0205_3.Json,1,자전거,페트병류,페트병
/home/minsu/disk_c/trash_dataset/085.생활_폐기물_이미지/01.데이터/1.Training/라벨링데이터/자전거/두발자전거/19_X031_C171_0204/19_X031_C171_0204_1.Json,1,자전거,페트병류,페트병
/home/minsu/disk_c/trash_dataset/085.생활_폐기물_이미지/01.데이터/1.Training/라벨링데이터/자전거/두발자전거/19_X031_C171_0204/19_X031_C171_0204_0.Json,1,자전거,페트병류,페트병
/home/minsu/disk_c/trash_dataset/085.생활_폐기물_이미지/01.데이터/1.Training/라벨링데이터/자전거/두발자전거/19_X031_C171_0204/19_X031_C171_0204_3.Json,1,자전거,페트병류,페트병
/home/minsu/disk_c/trash_dataset/085.생활_폐기물_이미지/01.데이터/1.Training/라벨링데이터/자전거/두발자전거/19_X031_C171_0204/19_X031_C171_0204_2.Json,1,자전거,페트병류,페트병
/home/minsu/disk_c/trash_dataset/085.생활_폐기물_이미지/01.데이터/1.Training/라벨링데이터/자전거/두발자전거/19_X031_C171_0204/19_X031_C171_0204_4.Json,1,자전거,페트병류,페트병
/home/minsu/disk_c/trash_dataset/085.생활_폐기물_이미지/01.데이터/1.Training/라벨링데이터/자전거/두발자전거/19_X008_C172_0202/19_X008_C172_0202_4.Json,1,자전거,페트병류,페트병
/home/minsu/disk_c/trash_dataset/085.생활_폐기물_이미지/01.데이터/1.Training/라벨링데이터/자전거/네발자전거/19_X003_C172_0202/19_X003_C172_0202_6.Json,1,자전거,페트병류,페트병
/home/minsu/disk_c/trash_dataset/085.생활_폐기물_이미지/01.데이터/1.Training/라벨링데이터/자전거/네발자전거/19_X003_C172_0202/19_X003_C172_0202_5.Json,1,자전거,페트병류,페트병
/home/minsu/disk_c/trash_dataset/085.생활_폐기물_이미지/01.데이터/1.Training/라벨링데이터/자전거/네발자전거/19_X003_C172_0202/19_X003_C172_0202_4.Json,1,자전거,페트병류,페트병
/home/minsu/disk_c/trash_dataset/085.생활_폐기물_이미지/01.데이터/1.Training/라벨링데이터/플라스틱류/장남감/24_X190_C509_0402/24_X190_C509_0402_0.Json,1,플라스틱류,전자제품,이동전화단말기
/home/minsu/disk_c/trash_dataset/085.생활_폐기물_이미지/01.데이터/1.Training/라벨링데이터/플라스틱류/장남감/24_X186_C509_0402/24_X186_C509_0402_0.Json,1,플라스틱류,전자제품,이동전화단말기
/home/minsu/disk_c/trash_dataset/085.생활_폐기물_이미지/01.데이터/1.Training/라벨링데이터/플라스틱류/바구니/24_X026_C187_1209/24_X026_C187_1209_3.Json,0,플라스틱류,페트병류,페트병
/home/minsu/disk_c/trash_dataset/085.생활_폐기물_이미지/01.데이터/1.Training/라벨링데이터/플라스틱류/바구니/24_X026_C187_1209/24_X026_C187_1209_0.Json,1,플라스틱류,페트병류,페트병
/home/minsu/disk_c/trash_dataset/085.생활_폐기물_이미지/01.데이터/1.Training/라벨링데이터/플라스틱류/바구니/24_X026_C187_1209/24_X026_C187_1209_4.Json,0,플라스틱류,페트병류,페트병
/home/minsu/disk_c/trash_dataset/085.생활_폐기물_이미지/01.데이터/1.Training/라벨링데이터/플라스틱류/바구니/24_X026_C187_1209/24_X026_C187_1209_1.Json,0,플라스틱류,페트병류,페트병
/home/minsu/disk_c/trash_dataset/085.생활_폐기물_이미지/01.데이터/1.Training/라벨링데이터/플라스틱류/바구니/24_X026_C187_1209/24_X026_C187_1209_2.Json,0,플라스틱류,페트병류,페트병
/home/minsu/disk_c/trash_dataset/085.생활_폐기물_이미지/01.데이터/1.Training/라벨링데이터/플라스틱류/밀폐용기/24_X015_C163_1204/24_X015_C163_1204_3.Json,2,플라스틱류,스티로폼류,스티로폼
/home/minsu/disk_c/trash_dataset/085.생활_폐기물_이미지/01.데이터/1.Training/라벨링데이터/플라스틱류/밀폐용기/24_X015_C163_1204/24_X015_C163_1204_3.Json,3,플라스틱류,스티로폼류,스티로폼
/home/minsu/disk_c/trash_dataset/085.생활_폐기물_이미지/01.데이터/1.Training/라벨링데이터/플라스틱류/밀폐용기/24_X013_C187_1209/24_X013_C187_1209_4.Json,1,플라스틱류,페트병류,페트병
/home/minsu/disk_c/trash_dataset/085.생활_폐기물_이미지/01.데이터/1.Training/라벨링데이터/플라스틱류/밀폐용기/24_X013_C187_1209/24_X013_C187_1209_0.Json,1,플라스틱류,페트병류,페트병
/home/minsu/disk_c/trash_dataset/085.생활_폐기물_이미지/01.데이터/1.Training/라벨링데이터/플라스틱류/밀폐용기/24_X013_C187_1209/24_X013_C187_1209_2.Json,0,플라스틱류,페트병류,페트병
/home/minsu/disk_c/trash_dataset/085.생활_폐기물_이미지/01.데이터/1.Training/라벨링데이터/플라스틱류/밀폐용기/24_X013_C187_1209/24_X013_C187_1209_3.Json,0,플라스틱류,페트병류,페트병
/home/minsu/disk_c/trash_dataset/085.생활_폐기물_이미지/01.데이터/1.Training/라벨링데이터/플라스틱류/밀폐용기/24_X013_C187_1209/24_X013_C187_1209_1.Json,1,플라스틱류,페트병류,페트병
/home/minsu/disk_c/trash_dataset/085.생활_폐기물_이미지/01.데이터/1.Training/라벨링데이터/플라스틱류/밀폐용기/24_X017_C803_0217/24_X017_C803_0217_2.Json,1,플라스틱류,페트병류,페트병
/home/minsu/disk_c/trash_dataset/085.생활_폐기물_이미지/01.데이터/1.Training/라벨링데이터/플라스틱류/밀폐용기/24_X017_C803_0217/24_X017_C803_0217_3.Json,0,플라스틱류,페트병류,페트병
/home/minsu/disk_c/trash_dataset/085.생활_폐기물_이미지/01.데이터/1.Training/라벨링데이터/플라스틱류/밀폐용기/24_X017_C803_0217/24_X017_C803_0217_4.Json,0,플라스틱류,페트병류,페트병
/home/minsu/disk_c/trash_dataset/085.생활_폐기물_이미지/01.데이터/1.Training/라벨링데이터/플라스틱류/밀폐용기/24_X017_C803_0217/24_X017_C803_0217_0.Json,1,플라스틱류,페트병류,페트병
/home/minsu/disk_c/trash_dataset/085.생활_폐기물_이미지/01.데이터/1.Training/라벨링데이터/플라스틱류/밀폐용기/24_X017_C803_0217/24_X017_C803_0217_1.Json,0,플라스틱류,페트병류,페트병
/home/minsu/disk_c/trash_dataset/085.생활_폐기물_이미지/01.데이터/1.Training/라벨링데이터/플라스틱류/밀폐용기/24_X127_C509_0402/24_X127_C509_0402_4.Json,1,플라스틱류,종이류,상자류
/home/minsu/disk_c/trash_dataset/085.생활_폐기물_이미지/01.데이터/1.Training/라벨링데이터/플라스틱류/밀폐용기/24_X003_C195_1211/24_X003_C195_1211_1.Json,1,플라스틱류,페트병류,페트병
/home/minsu/disk_c/trash_dataset/085.생활_폐기물_이미지/01.데이터/1.Training/라벨링데이터/플라스틱류/밀폐용기/24_X003_C195_1211/24_X003_C195_1211_3.Json,1,플라스틱류,페트병류,페트병
/home/minsu/disk_c/trash_dataset/085.생활_폐기물_이미지/01.데이터/1.Training/라벨링데이터/플라스틱류/밀폐용기/24_X003_C195_1211/24_X003_C195_1211_4.Json,1,플라스틱류,페트병류,페트병
/home/minsu/disk_c/trash_dataset/085.생활_폐기물_이미지/01.데이터/1.Training/라벨링데이터/플라스틱류/밀폐용기/24_X003_C195_1211/24_X003_C195_1211_2.Json,1,플라스틱류,페트병류,페트병
/home/minsu/disk_c/trash_dataset/085.생활_폐기물_이미지/01.데이터/1.Training/라벨링데이터/플라스틱류/밀폐용기/24_X003_C195_1211/24_X003_C195_1211_0.Json,1,플라스틱류,페트병류,페트병
/home/minsu/disk_c/trash_dataset/085.생활_폐기물_이미지/01.데이터/1.Training/라벨링데이터/플라스틱류/밀폐용기/24_X009_C196_1210/24_X009_C196_1210_1.Json,0,플라스틱류,가구류,소파
/home/minsu/disk_c/trash_dataset/085.생활_폐기물_이미지/01.데이터/1.Training/라벨링데이터/플라스틱류/밀폐용기/24_X147_C509_0402/24_X147_C509_0402_3.Json,1,플라스틱류,종이류,상자류
/home/minsu/disk_c/trash_dataset/085.생활_폐기물_이미지/01.데이터/1.Training/라벨링데이터/플라스틱류/밀폐용기/24_X001_C023_1210/24_X001_C023_1210_0.Json,2,플라스틱류,캔류,기타
/home/minsu/disk_c/trash_dataset/085.생활_폐기물_이미지/01.데이터/1.Training/라벨링데이터/플라스틱류/밀폐용기/24_X002_C211_1201/24_X002_C211_1201_3.Json,1,플라스틱류,페트병류,밀폐용기
/home/minsu/disk_c/trash_dataset/085.생활_폐기물_이미지/01.데이터/1.Training/라벨링데이터/플라스틱류/밀폐용기/24_X002_C211_1201/24_X002_C211_1201_4.Json,1,플라스틱류,페트병류,페트병
/home/minsu/disk_c/trash_dataset/085.생활_폐기물_이미지/01.데이터/1.Training/라벨링데이터/플라스틱류/밀폐용기/24_X002_C211_1201/24_X002_C211_1201_2.Json,1,플라스틱류,페트병류,밀폐용기
/home/minsu/disk_c/trash_dataset/085.생활_폐기물_이미지/01.데이터/1.Training/라벨링데이터/플라스틱류/밀폐용기/24_X002_C211_1201/24_X002_C211_1201_0.Json,1,플라스틱류,페트병류,페트병
/home/minsu/disk_c/trash_dataset/085.생활_폐기물_이미지/01.데이터/1.Training/라벨링데이터/플라스틱류/밀폐용기/24_X002_C211_1201/24_X002_C211_1201_1.Json,1,플라스틱류,페트병류,밀폐용기
/home/minsu/disk_c/trash_dataset/085.생활_폐기물_이미지/01.데이터/1.Training/라벨링데이터/플라스틱류/밀폐용기/24_X001_C163_1202/24_X001_C163_1202_4.Json,2,플라스틱류,스티로폼류,보호재
/home/minsu/disk_c/trash_dataset/085.생활_폐기물_이미지/01.데이터/1.Training/라벨링데이터/플라스틱류/밀폐용기/24_X001_C163_1202/24_X001_C163_1202_2.Json,2,플라스틱류,스티로폼류,보호재
/home/minsu/disk_c/trash_dataset/085.생활_폐기물_이미지/01.데이터/1.Training/라벨링데이터/플라스틱류/밀폐용기/24_X001_C163_1202/24_X001_C163_1202_3.Json,2,플라스틱류,스티로폼류,보호재
/home/minsu/disk_c/trash_dataset/085.생활_폐기물_이미지/01.데이터/1.Training/라벨링데이터/플라스틱류/밀폐용기/24_X027_C193_1203/24_X027_C193_1203_4.Json,0,플라스틱류,페트병류,페트병
/home/minsu/disk_c/trash_dataset/085.생활_폐기물_이미지/01.데이터/1.Training/라벨링데이터/플라스틱류/밀폐용기/24_X027_C193_1203/24_X027_C193_1203_4.Json,2,플라스틱류,페트병류,페트병
/home/minsu/disk_c/trash_dataset/085.생활_폐기물_이미지/01.데이터/1.Training/라벨링데이터/플라스틱류/밀폐용기/24_X027_C193_1203/24_X027_C193_1203_2.Json,0,플라스틱류,페트병류,페트병
/home/minsu/disk_c/trash_dataset/085.생활_폐기물_이미지/01.데이터/1.Training/라벨링데이터/플라스틱류/밀폐용기/24_X027_C193_1203/24_X027_C193_1203_2.Json,1,플라스틱류,페트병류,페트병
/home/minsu/disk_c/trash_dataset/085.생활_폐기물_이미지/01.데이터/1.Training/라벨링데이터/플라스틱류/밀폐용기/24_X027_C193_1203/24_X027_C193_1203_1.Json,0,플라스틱류,페트병류,페트병
/home/minsu/disk_c/trash_dataset/085.생활_폐기물_이미지/01.데이터/1.Training/라벨링데이터/플라스틱류/밀폐용기/24_X027_C193_1203/24_X027_C193_1203_1.Json,1,플라스틱류,페트병류,페트병
/home/minsu/disk_c/trash_dataset/085.생활_폐기물_이미지/01.데이터/1.Training/라벨링데이터/플라스틱류/밀폐용기/24_X027_C193_1203/24_X027_C193_1203_0.Json,0,플라스틱류,페트병류,페트병
/home/minsu/disk_c/trash_dataset/085.생활_폐기물_이미지/01.데이터/1.Training/라벨링데이터/플라스틱류/밀폐용기/24_X027_C193_1203/24_X027_C193_1203_0.Json,1,플라스틱류,페트병류,페트병
/home/minsu/disk_c/trash_dataset/085.생활_폐기물_이미지/01.데이터/1.Training/라벨링데이터/플라스틱류/밀폐용기/24_X027_C193_1203/24_X027_C193_1203_3.Json,0,플라스틱류,페트병류,페트병
/home/minsu/disk_c/trash_dataset/085.생활_폐기물_이미지/01.데이터/1.Training/라벨링데이터/플라스틱류/밀폐용기/24_X027_C193_1203/24_X027_C193_1203_3.Json,1,플라스틱류,페트병류,페트병
/home/minsu/disk_c/trash_dataset/085.생활_폐기물_이미지/01.데이터/1.Training/라벨링데이터/플라스틱류/밀폐용기/24_X026_C175_1201/24_X026_C175_1201_2.Json,0,플라스틱류,페트병류,페트병
/home/minsu/disk_c/trash_dataset/085.생활_폐기물_이미지/01.데이터/1.Training/라벨링데이터/플라스틱류/밀폐용기/24_X026_C175_1201/24_X026_C175_1201_0.Json,1,플라스틱류,페트병류,페트병
/home/minsu/disk_c/trash_dataset/085.생활_폐기물_이미지/01.데이터/1.Training/라벨링데이터/플라스틱류/밀폐용기/24_X026_C175_1201/24_X026_C175_1201_3.Json,0,플라스틱류,페트병류,페트병
/home/minsu/disk_c/trash_dataset/085.생활_폐기물_이미지/01.데이터/1.Training/라벨링데이터/플라스틱류/밀폐용기/24_X026_C175_1201/24_X026_C175_1201_1.Json,0,플라스틱류,페트병류,페트병
/home/minsu/disk_c/trash_dataset/085.생활_폐기물_이미지/01.데이터/1.Training/라벨링데이터/플라스틱류/밀폐용기/24_X026_C175_1201/24_X026_C175_1201_4.Json,0,플라스틱류,페트병류,페트병
/home/minsu/disk_c/trash_dataset/085.생활_폐기물_이미지/01.데이터/1.Training/라벨링데이터/플라스틱류/밀폐용기/24_X030_C188_1209/24_X030_C188_1209_3.Json,1,플라스틱류,형광등,기타
/home/minsu/disk_c/trash_dataset/085.생활_폐기물_이미지/01.데이터/1.Training/라벨링데이터/플라스틱류/밀폐용기/24_X030_C188_1209/24_X030_C188_1209_1.Json,1,플라스틱류,형광등,기타
/home/minsu/disk_c/trash_dataset/085.생활_폐기물_이미지/01.데이터/1.Training/라벨링데이터/플라스틱류/밀폐용기/24_X030_C188_1209/24_X030_C188_1209_4.Json,0,플라스틱류,형광등,기타
/home/minsu/disk_c/trash_dataset/085.생활_폐기물_이미지/01.데이터/1.Training/라벨링데이터/플라스틱류/밀폐용기/24_X030_C188_1209/24_X030_C188_1209_0.Json,0,플라스틱류,형광등,기타
/home/minsu/disk_c/trash_dataset/085.생활_폐기물_이미지/01.데이터/1.Training/라벨링데이터/플라스틱류/밀폐용기/24_X030_C188_1209/24_X030_C188_1209_2.Json,1,플라스틱류,형광등,기타
/home/minsu/disk_c/trash_dataset/085.생활_폐기물_이미지/01.데이터/1.Training/라벨링데이터/플라스틱류/밀폐용기/24_X010_C187_1214/24_X010_C187_1214_4.Json,1,플라스틱류,페트병류,페트병
/home/minsu/disk_c/trash_dataset/085.생활_폐기물_이미지/01.데이터/1.Training/라벨링데이터/플라스틱류/밀폐용기/24_X010_C187_1214/24_X010_C187_1214_2.Json,1,플라스틱류,페트병류,페트병
/home/minsu/disk_c/trash_dataset/085.생활_폐기물_이미지/01.데이터/1.Training/라벨링데이터/플라스틱류/밀폐용기/24_X010_C187_1214/24_X010_C187_1214_3.Json,1,플라스틱류,페트병류,페트병
/home/minsu/disk_c/trash_dataset/085.생활_폐기물_이미지/01.데이터/1.Training/라벨링데이터/플라스틱류/밀폐용기/24_X010_C187_1214/24_X010_C187_1214_0.Json,1,플라스틱류,페트병류,페트병
/home/minsu/disk_c/trash_dataset/085.생활_폐기물_이미지/01.데이터/1.Training/라벨링데이터/플라스틱류/밀폐용기/24_X010_C187_1214/24_X010_C187_1214_1.Json,1,플라스틱류,페트병류,페트병
/home/minsu/disk_c/trash_dataset/085.생활_폐기물_이미지/01.데이터/1.Training/라벨링데이터/플라스틱류/밀폐용기/24_X010_C163_1204/24_X010_C163_1204_0.Json,1,플라스틱류,페트병류,페트병
/home/minsu/disk_c/trash_dataset/085.생활_폐기물_이미지/01.데이터/1.Training/라벨링데이터/플라스틱류/밀폐용기/24_X010_C163_1204/24_X010_C163_1204_4.Json,1,플라스틱류,페트병류,페트병
/home/minsu/disk_c/trash_dataset/085.생활_폐기물_이미지/01.데이터/1.Training/라벨링데이터/플라스틱류/밀폐용기/24_X010_C163_1204/24_X010_C163_1204_3.Json,1,플라스틱류,페트병류,페트병
/home/minsu/disk_c/trash_dataset/085.생활_폐기물_이미지/01.데이터/1.Training/라벨링데이터/플라스틱류/밀폐용기/24_X010_C163_1204/24_X010_C163_1204_1.Json,1,플라스틱류,페트병류,페트병
/home/minsu/disk_c/trash_dataset/085.생활_폐기물_이미지/01.데이터/1.Training/라벨링데이터/플라스틱류/밀폐용기/24_X010_C163_1204/24_X010_C163_1204_2.Json,1,플라스틱류,페트병류,페트병
/home/minsu/disk_c/trash_dataset/085.생활_폐기물_이미지/01.데이터/1.Training/라벨링데이터/플라스틱류/밀폐용기/24_X024_C188_1207/24_X024_C188_1207_1.Json,1,플라스틱류,페트병류,페트병
/home/minsu/disk_c/trash_dataset/085.생활_폐기물_이미지/01.데이터/1.Training/라벨링데이터/플라스틱류/밀폐용기/24_X024_C188_1207/24_X024_C188_1207_4.Json,1,플라스틱류,페트병류,페트병
/home/minsu/disk_c/trash_dataset/085.생활_폐기물_이미지/01.데이터/1.Training/라벨링데이터/플라스틱류/밀폐용기/24_X024_C188_1207/24_X024_C188_1207_0.Json,0,플라스틱류,페트병류,페트병
/home/minsu/disk_c/trash_dataset/085.생활_폐기물_이미지/01.데이터/1.Training/라벨링데이터/플라스틱류/밀폐용기/24_X024_C188_1207/24_X024_C188_1207_3.Json,1,플라스틱류,페트병류,페트병
/home/minsu/disk_c/trash_dataset/085.생활_폐기물_이미지/01.데이터/1.Training/라벨링데이터/플라스틱류/밀폐용기/24_X024_C188_1207/24_X024_C188_1207_2.Json,1,플라스틱류,페트병류,페트병
/home/minsu/disk_c/trash_dataset/085.생활_폐기물_이미지/01.데이터/1.Training/라벨링데이터/플라스틱류/밀폐용기/24_X097_C509_0402/24_X097_C509_0402_2.Json,1,플라스틱류,종이류,상자류
/home/minsu/disk_c/trash_dataset/085.생활_폐기물_이미지/01.데이터/1.Training/라벨링데이터/플라스틱류/밀폐용기/24_X023_C188_1207/24_X023_C188_1207_1.Json,0,플라스틱류,페트병류,페트병
/home/minsu/disk_c/trash_dataset/085.생활_폐기물_이미지/01.데이터/1.Training/라벨링데이터/플라스틱류/밀폐용기/24_X023_C188_1207/24_X023_C188_1207_2.Json,0,플라스틱류,페트병류,페트병
/home/minsu/disk_c/trash_dataset/085.생활_폐기물_이미지/01.데이터/1.Training/라벨링데이터/플라스틱류/밀폐용기/24_X023_C188_1207/24_X023_C188_1207_5.Json,0,플라스틱류,페트병류,페트병
/home/minsu/disk_c/trash_dataset/085.생활_폐기물_이미지/01.데이터/1.Training/라벨링데이터/플라스틱류/밀폐용기/24_X023_C188_1207/24_X023_C188_1207_3.Json,0,플라스틱류,페트병류,페트병
/home/minsu/disk_c/trash_dataset/085.생활_폐기물_이미지/01.데이터/1.Training/라벨링데이터/플라스틱류/밀폐용기/24_X023_C188_1207/24_X023_C188_1207_0.Json,1,플라스틱류,페트병류,페트병
/home/minsu/disk_c/trash_dataset/085.생활_폐기물_이미지/01.데이터/1.Training/라벨링데이터/플라스틱류/밀폐용기/24_X009_C802_0221/24_X009_C802_0221_0.Json,1,플라스틱류,페트병류,일회용음료수잔
/home/minsu/disk_c/trash_dataset/085.생활_폐기물_이미지/01.데이터/1.Training/라벨링데이터/플라스틱류/밀폐용기/24_X009_C802_0221/24_X009_C802_0221_4.Json,1,플라스틱류,페트병류,일회용음료수잔
/home/minsu/disk_c/trash_dataset/085.생활_폐기물_이미지/01.데이터/1.Training/라벨링데이터/플라스틱류/밀폐용기/24_X009_C802_0221/24_X009_C802_0221_1.Json,0,플라스틱류,페트병류,일회용음료수잔
/home/minsu/disk_c/trash_dataset/085.생활_폐기물_이미지/01.데이터/1.Training/라벨링데이터/플라스틱류/밀폐용기/24_X009_C802_0221/24_X009_C802_0221_3.Json,1,플라스틱류,페트병류,일회용음료수잔
/home/minsu/disk_c/trash_dataset/085.생활_폐기물_이미지/01.데이터/1.Training/라벨링데이터/플라스틱류/밀폐용기/24_X009_C802_0221/24_X009_C802_0221_2.Json,0,플라스틱류,페트병류,일회용음료수잔
/home/minsu/disk_c/trash_dataset/085.생활_폐기물_이미지/01.데이터/1.Training/라벨링데이터/플라스틱류/밀폐용기/24_X126_C509_0402/24_X126_C509_0402_4.Json,1,플라스틱류,종이류,상자류
/home/minsu/disk_c/trash_dataset/085.생활_폐기물_이미지/01.데이터/1.Training/라벨링데이터/플라스틱류/밀폐용기/24_X013_C024_1214/24_X013_C024_1214_3.Json,1,플라스틱류,종이류,포장상자
/home/minsu/disk_c/trash_dataset/085.생활_폐기물_이미지/01.데이터/1.Training/라벨링데이터/플라스틱류/밀폐용기/24_X013_C024_1214/24_X013_C024_1214_4.Json,1,플라스틱류,종이류,포장상자
/home/minsu/disk_c/trash_dataset/085.생활_폐기물_이미지/01.데이터/1.Training/라벨링데이터/플라스틱류/밀폐용기/24_X013_C024_1214/24_X013_C024_1214_1.Json,1,플라스틱류,종이류,포장상자
/home/minsu/disk_c/trash_dataset/085.생활_폐기물_이미지/01.데이터/1.Training/라벨링데이터/플라스틱류/밀폐용기/24_X013_C024_1214/24_X013_C024_1214_2.Json,1,플라스틱류,종이류,포장상자
/home/minsu/disk_c/trash_dataset/085.생활_폐기물_이미지/01.데이터/1.Training/라벨링데이터/플라스틱류/밀폐용기/24_X013_C024_1214/24_X013_C024_1214_0.Json,1,플라스틱류,종이류,포장상자
/home/minsu/disk_c/trash_dataset/085.생활_폐기물_이미지/01.데이터/1.Training/라벨링데이터/플라스틱류/밀폐용기/24_X160_C509_0402/24_X160_C509_0402_3.Json,1,플라스틱류,종이류,상자류
/home/minsu/disk_c/trash_dataset/085.생활_폐기물_이미지/01.데이터/1.Training/라벨링데이터/플라스틱류/밀폐용기/24_X160_C509_0402/24_X160_C509_0402_3.Json,2,플라스틱류,종이류,종이봉투
/home/minsu/disk_c/trash_dataset/085.생활_폐기물_이미지/01.데이터/1.Training/라벨링데이터/플라스틱류/밀폐용기/24_X018_C187_1209/24_X018_C187_1209_3.Json,0,플라스틱류,페트병류,페트병
/home/minsu/disk_c/trash_dataset/085.생활_폐기물_이미지/01.데이터/1.Training/라벨링데이터/플라스틱류/밀폐용기/24_X018_C187_1209/24_X018_C187_1209_1.Json,0,플라스틱류,페트병류,페트병
/home/minsu/disk_c/trash_dataset/085.생활_폐기물_이미지/01.데이터/1.Training/라벨링데이터/플라스틱류/밀폐용기/24_X018_C187_1209/24_X018_C187_1209_2.Json,0,플라스틱류,페트병류,페트병
/home/minsu/disk_c/trash_dataset/085.생활_폐기물_이미지/01.데이터/1.Training/라벨링데이터/플라스틱류/밀폐용기/24_X018_C187_1209/24_X018_C187_1209_4.Json,0,플라스틱류,페트병류,페트병
/home/minsu/disk_c/trash_dataset/085.생활_폐기물_이미지/01.데이터/1.Training/라벨링데이터/플라스틱류/밀폐용기/24_X018_C187_1209/24_X018_C187_1209_0.Json,1,플라스틱류,페트병류,페트병
/home/minsu/disk_c/trash_dataset/085.생활_폐기물_이미지/01.데이터/1.Training/라벨링데이터/플라스틱류/밀폐용기/24_X004_C211_0107/24_X004_C211_0107_2.Json,1,플라스틱류,도기류,화분
/home/minsu/disk_c/trash_dataset/085.생활_폐기물_이미지/01.데이터/1.Training/라벨링데이터/플라스틱류/밀폐용기/24_X004_C211_0107/24_X004_C211_0107_3.Json,1,플라스틱류,도기류,화분
/home/minsu/disk_c/trash_dataset/085.생활_폐기물_이미지/01.데이터/1.Training/라벨링데이터/플라스틱류/밀폐용기/24_X004_C211_0107/24_X004_C211_0107_0.Json,1,플라스틱류,도기류,화분
/home/minsu/disk_c/trash_dataset/085.생활_폐기물_이미지/01.데이터/1.Training/라벨링데이터/플라스틱류/밀폐용기/24_X004_C211_0107/24_X004_C211_0107_1.Json,1,플라스틱류,도기류,화분
/home/minsu/disk_c/trash_dataset/085.생활_폐기물_이미지/01.데이터/1.Training/라벨링데이터/플라스틱류/밀폐용기/24_X004_C211_0107/24_X004_C211_0107_4.Json,1,플라스틱류,도기류,화분
/home/minsu/disk_c/trash_dataset/085.생활_폐기물_이미지/01.데이터/1.Training/라벨링데이터/플라스틱류/밀폐용기/24_X135_C509_0402/24_X135_C509_0402_4.Json,3,플라스틱류,종이류,상자류
/home/minsu/disk_c/trash_dataset/085.생활_폐기물_이미지/01.데이터/1.Training/라벨링데이터/플라스틱류/밀폐용기/24_X135_C509_0402/24_X135_C509_0402_4.Json,4,플라스틱류,종이류,종이봉투
/home/minsu/disk_c/trash_dataset/085.생활_폐기물_이미지/01.데이터/1.Training/라벨링데이터/플라스틱류/대용량플라스틱통/24_X009_C187_1209/24_X009_C187_1209_4.Json,2,플라스틱류,종이류,상자류
/home/minsu/disk_c/trash_dataset/085.생활_폐기물_이미지/01.데이터/1.Training/라벨링데이터/플라스틱류/대용량플라스틱통/24_X001_C014_1207/24_X001_C014_1207_1.Json,1,플라스틱류,전자제품,기타
/home/minsu/disk_c/trash_dataset/085.생활_폐기물_이미지/01.데이터/1.Training/라벨링데이터/플라스틱류/대용량플라스틱통/24_X001_C014_1207/24_X001_C014_1207_4.Json,0,플라스틱류,전자제품,기타
/home/minsu/disk_c/trash_dataset/085.생활_폐기물_이미지/01.데이터/1.Training/라벨링데이터/플라스틱류/대용량플라스틱통/24_X001_C014_1207/24_X001_C014_1207_2.Json,1,플라스틱류,전자제품,기타
/home/minsu/disk_c/trash_dataset/085.생활_폐기물_이미지/01.데이터/1.Training/라벨링데이터/플라스틱류/대용량플라스틱통/24_X001_C014_1207/24_X001_C014_1207_3.Json,0,플라스틱류,전자제품,기타
/home/minsu/disk_c/trash_dataset/085.생활_폐기물_이미지/01.데이터/1.Training/라벨링데이터/플라스틱류/대용량플라스틱통/24_X001_C014_1207/24_X001_C014_1207_0.Json,1,플라스틱류,전자제품,기타
/home/minsu/disk_c/trash_dataset/085.생활_폐기물_이미지/01.데이터/1.Training/라벨링데이터/플라스틱류/대용량플라스틱통/24_X059_C500_0217/24_X059_C500_0217_0.Json,1,플라스틱류,스티로폼류,보호재
/home/minsu/disk_c/trash_dataset/085.생활_폐기물_이미지/01.데이터/1.Training/라벨링데이터/플라스틱류/대용량플라스틱통/24_X059_C500_0217/24_X059_C500_0217_4.Json,1,플라스틱류,스티로폼류,보호재
/home/minsu/disk_c/trash_dataset/085.생활_폐기물_이미지/01.데이터/1.Training/라벨링데이터/플라스틱류/대용량플라스틱통/24_X059_C500_0217/24_X059_C500_0217_1.Json,1,플라스틱류,스티로폼류,보호재
/home/minsu/disk_c/trash_dataset/085.생활_폐기물_이미지/01.데이터/1.Training/라벨링데이터/플라스틱류/대용량플라스틱통/24_X059_C500_0217/24_X059_C500_0217_3.Json,1,플라스틱류,스티로폼류,보호재
/home/minsu/disk_c/trash_dataset/085.생활_폐기물_이미지/01.데이터/1.Training/라벨링데이터/플라스틱류/대용량플라스틱통/24_X059_C500_0217/24_X059_C500_0217_2.Json,1,플라스틱류,스티로폼류,보호재
/home/minsu/disk_c/trash_dataset/085.생활_폐기물_이미지/01.데이터/1.Training/라벨링데이터/플라스틱류/대용량플라스틱통/24_X008_C162_1208/24_X008_C162_1208_3.Json,2,플라스틱류,페트병류,일회용음료수잔
/home/minsu/disk_c/trash_dataset/085.생활_폐기물_이미지/01.데이터/1.Training/라벨링데이터/플라스틱류/대용량플라스틱통/24_X023_C175_1201/24_X023_C175_1201_3.Json,1,플라스틱류,페트병류,일회용음료수잔
/home/minsu/disk_c/trash_dataset/085.생활_폐기물_이미지/01.데이터/1.Training/라벨링데이터/플라스틱류/대용량플라스틱통/24_X023_C175_1201/24_X023_C175_1201_2.Json,1,플라스틱류,페트병류,일회용음료수잔
/home/minsu/disk_c/trash_dataset/085.생활_폐기물_이미지/01.데이터/1.Training/라벨링데이터/플라스틱류/대용량플라스틱통/24_X023_C175_1201/24_X023_C175_1201_0.Json,1,플라스틱류,페트병류,일회용음료수잔
/home/minsu/disk_c/trash_dataset/085.생활_폐기물_이미지/01.데이터/1.Training/라벨링데이터/플라스틱류/대용량플라스틱통/24_X023_C175_1201/24_X023_C175_1201_1.Json,1,플라스틱류,페트병류,일회용음료수잔
/home/minsu/disk_c/trash_dataset/085.생활_폐기물_이미지/01.데이터/1.Training/라벨링데이터/플라스틱류/대용량플라스틱통/24_X023_C175_1201/24_X023_C175_1201_4.Json,1,플라스틱류,페트병류,일회용음료수잔
/home/minsu/disk_c/trash_dataset/085.생활_폐기물_이미지/01.데이터/1.Training/라벨링데이터/플라스틱류/욕실용품/24_X018_C187_1207/24_X018_C187_1207_1.Json,0,플라스틱류,페트병류,페트병
/home/minsu/disk_c/trash_dataset/085.생활_폐기물_이미지/01.데이터/1.Training/라벨링데이터/플라스틱류/욕실용품/24_X018_C187_1207/24_X018_C187_1207_0.Json,0,플라스틱류,페트병류,페트병
/home/minsu/disk_c/trash_dataset/085.생활_폐기물_이미지/01.데이터/1.Training/라벨링데이터/플라스틱류/욕실용품/24_X018_C187_1207/24_X018_C187_1207_2.Json,0,플라스틱류,페트병류,페트병
/home/minsu/disk_c/trash_dataset/085.생활_폐기물_이미지/01.데이터/1.Training/라벨링데이터/플라스틱류/욕실용품/24_X018_C187_1207/24_X018_C187_1207_4.Json,1,플라스틱류,페트병류,페트병
/home/minsu/disk_c/trash_dataset/085.생활_폐기물_이미지/01.데이터/1.Training/라벨링데이터/플라스틱류/욕실용품/24_X018_C187_1207/24_X018_C187_1207_3.Json,1,플라스틱류,페트병류,페트병
/home/minsu/disk_c/trash_dataset/085.생활_폐기물_이미지/01.데이터/1.Training/라벨링데이터/플라스틱류/욕실용품/24_X010_C187_1207/24_X010_C187_1207_2.Json,0,플라스틱류,페트병류,페트병
/home/minsu/disk_c/trash_dataset/085.생활_폐기물_이미지/01.데이터/1.Training/라벨링데이터/플라스틱류/욕실용품/24_X010_C187_1207/24_X010_C187_1207_3.Json,0,플라스틱류,페트병류,페트병
/home/minsu/disk_c/trash_dataset/085.생활_폐기물_이미지/01.데이터/1.Training/라벨링데이터/플라스틱류/욕실용품/24_X010_C187_1207/24_X010_C187_1207_4.Json,0,플라스틱류,페트병류,페트병
/home/minsu/disk_c/trash_dataset/085.생활_폐기물_이미지/01.데이터/1.Training/라벨링데이터/플라스틱류/욕실용품/24_X010_C187_1207/24_X010_C187_1207_1.Json,0,플라스틱류,페트병류,페트병
/home/minsu/disk_c/trash_dataset/085.생활_폐기물_이미지/01.데이터/1.Training/라벨링데이터/플라스틱류/욕실용품/24_X010_C187_1207/24_X010_C187_1207_0.Json,1,플라스틱류,페트병류,페트병
/home/minsu/disk_c/trash_dataset/085.생활_폐기물_이미지/01.데이터/1.Training/라벨링데이터/의류/상의/18_X006_C502_1126/18_X006_C502_1126_4.Json,1,의류,종이류,상자류
/home/minsu/disk_c/trash_dataset/085.생활_폐기물_이미지/01.데이터/1.Training/라벨링데이터/의류/상의/18_X003_C162_1210/18_X003_C162_1210_2.Json,2,의류,종이류,상자류
/home/minsu/disk_c/trash_dataset/085.생활_폐기물_이미지/01.데이터/1.Training/라벨링데이터/의류/상의/18_X003_C056_1210/18_X003_C056_1210_4.Json,2,의류,종이류,종이봉투
/home/minsu/disk_c/trash_dataset/085.생활_폐기물_이미지/01.데이터/1.Training/라벨링데이터/의류/상의/18_X002_C056_1210/18_X002_C056_1210_3.Json,2,의류,종이류,종이봉투
/home/minsu/disk_c/trash_dataset/085.생활_폐기물_이미지/01.데이터/1.Training/라벨링데이터/페트병/페트병/23_X019_C164_0925/23_X019_C164_0925_3.Json,1,페트병류,비닐류,봉투
/home/minsu/disk_c/trash_dataset/085.생활_폐기물_이미지/01.데이터/1.Training/라벨링데이터/페트병/페트병/23_X019_C164_0925/23_X019_C164_0925_3.Json,2,페트병류,비닐류,봉투
/home/minsu/disk_c/trash_dataset/085.생활_폐기물_이미지/01.데이터/1.Training/라벨링데이터/페트병/페트병/23_X019_C164_0925/23_X019_C164_0925_3.Json,3,페트병류,비닐류,봉투
/home/minsu/disk_c/trash_dataset/085.생활_폐기물_이미지/01.데이터/1.Training/라벨링데이터/페트병/페트병/23_X019_C164_0925/23_X019_C164_0925_3.Json,4,페트병류,비닐류,에어캡
/home/minsu/disk_c/trash_dataset/085.생활_폐기물_이미지/01.데이터/1.Training/라벨링데이터/페트병/페트병/23_X005_C014_1021/23_X005_C014_1021_2.Json,1,페트병류,종이류,포장상자
/home/minsu/disk_c/trash_dataset/085.생활_폐기물_이미지/01.데이터/1.Training/라벨링데이터/페트병/페트병/23_X067_C509_0326/23_X067_C509_0326_3.Json,2,페트병류,플라스틱류,대용량플라스틱통
/home/minsu/disk_c/trash_dataset/085.생활_폐기물_이미지/01.데이터/1.Training/라벨링데이터/페트병/페트병/23_X012_C509_0330/23_X012_C509_0330_4.Json,1,페트병류,전자제품,이동전화단말기
/home/minsu/disk_c/trash_dataset/085.생활_폐기물_이미지/01.데이터/1.Training/라벨링데이터/페트병/페트병/23_X560_C509_0401/23_X560_C509_0401_3.Json,3,페트병류,종이류,상자류
/home/minsu/disk_c/trash_dataset/085.생활_폐기물_이미지/01.데이터/1.Training/라벨링데이터/페트병/페트병/23_X007_C802_0221/23_X007_C802_0221_2.Json,0,페트병류,플라스틱류,밀폐용기
/home/minsu/disk_c/trash_dataset/085.생활_폐기물_이미지/01.데이터/1.Training/라벨링데이터/페트병/페트병/23_X007_C802_0221/23_X007_C802_0221_3.Json,0,페트병류,플라스틱류,밀폐용기
/home/minsu/disk_c/trash_dataset/085.생활_폐기물_이미지/01.데이터/1.Training/라벨링데이터/페트병/페트병/23_X007_C802_0221/23_X007_C802_0221_1.Json,0,페트병류,플라스틱류,밀폐용기
/home/minsu/disk_c/trash_dataset/085.생활_폐기물_이미지/01.데이터/1.Training/라벨링데이터/페트병/페트병/23_X007_C802_0221/23_X007_C802_0221_0.Json,1,페트병류,플라스틱류,밀폐용기
/home/minsu/disk_c/trash_dataset/085.생활_폐기물_이미지/01.데이터/1.Training/라벨링데이터/페트병/페트병/23_X007_C802_0221/23_X007_C802_0221_4.Json,0,페트병류,플라스틱류,밀폐용기
/home/minsu/disk_c/trash_dataset/085.생활_폐기물_이미지/01.데이터/1.Training/라벨링데이터/페트병/페트병/23_X006_C036_1029/23_X006_C036_1029_1.Json,2,페트병류,스티로폼류,스티로폼
/home/minsu/disk_c/trash_dataset/085.생활_폐기물_이미지/01.데이터/1.Training/라벨링데이터/페트병/페트병/23_X009_C015_1106/23_X009_C015_1106_2.Json,2,페트병류,비닐류,포장제
/home/minsu/disk_c/trash_dataset/085.생활_폐기물_이미지/01.데이터/1.Training/라벨링데이터/페트병/페트병/23_X009_C015_1106/23_X009_C015_1106_0.Json,2,페트병류,비닐류,포장제
/home/minsu/disk_c/trash_dataset/085.생활_폐기물_이미지/01.데이터/1.Training/라벨링데이터/페트병/페트병/23_X009_C015_1106/23_X009_C015_1106_4.Json,2,페트병류,비닐류,포장제
/home/minsu/disk_c/trash_dataset/085.생활_폐기물_이미지/01.데이터/1.Training/라벨링데이터/페트병/페트병/23_X448_C509_0401/23_X448_C509_0401_1.Json,3,페트병류,종이류,상자류
/home/minsu/disk_c/trash_dataset/085.생활_폐기물_이미지/01.데이터/1.Training/라벨링데이터/도기류/컵/14_X002_C061_0128/14_X002_C061_0128_4.Json,1,도기류,종이류,포장상자
/home/minsu/disk_c/trash_dataset/085.생활_폐기물_이미지/01.데이터/1.Training/라벨링데이터/도기류/컵/14_X002_C061_0128/14_X002_C061_0128_1.Json,1,도기류,종이류,포장상자
/home/minsu/disk_c/trash_dataset/085.생활_폐기물_이미지/01.데이터/1.Training/라벨링데이터/도기류/컵/14_X002_C061_0128/14_X002_C061_0128_3.Json,1,도기류,종이류,포장상자
/home/minsu/disk_c/trash_dataset/085.생활_폐기물_이미지/01.데이터/1.Training/라벨링데이터/도기류/컵/14_X002_C061_0128/14_X002_C061_0128_0.Json,1,도기류,종이류,포장상자
/home/minsu/disk_c/trash_dataset/085.생활_폐기물_이미지/01.데이터/1.Training/라벨링데이터/도기류/컵/14_X002_C061_0128/14_X002_C061_0128_5.Json,1,도기류,종이류,포장상자
/home/minsu/disk_c/trash_dataset/085.생활_폐기물_이미지/01.데이터/1.Training/라벨링데이터/도기류/컵/14_X016_C015_0128/14_X016_C015_0128_2.Json,1,도기류,플라스틱류,밀폐용기
/home/minsu/disk_c/trash_dataset/085.생활_폐기물_이미지/01.데이터/1.Training/라벨링데이터/도기류/컵/14_X016_C015_0128/14_X016_C015_0128_1.Json,1,도기류,플라스틱류,밀폐용기
/home/minsu/disk_c/trash_dataset/085.생활_폐기물_이미지/01.데이터/1.Training/라벨링데이터/도기류/컵/14_X016_C015_0128/14_X016_C015_0128_3.Json,1,도기류,플라스틱류,밀폐용기
/home/minsu/disk_c/trash_dataset/085.생활_폐기물_이미지/01.데이터/1.Training/라벨링데이터/도기류/컵/14_X016_C015_0128/14_X016_C015_0128_0.Json,1,도기류,플라스틱류,밀폐용기
/home/minsu/disk_c/trash_dataset/085.생활_폐기물_이미지/01.데이터/1.Training/라벨링데이터/도기류/컵/14_X016_C015_0128/14_X016_C015_0128_4.Json,1,도기류,플라스틱류,밀폐용기
/home/minsu/disk_c/trash_dataset/085.생활_폐기물_이미지/01.데이터/1.Training/라벨링데이터/도기류/화분/14_X012_C323_0128/14_X012_C323_0128_0.Json,1,도기류,형광등,백열전구
/home/minsu/disk_c/trash_dataset/085.생활_폐기물_이미지/01.데이터/1.Training/라벨링데이터/도기류/화분/14_X012_C323_0128/14_X012_C323_0128_3.Json,0,도기류,형광등,백열전구
/home/minsu/disk_c/trash_dataset/085.생활_폐기물_이미지/01.데이터/1.Training/라벨링데이터/도기류/화분/14_X012_C323_0128/14_X012_C323_0128_2.Json,0,도기류,형광등,백열전구
/home/minsu/disk_c/trash_dataset/085.생활_폐기물_이미지/01.데이터/1.Training/라벨링데이터/도기류/화분/14_X012_C323_0128/14_X012_C323_0128_4.Json,0,도기류,형광등,백열전구
/home/minsu/disk_c/trash_dataset/085.생활_폐기물_이미지/01.데이터/1.Training/라벨링데이터/도기류/화분/14_X012_C323_0128/14_X012_C323_0128_1.Json,0,도기류,형광등,백열전구
/home/minsu/disk_c/trash_dataset/085.생활_폐기물_이미지/01.데이터/1.Training/라벨링데이터/도기류/화분/14_X007_C014_0128/14_X007_C014_0128_2.Json,1,도기류,종이류,음료수곽
/home/minsu/disk_c/trash_dataset/085.생활_폐기물_이미지/01.데이터/1.Training/라벨링데이터/도기류/화분/14_X007_C014_0128/14_X007_C014_0128_1.Json,1,도기류,종이류,음료수곽
/home/minsu/disk_c/trash_dataset/085.생활_폐기물_이미지/01.데이터/1.Training/라벨링데이터/도기류/화분/14_X007_C014_0128/14_X007_C014_0128_4.Json,1,도기류,종이류,음료수곽
/home/minsu/disk_c/trash_dataset/085.생활_폐기물_이미지/01.데이터/1.Training/라벨링데이터/도기류/화분/14_X007_C014_0128/14_X007_C014_0128_0.Json,1,도기류,종이류,음료수곽
/home/minsu/disk_c/trash_dataset/085.생활_폐기물_이미지/01.데이터/1.Training/라벨링데이터/도기류/화분/14_X007_C014_0128/14_X007_C014_0128_3.Json,1,도기류,종이류,음료수곽
/home/minsu/disk_c/trash_dataset/085.생활_폐기물_이미지/01.데이터/1.Training/라벨링데이터/도기류/화분/14_X004_C016_1030/14_X004_C016_1030_3.Json,1,도기류,스티로폼류,스티로폼
/home/minsu/disk_c/trash_dataset/085.생활_폐기물_이미지/01.데이터/1.Training/라벨링데이터/도기류/화분/14_X035_C323_0128/14_X035_C323_0128_3.Json,1,도기류,형광등,백열전구
/home/minsu/disk_c/trash_dataset/085.생활_폐기물_이미지/01.데이터/1.Training/라벨링데이터/도기류/화분/14_X035_C323_0128/14_X035_C323_0128_1.Json,1,도기류,형광등,백열전구
/home/minsu/disk_c/trash_dataset/085.생활_폐기물_이미지/01.데이터/1.Training/라벨링데이터/도기류/화분/14_X035_C323_0128/14_X035_C323_0128_0.Json,1,도기류,형광등,백열전구
/home/minsu/disk_c/trash_dataset/085.생활_폐기물_이미지/01.데이터/1.Training/라벨링데이터/도기류/화분/14_X035_C323_0128/14_X035_C323_0128_2.Json,1,도기류,형광등,백열전구
/home/minsu/disk_c/trash_dataset/085.생활_폐기물_이미지/01.데이터/1.Training/라벨링데이터/도기류/화분/14_X035_C323_0128/14_X035_C323_0128_4.Json,1,도기류,형광등,백열전구
/home/minsu/disk_c/trash_dataset/085.생활_폐기물_이미지/01.데이터/1.Training/라벨링데이터/도기류/화분/14_X091_C509_0414/14_X091_C509_0414_4.Json,0,도기류,종이류,상자류
/home/minsu/disk_c/trash_dataset/085.생활_폐기물_이미지/01.데이터/1.Training/라벨링데이터/도기류/화분/14_X091_C509_0414/14_X091_C509_0414_3.Json,0,도기류,종이류,상자류
/home/minsu/disk_c/trash_dataset/085.생활_폐기물_이미지/01.데이터/1.Training/라벨링데이터/도기류/화분/14_X007_C323_0128/14_X007_C323_0128_3.Json,0,도기류,형광등,화분
/home/minsu/disk_c/trash_dataset/085.생활_폐기물_이미지/01.데이터/1.Training/라벨링데이터/도기류/화분/14_X007_C323_0128/14_X007_C323_0128_4.Json,0,도기류,형광등,직관형
/home/minsu/disk_c/trash_dataset/085.생활_폐기물_이미지/01.데이터/1.Training/라벨링데이터/도기류/화분/14_X007_C323_0128/14_X007_C323_0128_0.Json,1,도기류,형광등,직관형
/home/minsu/disk_c/trash_dataset/085.생활_폐기물_이미지/01.데이터/1.Training/라벨링데이터/도기류/화분/14_X007_C323_0128/14_X007_C323_0128_1.Json,0,도기류,형광등,화분
/home/minsu/disk_c/trash_dataset/085.생활_폐기물_이미지/01.데이터/1.Training/라벨링데이터/도기류/화분/14_X007_C323_0128/14_X007_C323_0128_2.Json,0,도기류,형광등,화분
/home/minsu/disk_c/trash_dataset/085.생활_폐기물_이미지/01.데이터/1.Training/라벨링데이터/도기류/화분/14_X004_C323_0128/14_X004_C323_0128_4.Json,0,도기류,형광등,LED전구
/home/minsu/disk_c/trash_dataset/085.생활_폐기물_이미지/01.데이터/1.Training/라벨링데이터/도기류/화분/14_X004_C323_0128/14_X004_C323_0128_1.Json,0,도기류,형광등,LED전구
/home/minsu/disk_c/trash_dataset/085.생활_폐기물_이미지/01.데이터/1.Training/라벨링데이터/도기류/화분/14_X004_C323_0128/14_X004_C323_0128_0.Json,1,도기류,형광등,LED전구
/home/minsu/disk_c/trash_dataset/085.생활_폐기물_이미지/01.데이터/1.Training/라벨링데이터/도기류/화분/14_X004_C323_0128/14_X004_C323_0128_3.Json,0,도기류,형광등,LED전구
/home/minsu/disk_c/trash_dataset/085.생활_폐기물_이미지/01.데이터/1.Training/라벨링데이터/도기류/화분/14_X004_C323_0128/14_X004_C323_0128_2.Json,0,도기류,형광등,LED전구
/home/minsu/disk_c/trash_dataset/085.생활_폐기물_이미지/01.데이터/1.Training/라벨링데이터/도기류/화분/14_X014_C323_0128/14_X014_C323_0128_4.Json,0,도기류,형광등,백열전구
/home/minsu/disk_c/trash_dataset/085.생활_폐기물_이미지/01.데이터/1.Training/라벨링데이터/도기류/화분/14_X014_C323_0128/14_X014_C323_0128_2.Json,0,도기류,형광등,백열전구
/home/minsu/disk_c/trash_dataset/085.생활_폐기물_이미지/01.데이터/1.Training/라벨링데이터/도기류/화분/14_X014_C323_0128/14_X014_C323_0128_3.Json,0,도기류,형광등,백열전구
/home/minsu/disk_c/trash_dataset/085.생활_폐기물_이미지/01.데이터/1.Training/라벨링데이터/도기류/화분/14_X014_C323_0128/14_X014_C323_0128_5.Json,0,도기류,형광등,백열전구
/home/minsu/disk_c/trash_dataset/085.생활_폐기물_이미지/01.데이터/1.Training/라벨링데이터/도기류/화분/14_X014_C323_0128/14_X014_C323_0128_1.Json,0,도기류,형광등,백열전구
/home/minsu/disk_c/trash_dataset/085.생활_폐기물_이미지/01.데이터/1.Training/라벨링데이터/도기류/화분/14_X003_C061_0128/14_X003_C061_0128_2.Json,1,도기류,종이류,포장상자
/home/minsu/disk_c/trash_dataset/085.생활_폐기물_이미지/01.데이터/1.Training/라벨링데이터/도기류/화분/14_X003_C061_0128/14_X003_C061_0128_0.Json,1,도기류,종이류,포장상자
/home/minsu/disk_c/trash_dataset/085.생활_폐기물_이미지/01.데이터/1.Training/라벨링데이터/도기류/화분/14_X003_C061_0128/14_X003_C061_0128_4.Json,1,도기류,종이류,책자
/home/minsu/disk_c/trash_dataset/085.생활_폐기물_이미지/01.데이터/1.Training/라벨링데이터/도기류/화분/14_X003_C061_0128/14_X003_C061_0128_3.Json,1,도기류,종이류,책자
/home/minsu/disk_c/trash_dataset/085.생활_폐기물_이미지/01.데이터/1.Training/라벨링데이터/도기류/화분/14_X003_C061_0128/14_X003_C061_0128_1.Json,1,도기류,종이류,포장상자
/home/minsu/disk_c/trash_dataset/085.생활_폐기물_이미지/01.데이터/1.Training/라벨링데이터/도기류/화분/14_X010_C323_0128/14_X010_C323_0128_3.Json,0,도기류,형광등,백열전구
/home/minsu/disk_c/trash_dataset/085.생활_폐기물_이미지/01.데이터/1.Training/라벨링데이터/도기류/화분/14_X010_C323_0128/14_X010_C323_0128_1.Json,0,도기류,형광등,백열전구
/home/minsu/disk_c/trash_dataset/085.생활_폐기물_이미지/01.데이터/1.Training/라벨링데이터/도기류/화분/14_X010_C323_0128/14_X010_C323_0128_0.Json,1,도기류,형광등,백열전구
/home/minsu/disk_c/trash_dataset/085.생활_폐기물_이미지/01.데이터/1.Training/라벨링데이터/도기류/화분/14_X010_C323_0128/14_X010_C323_0128_2.Json,0,도기류,형광등,백열전구
/home/minsu/disk_c/trash_dataset/085.생활_폐기물_이미지/01.데이터/1.Training/라벨링데이터/도기류/화분/14_X010_C323_0128/14_X010_C323_0128_4.Json,0,도기류,형광등,백열전구
/home/minsu/disk_c/trash_dataset/085.생활_폐기물_이미지/01.데이터/1.Training/라벨링데이터/도기류/화분/14_X022_C323_0128/14_X022_C323_0128_2.Json,1,도기류,형광등,백열전구
/home/minsu/disk_c/trash_dataset/085.생활_폐기물_이미지/01.데이터/1.Training/라벨링데이터/도기류/화분/14_X022_C323_0128/14_X022_C323_0128_1.Json,1,도기류,형광등,백열전구
/home/minsu/disk_c/trash_dataset/085.생활_폐기물_이미지/01.데이터/1.Training/라벨링데이터/도기류/화분/14_X022_C323_0128/14_X022_C323_0128_3.Json,1,도기류,형광등,백열전구
/home/minsu/disk_c/trash_dataset/085.생활_폐기물_이미지/01.데이터/1.Training/라벨링데이터/도기류/화분/14_X022_C323_0128/14_X022_C323_0128_4.Json,1,도기류,형광등,백열전구
/home/minsu/disk_c/trash_dataset/085.생활_폐기물_이미지/01.데이터/1.Training/라벨링데이터/도기류/화분/14_X022_C323_0128/14_X022_C323_0128_0.Json,1,도기류,형광등,백열전구
/home/minsu/disk_c/trash_dataset/085.생활_폐기물_이미지/01.데이터/1.Training/라벨링데이터/도기류/화분/14_X018_C323_0128/14_X018_C323_0128_2.Json,1,도기류,형광등,백열전구
/home/minsu/disk_c/trash_dataset/085.생활_폐기물_이미지/01.데이터/1.Training/라벨링데이터/도기류/화분/14_X018_C323_0128/14_X018_C323_0128_3.Json,1,도기류,형광등,백열전구
/home/minsu/disk_c/trash_dataset/085.생활_폐기물_이미지/01.데이터/1.Training/라벨링데이터/도기류/화분/14_X018_C323_0128/14_X018_C323_0128_0.Json,1,도기류,형광등,백열전구
/home/minsu/disk_c/trash_dataset/085.생활_폐기물_이미지/01.데이터/1.Training/라벨링데이터/도기류/화분/14_X018_C323_0128/14_X018_C323_0128_1.Json,1,도기류,형광등,백열전구
/home/minsu/disk_c/trash_dataset/085.생활_폐기물_이미지/01.데이터/1.Training/라벨링데이터/도기류/화분/14_X018_C323_0128/14_X018_C323_0128_4.Json,1,도기류,형광등,백열전구
/home/minsu/disk_c/trash_dataset/085.생활_폐기물_이미지/01.데이터/1.Training/라벨링데이터/도기류/화분/14_X019_C323_0128/14_X019_C323_0128_3.Json,1,도기류,형광등,백열전구
/home/minsu/disk_c/trash_dataset/085.생활_폐기물_이미지/01.데이터/1.Training/라벨링데이터/도기류/화분/14_X019_C323_0128/14_X019_C323_0128_1.Json,1,도기류,형광등,백열전구
/home/minsu/disk_c/trash_dataset/085.생활_폐기물_이미지/01.데이터/1.Training/라벨링데이터/도기류/화분/14_X019_C323_0128/14_X019_C323_0128_2.Json,1,도기류,형광등,백열전구
/home/minsu/disk_c/trash_dataset/085.생활_폐기물_이미지/01.데이터/1.Training/라벨링데이터/도기류/화분/14_X019_C323_0128/14_X019_C323_0128_0.Json,1,도기류,형광등,백열전구
/home/minsu/disk_c/trash_dataset/085.생활_폐기물_이미지/01.데이터/1.Training/라벨링데이터/도기류/화분/14_X019_C323_0128/14_X019_C323_0128_4.Json,1,도기류,형광등,백열전구
/home/minsu/disk_c/trash_dataset/085.생활_폐기물_이미지/01.데이터/1.Training/라벨링데이터/도기류/화분/14_X009_C014_0128/14_X009_C014_0128_1.Json,1,도기류,종이류,음료수곽
/home/minsu/disk_c/trash_dataset/085.생활_폐기물_이미지/01.데이터/1.Training/라벨링데이터/도기류/화분/14_X009_C014_0128/14_X009_C014_0128_2.Json,1,도기류,종이류,음료수곽
/home/minsu/disk_c/trash_dataset/085.생활_폐기물_이미지/01.데이터/1.Training/라벨링데이터/도기류/화분/14_X009_C014_0128/14_X009_C014_0128_0.Json,1,도기류,종이류,음료수곽
/home/minsu/disk_c/trash_dataset/085.생활_폐기물_이미지/01.데이터/1.Training/라벨링데이터/도기류/화분/14_X009_C014_0128/14_X009_C014_0128_3.Json,1,도기류,종이류,음료수곽
/home/minsu/disk_c/trash_dataset/085.생활_폐기물_이미지/01.데이터/1.Training/라벨링데이터/도기류/화분/14_X009_C014_0128/14_X009_C014_0128_4.Json,1,도기류,종이류,음료수곽
/home/minsu/disk_c/trash_dataset/085.생활_폐기물_이미지/01.데이터/1.Training/라벨링데이터/도기류/화분/14_X003_C014_0128/14_X003_C014_0128_2.Json,1,도기류,종이류,음료수곽
/home/minsu/disk_c/trash_dataset/085.생활_폐기물_이미지/01.데이터/1.Training/라벨링데이터/도기류/화분/14_X003_C014_0128/14_X003_C014_0128_0.Json,1,도기류,종이류,음료수곽
/home/minsu/disk_c/trash_dataset/085.생활_폐기물_이미지/01.데이터/1.Training/라벨링데이터/도기류/화분/14_X003_C014_0128/14_X003_C014_0128_3.Json,1,도기류,종이류,음료수곽
/home/minsu/disk_c/trash_dataset/085.생활_폐기물_이미지/01.데이터/1.Training/라벨링데이터/도기류/화분/14_X003_C014_0128/14_X003_C014_0128_1.Json,1,도기류,종이류,음료수곽
/home/minsu/disk_c/trash_dataset/085.생활_폐기물_이미지/01.데이터/1.Training/라벨링데이터/도기류/화분/14_X003_C014_0128/14_X003_C014_0128_5.Json,1,도기류,종이류,음료수곽
/home/minsu/disk_c/trash_dataset/085.생활_폐기물_이미지/01.데이터/1.Training/라벨링데이터/도기류/받침/14_X014_C014_0127/14_X014_C014_0127_4.Json,1,도기류,고철류,기타
/home/minsu/disk_c/trash_dataset/085.생활_폐기물_이미지/01.데이터/1.Training/라벨링데이터/도기류/받침/14_X014_C014_0127/14_X014_C014_0127_0.Json,1,도기류,고철류,기타
/home/minsu/disk_c/trash_dataset/085.생활_폐기물_이미지/01.데이터/1.Training/라벨링데이터/도기류/받침/14_X014_C014_0127/14_X014_C014_0127_2.Json,1,도기류,고철류,기타
/home/minsu/disk_c/trash_dataset/085.생활_폐기물_이미지/01.데이터/1.Training/라벨링데이터/도기류/받침/14_X014_C014_0127/14_X014_C014_0127_1.Json,1,도기류,고철류,고철
/home/minsu/disk_c/trash_dataset/085.생활_폐기물_이미지/01.데이터/1.Training/라벨링데이터/도기류/받침/14_X014_C014_0127/14_X014_C014_0127_3.Json,1,도기류,고철류,기타
/home/minsu/disk_c/trash_dataset/085.생활_폐기물_이미지/01.데이터/1.Training/라벨링데이터/도기류/주전자/14_X016_C323_0128/14_X016_C323_0128_1.Json,1,도기류,형광등,백열전구
/home/minsu/disk_c/trash_dataset/085.생활_폐기물_이미지/01.데이터/1.Training/라벨링데이터/도기류/주전자/14_X016_C323_0128/14_X016_C323_0128_2.Json,1,도기류,형광등,백열전구
/home/minsu/disk_c/trash_dataset/085.생활_폐기물_이미지/01.데이터/1.Training/라벨링데이터/도기류/주전자/14_X016_C323_0128/14_X016_C323_0128_0.Json,1,도기류,형광등,백열전구
/home/minsu/disk_c/trash_dataset/085.생활_폐기물_이미지/01.데이터/1.Training/라벨링데이터/도기류/주전자/14_X016_C323_0128/14_X016_C323_0128_3.Json,1,도기류,형광등,백열전구
/home/minsu/disk_c/trash_dataset/085.생활_폐기물_이미지/01.데이터/1.Training/라벨링데이터/도기류/주전자/14_X016_C323_0128/14_X016_C323_0128_4.Json,1,도기류,형광등,백열전구
/home/minsu/disk_c/trash_dataset/085.생활_폐기물_이미지/01.데이터/1.Training/라벨링데이터/도기류/주전자/14_X027_C323_0128/14_X027_C323_0128_1.Json,1,도기류,형광등,백열전구
/home/minsu/disk_c/trash_dataset/085.생활_폐기물_이미지/01.데이터/1.Training/라벨링데이터/도기류/주전자/14_X027_C323_0128/14_X027_C323_0128_0.Json,1,도기류,형광등,백열전구
/home/minsu/disk_c/trash_dataset/085.생활_폐기물_이미지/01.데이터/1.Training/라벨링데이터/도기류/주전자/14_X027_C323_0128/14_X027_C323_0128_4.Json,1,도기류,형광등,백열전구
/home/minsu/disk_c/trash_dataset/085.생활_폐기물_이미지/01.데이터/1.Training/라벨링데이터/도기류/주전자/14_X027_C323_0128/14_X027_C323_0128_2.Json,1,도기류,형광등,백열전구
/home/minsu/disk_c/trash_dataset/085.생활_폐기물_이미지/01.데이터/1.Training/라벨링데이터/도기류/주전자/14_X027_C323_0128/14_X027_C323_0128_3.Json,1,도기류,형광등,백열전구
/home/minsu/disk_c/trash_dataset/085.생활_폐기물_이미지/01.데이터/1.Training/라벨링데이터/도기류/뚝배기/14_X043_C045_0127/14_X043_C045_0127_1.Json,1,도기류,종이류,기타
/home/minsu/disk_c/trash_dataset/085.생활_폐기물_이미지/01.데이터/1.Training/라벨링데이터/도기류/뚝배기/14_X043_C045_0127/14_X043_C045_0127_2.Json,1,도기류,종이류,기타
/home/minsu/disk_c/trash_dataset/085.생활_폐기물_이미지/01.데이터/1.Training/라벨링데이터/도기류/뚝배기/14_X043_C045_0127/14_X043_C045_0127_3.Json,1,도기류,종이류,기타
/home/minsu/disk_c/trash_dataset/085.생활_폐기물_이미지/01.데이터/1.Training/라벨링데이터/도기류/뚝배기/14_X043_C045_0127/14_X043_C045_0127_4.Json,1,도기류,종이류,기타
/home/minsu/disk_c/trash_dataset/085.생활_폐기물_이미지/01.데이터/1.Training/라벨링데이터/도기류/뚝배기/14_X043_C045_0127/14_X043_C045_0127_0.Json,1,도기류,종이류,기타
/home/minsu/disk_c/trash_dataset/085.생활_폐기물_이미지/01.데이터/1.Training/라벨링데이터/도기류/뚝배기/14_X006_C058_0127/14_X006_C058_0127_3.Json,1,도기류,종이류,책자
/home/minsu/disk_c/trash_dataset/085.생활_폐기물_이미지/01.데이터/1.Training/라벨링데이터/도기류/뚝배기/14_X006_C058_0127/14_X006_C058_0127_1.Json,1,도기류,종이류,책자
/home/minsu/disk_c/trash_dataset/085.생활_폐기물_이미지/01.데이터/1.Training/라벨링데이터/도기류/뚝배기/14_X006_C058_0127/14_X006_C058_0127_4.Json,1,도기류,종이류,책자
/home/minsu/disk_c/trash_dataset/085.생활_폐기물_이미지/01.데이터/1.Training/라벨링데이터/도기류/뚝배기/14_X006_C058_0127/14_X006_C058_0127_0.Json,1,도기류,종이류,책자
/home/minsu/disk_c/trash_dataset/085.생활_폐기물_이미지/01.데이터/1.Training/라벨링데이터/도기류/뚝배기/14_X006_C058_0127/14_X006_C058_0127_2.Json,1,도기류,종이류,책자
/home/minsu/disk_c/trash_dataset/085.생활_폐기물_이미지/01.데이터/1.Training/라벨링데이터/도기류/그릇류/14_X016_C061_0127/14_X016_C061_0127_1.Json,0,도기류,플라스틱류,바구니
/home/minsu/disk_c/trash_dataset/085.생활_폐기물_이미지/01.데이터/1.Training/라벨링데이터/도기류/그릇류/14_X016_C061_0127/14_X016_C061_0127_3.Json,0,도기류,플라스틱류,바구니
/home/minsu/disk_c/trash_dataset/085.생활_폐기물_이미지/01.데이터/1.Training/라벨링데이터/도기류/그릇류/14_X016_C061_0127/14_X016_C061_0127_4.Json,1,도기류,플라스틱류,바구니
/home/minsu/disk_c/trash_dataset/085.생활_폐기물_이미지/01.데이터/1.Training/라벨링데이터/도기류/그릇류/14_X016_C061_0127/14_X016_C061_0127_0.Json,1,도기류,플라스틱류,바구니
/home/minsu/disk_c/trash_dataset/085.생활_폐기물_이미지/01.데이터/1.Training/라벨링데이터/도기류/그릇류/14_X016_C061_0127/14_X016_C061_0127_2.Json,1,도기류,플라스틱류,바구니
/home/minsu/disk_c/trash_dataset/085.생활_폐기물_이미지/01.데이터/1.Training/라벨링데이터/도기류/그릇류/14_X024_C015_0128/14_X024_C015_0128_0.Json,1,도기류,플라스틱류,밀폐용기
/home/minsu/disk_c/trash_dataset/085.생활_폐기물_이미지/01.데이터/1.Training/라벨링데이터/도기류/그릇류/14_X024_C015_0128/14_X024_C015_0128_1.Json,1,도기류,플라스틱류,밀폐용기
/home/minsu/disk_c/trash_dataset/085.생활_폐기물_이미지/01.데이터/1.Training/라벨링데이터/도기류/그릇류/14_X024_C015_0128/14_X024_C015_0128_3.Json,1,도기류,플라스틱류,밀폐용기
/home/minsu/disk_c/trash_dataset/085.생활_폐기물_이미지/01.데이터/1.Training/라벨링데이터/도기류/그릇류/14_X024_C015_0128/14_X024_C015_0128_2.Json,1,도기류,플라스틱류,밀폐용기
/home/minsu/disk_c/trash_dataset/085.생활_폐기물_이미지/01.데이터/1.Training/라벨링데이터/도기류/그릇류/14_X024_C015_0128/14_X024_C015_0128_4.Json,1,도기류,플라스틱류,밀폐용기
/home/minsu/disk_c/trash_dataset/085.생활_폐기물_이미지/01.데이터/1.Training/라벨링데이터/도기류/그릇류/14_X008_C058_0127/14_X008_C058_0127_3.Json,1,도기류,종이류,책자
/home/minsu/disk_c/trash_dataset/085.생활_폐기물_이미지/01.데이터/1.Training/라벨링데이터/도기류/그릇류/14_X008_C058_0127/14_X008_C058_0127_1.Json,1,도기류,종이류,책자
/home/minsu/disk_c/trash_dataset/085.생활_폐기물_이미지/01.데이터/1.Training/라벨링데이터/도기류/그릇류/14_X008_C058_0127/14_X008_C058_0127_2.Json,1,도기류,종이류,책자
/home/minsu/disk_c/trash_dataset/085.생활_폐기물_이미지/01.데이터/1.Training/라벨링데이터/도기류/그릇류/14_X008_C058_0127/14_X008_C058_0127_4.Json,1,도기류,종이류,책자
/home/minsu/disk_c/trash_dataset/085.생활_폐기물_이미지/01.데이터/1.Training/라벨링데이터/도기류/그릇류/14_X008_C058_0127/14_X008_C058_0127_0.Json,1,도기류,종이류,책자
/home/minsu/disk_c/trash_dataset/085.생활_폐기물_이미지/01.데이터/1.Training/라벨링데이터/도기류/그릇류/14_X027_C015_0128/14_X027_C015_0128_4.Json,1,도기류,플라스틱류,밀폐용기
/home/minsu/disk_c/trash_dataset/085.생활_폐기물_이미지/01.데이터/1.Training/라벨링데이터/도기류/그릇류/14_X027_C015_0128/14_X027_C015_0128_2.Json,1,도기류,플라스틱류,밀폐용기
/home/minsu/disk_c/trash_dataset/085.생활_폐기물_이미지/01.데이터/1.Training/라벨링데이터/도기류/그릇류/14_X027_C015_0128/14_X027_C015_0128_1.Json,1,도기류,플라스틱류,밀폐용기
/home/minsu/disk_c/trash_dataset/085.생활_폐기물_이미지/01.데이터/1.Training/라벨링데이터/도기류/그릇류/14_X027_C015_0128/14_X027_C015_0128_0.Json,1,도기류,플라스틱류,밀폐용기
/home/minsu/disk_c/trash_dataset/085.생활_폐기물_이미지/01.데이터/1.Training/라벨링데이터/도기류/그릇류/14_X027_C015_0128/14_X027_C015_0128_3.Json,1,도기류,플라스틱류,밀폐용기
/home/minsu/disk_c/trash_dataset/085.생활_폐기물_이미지/01.데이터/1.Training/라벨링데이터/도기류/그릇류/14_X014_C015_0128/14_X014_C015_0128_2.Json,1,도기류,플라스틱류,밀폐용기
/home/minsu/disk_c/trash_dataset/085.생활_폐기물_이미지/01.데이터/1.Training/라벨링데이터/도기류/그릇류/14_X014_C015_0128/14_X014_C015_0128_3.Json,1,도기류,플라스틱류,밀폐용기
/home/minsu/disk_c/trash_dataset/085.생활_폐기물_이미지/01.데이터/1.Training/라벨링데이터/도기류/그릇류/14_X014_C015_0128/14_X014_C015_0128_4.Json,1,도기류,플라스틱류,밀폐용기
/home/minsu/disk_c/trash_dataset/085.생활_폐기물_이미지/01.데이터/1.Training/라벨링데이터/도기류/그릇류/14_X014_C015_0128/14_X014_C015_0128_1.Json,1,도기류,플라스틱류,밀폐용기
/home/minsu/disk_c/trash_dataset/085.생활_폐기물_이미지/01.데이터/1.Training/라벨링데이터/도기류/그릇류/14_X025_C015_0128/14_X025_C015_0128_0.Json,1,도기류,플라스틱류,밀폐용기
/home/minsu/disk_c/trash_dataset/085.생활_폐기물_이미지/01.데이터/1.Training/라벨링데이터/도기류/그릇류/14_X025_C015_0128/14_X025_C015_0128_1.Json,1,도기류,플라스틱류,밀폐용기
/home/minsu/disk_c/trash_dataset/085.생활_폐기물_이미지/01.데이터/1.Training/라벨링데이터/도기류/그릇류/14_X025_C015_0128/14_X025_C015_0128_2.Json,1,도기류,플라스틱류,밀폐용기
/home/minsu/disk_c/trash_dataset/085.생활_폐기물_이미지/01.데이터/1.Training/라벨링데이터/도기류/그릇류/14_X025_C015_0128/14_X025_C015_0128_3.Json,1,도기류,플라스틱류,밀폐용기
/home/minsu/disk_c/trash_dataset/085.생활_폐기물_이미지/01.데이터/1.Training/라벨링데이터/도기류/그릇류/14_X025_C015_0128/14_X025_C015_0128_4.Json,1,도기류,플라스틱류,밀폐용기
/home/minsu/disk_c/trash_dataset/085.생활_폐기물_이미지/01.데이터/1.Training/라벨링데이터/도기류/그릇류/14_X028_C323_0128/14_X028_C323_0128_2.Json,1,도기류,형광등,백열전구
/home/minsu/disk_c/trash_dataset/085.생활_폐기물_이미지/01.데이터/1.Training/라벨링데이터/도기류/그릇류/14_X028_C323_0128/14_X028_C323_0128_0.Json,1,도기류,형광등,백열전구
/home/minsu/disk_c/trash_dataset/085.생활_폐기물_이미지/01.데이터/1.Training/라벨링데이터/도기류/그릇류/14_X028_C323_0128/14_X028_C323_0128_3.Json,1,도기류,형광등,백열전구
/home/minsu/disk_c/trash_dataset/085.생활_폐기물_이미지/01.데이터/1.Training/라벨링데이터/도기류/그릇류/14_X028_C323_0128/14_X028_C323_0128_1.Json,1,도기류,형광등,백열전구
/home/minsu/disk_c/trash_dataset/085.생활_폐기물_이미지/01.데이터/1.Training/라벨링데이터/도기류/그릇류/14_X028_C323_0128/14_X028_C323_0128_4.Json,1,도기류,형광등,백열전구
/home/minsu/disk_c/trash_dataset/085.생활_폐기물_이미지/01.데이터/1.Training/라벨링데이터/도기류/기타/14_X049_C045_0128/14_X049_C045_0128_1.Json,1,도기류,전자제품,기타
/home/minsu/disk_c/trash_dataset/085.생활_폐기물_이미지/01.데이터/1.Training/라벨링데이터/도기류/기타/14_X049_C045_0128/14_X049_C045_0128_2.Json,1,도기류,전자제품,기타
/home/minsu/disk_c/trash_dataset/085.생활_폐기물_이미지/01.데이터/1.Training/라벨링데이터/도기류/기타/14_X049_C045_0128/14_X049_C045_0128_3.Json,1,도기류,전자제품,기타
/home/minsu/disk_c/trash_dataset/085.생활_폐기물_이미지/01.데이터/1.Training/라벨링데이터/도기류/기타/14_X049_C045_0128/14_X049_C045_0128_0.Json,1,도기류,전자제품,기타
/home/minsu/disk_c/trash_dataset/085.생활_폐기물_이미지/01.데이터/1.Training/라벨링데이터/도기류/기타/14_X049_C045_0128/14_X049_C045_0128_4.Json,1,도기류,전자제품,기타
/home/minsu/disk_c/trash_dataset/085.생활_폐기물_이미지/01.데이터/1.Training/라벨링데이터/도기류/기타/14_X045_C058_0128/14_X045_C058_0128_0.Json,1,도기류,고철류,기타
/home/minsu/disk_c/trash_dataset/085.생활_폐기물_이미지/01.데이터/1.Training/라벨링데이터/도기류/기타/14_X045_C058_0128/14_X045_C058_0128_4.Json,1,도기류,고철류,기타
/home/minsu/disk_c/trash_dataset/085.생활_폐기물_이미지/01.데이터/1.Training/라벨링데이터/도기류/기타/14_X045_C058_0128/14_X045_C058_0128_2.Json,1,도기류,고철류,기타
/home/minsu/disk_c/trash_dataset/085.생활_폐기물_이미지/01.데이터/1.Training/라벨링데이터/도기류/기타/14_X045_C058_0128/14_X045_C058_0128_3.Json,1,도기류,고철류,기타
/home/minsu/disk_c/trash_dataset/085.생활_폐기물_이미지/01.데이터/1.Training/라벨링데이터/도기류/기타/14_X045_C058_0128/14_X045_C058_0128_1.Json,1,도기류,고철류,기타
/home/minsu/disk_c/trash_dataset/085.생활_폐기물_이미지/01.데이터/1.Training/라벨링데이터/도기류/기타/14_X047_C045_0128/14_X047_C045_0128_1.Json,1,도기류,전자제품,기타
/home/minsu/disk_c/trash_dataset/085.생활_폐기물_이미지/01.데이터/1.Training/라벨링데이터/도기류/기타/14_X047_C045_0128/14_X047_C045_0128_0.Json,1,도기류,전자제품,기타
/home/minsu/disk_c/trash_dataset/085.생활_폐기물_이미지/01.데이터/1.Training/라벨링데이터/도기류/기타/14_X047_C045_0128/14_X047_C045_0128_2.Json,1,도기류,전자제품,기타
/home/minsu/disk_c/trash_dataset/085.생활_폐기물_이미지/01.데이터/1.Training/라벨링데이터/도기류/기타/14_X047_C045_0128/14_X047_C045_0128_3.Json,1,도기류,전자제품,기타
/home/minsu/disk_c/trash_dataset/085.생활_폐기물_이미지/01.데이터/1.Training/라벨링데이터/도기류/기타/14_X047_C045_0128/14_X047_C045_0128_4.Json,1,도기류,전자제품,기타
/home/minsu/disk_c/trash_dataset/085.생활_폐기물_이미지/01.데이터/1.Training/라벨링데이터/도기류/기타/14_X051_C045_0128/14_X051_C045_0128_4.Json,1,도기류,전자제품,기타
/home/minsu/disk_c/trash_dataset/085.생활_폐기물_이미지/01.데이터/1.Training/라벨링데이터/도기류/기타/14_X051_C045_0128/14_X051_C045_0128_0.Json,1,도기류,전자제품,기타
/home/minsu/disk_c/trash_dataset/085.생활_폐기물_이미지/01.데이터/1.Training/라벨링데이터/도기류/기타/14_X051_C045_0128/14_X051_C045_0128_2.Json,1,도기류,전자제품,기타
/home/minsu/disk_c/trash_dataset/085.생활_폐기물_이미지/01.데이터/1.Training/라벨링데이터/도기류/기타/14_X051_C045_0128/14_X051_C045_0128_3.Json,1,도기류,전자제품,기타
/home/minsu/disk_c/trash_dataset/085.생활_폐기물_이미지/01.데이터/1.Training/라벨링데이터/도기류/기타/14_X051_C045_0128/14_X051_C045_0128_1.Json,1,도기류,전자제품,기타
/home/minsu/disk_c/trash_dataset/085.생활_폐기물_이미지/01.데이터/1.Training/라벨링데이터/도기류/기타/14_X044_C045_0128/14_X044_C045_0128_1.Json,1,도기류,전자제품,기타
/home/minsu/disk_c/trash_dataset/085.생활_폐기물_이미지/01.데이터/1.Training/라벨링데이터/도기류/기타/14_X044_C045_0128/14_X044_C045_0128_0.Json,1,도기류,전자제품,기타
/home/minsu/disk_c/trash_dataset/085.생활_폐기물_이미지/01.데이터/1.Training/라벨링데이터/도기류/기타/14_X044_C045_0128/14_X044_C045_0128_4.Json,1,도기류,전자제품,기타
/home/minsu/disk_c/trash_dataset/085.생활_폐기물_이미지/01.데이터/1.Training/라벨링데이터/도기류/기타/14_X044_C045_0128/14_X044_C045_0128_3.Json,1,도기류,전자제품,기타
/home/minsu/disk_c/trash_dataset/085.생활_폐기물_이미지/01.데이터/1.Training/라벨링데이터/도기류/기타/14_X044_C045_0128/14_X044_C045_0128_2.Json,1,도기류,전자제품,기타
/home/minsu/disk_c/trash_dataset/085.생활_폐기물_이미지/01.데이터/1.Training/라벨링데이터/캔류/음료수캔/22_X003_C033_1105/22_X003_C033_1105_4.Json,1,캔류,종이류,상자류
/home/minsu/disk_c/trash_dataset/085.생활_폐기물_이미지/01.데이터/1.Training/라벨링데이터/캔류/음료수캔/22_X003_C033_1105/22_X003_C033_1105_1.Json,1,캔류,종이류,상자류
/home/minsu/disk_c/trash_dataset/085.생활_폐기물_이미지/01.데이터/1.Training/라벨링데이터/캔류/음료수캔/22_X003_C033_1105/22_X003_C033_1105_1.Json,2,캔류,종이류,상자류
/home/minsu/disk_c/trash_dataset/085.생활_폐기물_이미지/01.데이터/1.Training/라벨링데이터/캔류/음료수캔/22_X003_C033_1105/22_X003_C033_1105_0.Json,1,캔류,종이류,상자류
/home/minsu/disk_c/trash_dataset/085.생활_폐기물_이미지/01.데이터/1.Training/라벨링데이터/캔류/음료수캔/22_X003_C033_1105/22_X003_C033_1105_0.Json,2,캔류,종이류,상자류
/home/minsu/disk_c/trash_dataset/085.생활_폐기물_이미지/01.데이터/1.Training/라벨링데이터/캔류/음료수캔/22_X001_C173_1008/22_X001_C173_1008_1.Json,1,캔류,전자제품,기타
/home/minsu/disk_c/trash_dataset/085.생활_폐기물_이미지/01.데이터/1.Training/라벨링데이터/종이류/포장상자/21_X011_C061_0129/21_X011_C061_0129_4.Json,0,종이류,스티로폼류,포장용기
/home/minsu/disk_c/trash_dataset/085.생활_폐기물_이미지/01.데이터/1.Training/라벨링데이터/종이류/포장상자/21_X011_C061_0129/21_X011_C061_0129_1.Json,0,종이류,스티로폼류,포장용기
/home/minsu/disk_c/trash_dataset/085.생활_폐기물_이미지/01.데이터/1.Training/라벨링데이터/종이류/포장상자/21_X011_C061_0129/21_X011_C061_0129_3.Json,0,종이류,스티로폼류,포장용기
/home/minsu/disk_c/trash_dataset/085.생활_폐기물_이미지/01.데이터/1.Training/라벨링데이터/종이류/포장상자/21_X011_C061_0129/21_X011_C061_0129_0.Json,1,종이류,스티로폼류,포장용기
/home/minsu/disk_c/trash_dataset/085.생활_폐기물_이미지/01.데이터/1.Training/라벨링데이터/종이류/포장상자/21_X011_C061_0129/21_X011_C061_0129_2.Json,1,종이류,스티로폼류,포장용기
/home/minsu/disk_c/trash_dataset/085.생활_폐기물_이미지/01.데이터/1.Training/라벨링데이터/종이류/포장상자/21_X014_C014_0129/21_X014_C014_0129_2.Json,0,종이류,캔류,음료수캔
/home/minsu/disk_c/trash_dataset/085.생활_폐기물_이미지/01.데이터/1.Training/라벨링데이터/종이류/포장상자/21_X014_C014_0129/21_X014_C014_0129_4.Json,0,종이류,캔류,음료수캔
/home/minsu/disk_c/trash_dataset/085.생활_폐기물_이미지/01.데이터/1.Training/라벨링데이터/종이류/포장상자/21_X014_C014_0129/21_X014_C014_0129_3.Json,1,종이류,캔류,음료수캔
/home/minsu/disk_c/trash_dataset/085.생활_폐기물_이미지/01.데이터/1.Training/라벨링데이터/종이류/포장상자/21_X014_C014_0129/21_X014_C014_0129_1.Json,0,종이류,캔류,음료수캔
/home/minsu/disk_c/trash_dataset/085.생활_폐기물_이미지/01.데이터/1.Training/라벨링데이터/종이류/포장상자/21_X014_C014_0129/21_X014_C014_0129_0.Json,1,종이류,캔류,음료수캔
/home/minsu/disk_c/trash_dataset/085.생활_폐기물_이미지/01.데이터/1.Training/라벨링데이터/종이류/포장상자/21_X014_C061_0128/21_X014_C061_0128_3.Json,1,종이류,스티로폼류,스티로폼
/home/minsu/disk_c/trash_dataset/085.생활_폐기물_이미지/01.데이터/1.Training/라벨링데이터/종이류/포장상자/21_X014_C061_0128/21_X014_C061_0128_1.Json,1,종이류,스티로폼류,스티로폼
/home/minsu/disk_c/trash_dataset/085.생활_폐기물_이미지/01.데이터/1.Training/라벨링데이터/종이류/포장상자/21_X014_C061_0128/21_X014_C061_0128_0.Json,1,종이류,스티로폼류,스티로폼
/home/minsu/disk_c/trash_dataset/085.생활_폐기물_이미지/01.데이터/1.Training/라벨링데이터/종이류/포장상자/21_X014_C061_0128/21_X014_C061_0128_4.Json,1,종이류,스티로폼류,스티로폼
/home/minsu/disk_c/trash_dataset/085.생활_폐기물_이미지/01.데이터/1.Training/라벨링데이터/종이류/포장상자/21_X014_C061_0128/21_X014_C061_0128_2.Json,1,종이류,스티로폼류,스티로폼
/home/minsu/disk_c/trash_dataset/085.생활_폐기물_이미지/01.데이터/1.Training/라벨링데이터/종이류/포장상자/21_X015_C061_0131/21_X015_C061_0131_3.Json,1,종이류,고철류,고철
/home/minsu/disk_c/trash_dataset/085.생활_폐기물_이미지/01.데이터/1.Training/라벨링데이터/종이류/포장상자/21_X015_C061_0131/21_X015_C061_0131_1.Json,1,종이류,고철류,고철
/home/minsu/disk_c/trash_dataset/085.생활_폐기물_이미지/01.데이터/1.Training/라벨링데이터/종이류/포장상자/21_X015_C061_0131/21_X015_C061_0131_0.Json,1,종이류,고철류,고철
/home/minsu/disk_c/trash_dataset/085.생활_폐기물_이미지/01.데이터/1.Training/라벨링데이터/종이류/포장상자/21_X015_C061_0131/21_X015_C061_0131_2.Json,1,종이류,고철류,고철
/home/minsu/disk_c/trash_dataset/085.생활_폐기물_이미지/01.데이터/1.Training/라벨링데이터/종이류/포장상자/21_X015_C061_0131/21_X015_C061_0131_4.Json,1,종이류,고철류,고철
/home/minsu/disk_c/trash_dataset/085.생활_폐기물_이미지/01.데이터/1.Training/라벨링데이터/종이류/포장상자/21_X002_C061_0129/21_X002_C061_0129_4.Json,1,종이류,캔류,맥주캔
/home/minsu/disk_c/trash_dataset/085.생활_폐기물_이미지/01.데이터/1.Training/라벨링데이터/종이류/포장상자/21_X002_C061_0129/21_X002_C061_0129_3.Json,1,종이류,캔류,맥주캔
/home/minsu/disk_c/trash_dataset/085.생활_폐기물_이미지/01.데이터/1.Training/라벨링데이터/종이류/포장상자/21_X002_C061_0129/21_X002_C061_0129_2.Json,1,종이류,캔류,맥주캔
/home/minsu/disk_c/trash_dataset/085.생활_폐기물_이미지/01.데이터/1.Training/라벨링데이터/종이류/포장상자/21_X002_C061_0129/21_X002_C061_0129_1.Json,1,종이류,캔류,맥주캔
/home/minsu/disk_c/trash_dataset/085.생활_폐기물_이미지/01.데이터/1.Training/라벨링데이터/종이류/포장상자/21_X002_C061_0129/21_X002_C061_0129_0.Json,1,종이류,캔류,맥주캔
/home/minsu/disk_c/trash_dataset/085.생활_폐기물_이미지/01.데이터/1.Training/라벨링데이터/종이류/포장상자/21_X004_C061_0129/21_X004_C061_0129_0.Json,1,종이류,페트병류,페트병
/home/minsu/disk_c/trash_dataset/085.생활_폐기물_이미지/01.데이터/1.Training/라벨링데이터/종이류/포장상자/21_X004_C061_0129/21_X004_C061_0129_1.Json,1,종이류,페트병류,페트병
/home/minsu/disk_c/trash_dataset/085.생활_폐기물_이미지/01.데이터/1.Training/라벨링데이터/종이류/포장상자/21_X004_C061_0129/21_X004_C061_0129_4.Json,1,종이류,페트병류,페트병
/home/minsu/disk_c/trash_dataset/085.생활_폐기물_이미지/01.데이터/1.Training/라벨링데이터/종이류/포장상자/21_X004_C061_0129/21_X004_C061_0129_3.Json,1,종이류,페트병류,페트병
/home/minsu/disk_c/trash_dataset/085.생활_폐기물_이미지/01.데이터/1.Training/라벨링데이터/종이류/포장상자/21_X004_C061_0129/21_X004_C061_0129_2.Json,1,종이류,페트병류,페트병
/home/minsu/disk_c/trash_dataset/085.생활_폐기물_이미지/01.데이터/1.Training/라벨링데이터/종이류/포장상자/21_X006_C014_0129/21_X006_C014_0129_3.Json,0,종이류,플라스틱류,밀폐용기
/home/minsu/disk_c/trash_dataset/085.생활_폐기물_이미지/01.데이터/1.Training/라벨링데이터/종이류/포장상자/21_X006_C014_0129/21_X006_C014_0129_2.Json,0,종이류,플라스틱류,밀폐용기
/home/minsu/disk_c/trash_dataset/085.생활_폐기물_이미지/01.데이터/1.Training/라벨링데이터/종이류/포장상자/21_X006_C014_0129/21_X006_C014_0129_0.Json,1,종이류,플라스틱류,밀폐용기
/home/minsu/disk_c/trash_dataset/085.생활_폐기물_이미지/01.데이터/1.Training/라벨링데이터/종이류/포장상자/21_X006_C014_0129/21_X006_C014_0129_4.Json,0,종이류,플라스틱류,밀폐용기
/home/minsu/disk_c/trash_dataset/085.생활_폐기물_이미지/01.데이터/1.Training/라벨링데이터/종이류/포장상자/21_X006_C014_0129/21_X006_C014_0129_1.Json,0,종이류,플라스틱류,밀폐용기
/home/minsu/disk_c/trash_dataset/085.생활_폐기물_이미지/01.데이터/1.Training/라벨링데이터/종이류/포장상자/21_X014_C061_0129/21_X014_C061_0129_3.Json,0,종이류,유리병류,음료수병
/home/minsu/disk_c/trash_dataset/085.생활_폐기물_이미지/01.데이터/1.Training/라벨링데이터/종이류/포장상자/21_X014_C061_0129/21_X014_C061_0129_4.Json,0,종이류,유리병류,음료수병
/home/minsu/disk_c/trash_dataset/085.생활_폐기물_이미지/01.데이터/1.Training/라벨링데이터/종이류/포장상자/21_X014_C061_0129/21_X014_C061_0129_0.Json,1,종이류,유리병류,음료수병
/home/minsu/disk_c/trash_dataset/085.생활_폐기물_이미지/01.데이터/1.Training/라벨링데이터/종이류/포장상자/21_X014_C061_0129/21_X014_C061_0129_2.Json,1,종이류,유리병류,음료수병
/home/minsu/disk_c/trash_dataset/085.생활_폐기물_이미지/01.데이터/1.Training/라벨링데이터/종이류/포장상자/21_X014_C061_0129/21_X014_C061_0129_1.Json,0,종이류,유리병류,음료수병
/home/minsu/disk_c/trash_dataset/085.생활_폐기물_이미지/01.데이터/1.Training/라벨링데이터/종이류/포장상자/21_X044_C061_0129/21_X044_C061_0129_1.Json,1,종이류,스티로폼류,포장용기
/home/minsu/disk_c/trash_dataset/085.생활_폐기물_이미지/01.데이터/1.Training/라벨링데이터/종이류/포장상자/21_X044_C061_0129/21_X044_C061_0129_4.Json,1,종이류,스티로폼류,포장용기
/home/minsu/disk_c/trash_dataset/085.생활_폐기물_이미지/01.데이터/1.Training/라벨링데이터/종이류/포장상자/21_X044_C061_0129/21_X044_C061_0129_0.Json,1,종이류,스티로폼류,포장용기
/home/minsu/disk_c/trash_dataset/085.생활_폐기물_이미지/01.데이터/1.Training/라벨링데이터/종이류/포장상자/21_X044_C061_0129/21_X044_C061_0129_2.Json,1,종이류,스티로폼류,포장용기
/home/minsu/disk_c/trash_dataset/085.생활_폐기물_이미지/01.데이터/1.Training/라벨링데이터/종이류/포장상자/21_X044_C061_0129/21_X044_C061_0129_3.Json,1,종이류,스티로폼류,포장용기
/home/minsu/disk_c/trash_dataset/085.생활_폐기물_이미지/01.데이터/1.Training/라벨링데이터/종이류/포장상자/21_X015_C061_0129/21_X015_C061_0129_0.Json,1,종이류,유리병류,음료수병
/home/minsu/disk_c/trash_dataset/085.생활_폐기물_이미지/01.데이터/1.Training/라벨링데이터/종이류/포장상자/21_X015_C061_0129/21_X015_C061_0129_4.Json,0,종이류,유리병류,음료수병
/home/minsu/disk_c/trash_dataset/085.생활_폐기물_이미지/01.데이터/1.Training/라벨링데이터/종이류/포장상자/21_X015_C061_0129/21_X015_C061_0129_3.Json,0,종이류,유리병류,음료수병
/home/minsu/disk_c/trash_dataset/085.생활_폐기물_이미지/01.데이터/1.Training/라벨링데이터/종이류/포장상자/21_X015_C061_0129/21_X015_C061_0129_1.Json,0,종이류,유리병류,음료수병
/home/minsu/disk_c/trash_dataset/085.생활_폐기물_이미지/01.데이터/1.Training/라벨링데이터/종이류/포장상자/21_X015_C061_0129/21_X015_C061_0129_2.Json,0,종이류,유리병류,음료수병
/home/minsu/disk_c/trash_dataset/085.생활_폐기물_이미지/01.데이터/1.Training/라벨링데이터/종이류/포장상자/21_X013_C061_0129/21_X013_C061_0129_2.Json,0,종이류,유리병류,박카스병
/home/minsu/disk_c/trash_dataset/085.생활_폐기물_이미지/01.데이터/1.Training/라벨링데이터/종이류/포장상자/21_X013_C061_0129/21_X013_C061_0129_3.Json,0,종이류,유리병류,박카스병
/home/minsu/disk_c/trash_dataset/085.생활_폐기물_이미지/01.데이터/1.Training/라벨링데이터/종이류/포장상자/21_X013_C061_0129/21_X013_C061_0129_0.Json,1,종이류,유리병류,박카스병
/home/minsu/disk_c/trash_dataset/085.생활_폐기물_이미지/01.데이터/1.Training/라벨링데이터/종이류/포장상자/21_X013_C061_0129/21_X013_C061_0129_1.Json,0,종이류,유리병류,박카스병
/home/minsu/disk_c/trash_dataset/085.생활_폐기물_이미지/01.데이터/1.Training/라벨링데이터/종이류/포장상자/21_X013_C061_0129/21_X013_C061_0129_4.Json,0,종이류,유리병류,박카스병
/home/minsu/disk_c/trash_dataset/085.생활_폐기물_이미지/01.데이터/1.Training/라벨링데이터/종이류/포장상자/21_X035_C172_0127/21_X035_C172_0127_0.Json,1,종이류,플라스틱류,밀폐용기
/home/minsu/disk_c/trash_dataset/085.생활_폐기물_이미지/01.데이터/1.Training/라벨링데이터/종이류/포장상자/21_X035_C172_0127/21_X035_C172_0127_1.Json,1,종이류,플라스틱류,밀폐용기
/home/minsu/disk_c/trash_dataset/085.생활_폐기물_이미지/01.데이터/1.Training/라벨링데이터/종이류/포장상자/21_X035_C172_0127/21_X035_C172_0127_4.Json,1,종이류,플라스틱류,밀폐용기
/home/minsu/disk_c/trash_dataset/085.생활_폐기물_이미지/01.데이터/1.Training/라벨링데이터/종이류/포장상자/21_X035_C172_0127/21_X035_C172_0127_3.Json,1,종이류,플라스틱류,밀폐용기
/home/minsu/disk_c/trash_dataset/085.생활_폐기물_이미지/01.데이터/1.Training/라벨링데이터/종이류/포장상자/21_X035_C172_0127/21_X035_C172_0127_2.Json,1,종이류,플라스틱류,밀폐용기
/home/minsu/disk_c/trash_dataset/085.생활_폐기물_이미지/01.데이터/1.Training/라벨링데이터/종이류/포장상자/21_X033_C058_0130/21_X033_C058_0130_0.Json,1,종이류,고철류,고철
/home/minsu/disk_c/trash_dataset/085.생활_폐기물_이미지/01.데이터/1.Training/라벨링데이터/종이류/포장상자/21_X033_C058_0130/21_X033_C058_0130_4.Json,1,종이류,고철류,고철
/home/minsu/disk_c/trash_dataset/085.생활_폐기물_이미지/01.데이터/1.Training/라벨링데이터/종이류/포장상자/21_X033_C058_0130/21_X033_C058_0130_2.Json,1,종이류,고철류,고철
/home/minsu/disk_c/trash_dataset/085.생활_폐기물_이미지/01.데이터/1.Training/라벨링데이터/종이류/포장상자/21_X033_C058_0130/21_X033_C058_0130_1.Json,1,종이류,고철류,고철
/home/minsu/disk_c/trash_dataset/085.생활_폐기물_이미지/01.데이터/1.Training/라벨링데이터/종이류/포장상자/21_X033_C058_0130/21_X033_C058_0130_3.Json,1,종이류,고철류,고철
/home/minsu/disk_c/trash_dataset/085.생활_폐기물_이미지/01.데이터/1.Training/라벨링데이터/종이류/포장상자/21_X038_C061_0127/21_X038_C061_0127_4.Json,1,종이류,플라스틱류,밀폐용기
/home/minsu/disk_c/trash_dataset/085.생활_폐기물_이미지/01.데이터/1.Training/라벨링데이터/종이류/포장상자/21_X038_C061_0127/21_X038_C061_0127_2.Json,1,종이류,플라스틱류,밀폐용기
/home/minsu/disk_c/trash_dataset/085.생활_폐기물_이미지/01.데이터/1.Training/라벨링데이터/종이류/포장상자/21_X038_C061_0127/21_X038_C061_0127_0.Json,1,종이류,플라스틱류,밀폐용기
/home/minsu/disk_c/trash_dataset/085.생활_폐기물_이미지/01.데이터/1.Training/라벨링데이터/종이류/포장상자/21_X038_C061_0127/21_X038_C061_0127_1.Json,1,종이류,플라스틱류,밀폐용기
/home/minsu/disk_c/trash_dataset/085.생활_폐기물_이미지/01.데이터/1.Training/라벨링데이터/종이류/포장상자/21_X038_C061_0127/21_X038_C061_0127_3.Json,1,종이류,플라스틱류,밀폐용기
/home/minsu/disk_c/trash_dataset/085.생활_폐기물_이미지/01.데이터/1.Training/라벨링데이터/종이류/포장상자/21_X042_C323_0130/21_X042_C323_0130_1.Json,1,종이류,캔류,음료수캔
/home/minsu/disk_c/trash_dataset/085.생활_폐기물_이미지/01.데이터/1.Training/라벨링데이터/종이류/포장상자/21_X042_C323_0130/21_X042_C323_0130_2.Json,1,종이류,캔류,음료수캔
/home/minsu/disk_c/trash_dataset/085.생활_폐기물_이미지/01.데이터/1.Training/라벨링데이터/종이류/포장상자/21_X042_C323_0130/21_X042_C323_0130_3.Json,0,종이류,캔류,음료수캔
/home/minsu/disk_c/trash_dataset/085.생활_폐기물_이미지/01.데이터/1.Training/라벨링데이터/종이류/포장상자/21_X042_C323_0130/21_X042_C323_0130_4.Json,1,종이류,캔류,음료수캔
/home/minsu/disk_c/trash_dataset/085.생활_폐기물_이미지/01.데이터/1.Training/라벨링데이터/종이류/포장상자/21_X042_C323_0130/21_X042_C323_0130_0.Json,1,종이류,캔류,음료수캔
/home/minsu/disk_c/trash_dataset/085.생활_폐기물_이미지/01.데이터/1.Training/라벨링데이터/종이류/포장상자/21_X029_C058_0130/21_X029_C058_0130_3.Json,1,종이류,고철류,철옷걸이
/home/minsu/disk_c/trash_dataset/085.생활_폐기물_이미지/01.데이터/1.Training/라벨링데이터/종이류/포장상자/21_X029_C058_0130/21_X029_C058_0130_2.Json,1,종이류,고철류,철옷걸이
/home/minsu/disk_c/trash_dataset/085.생활_폐기물_이미지/01.데이터/1.Training/라벨링데이터/종이류/포장상자/21_X029_C058_0130/21_X029_C058_0130_4.Json,1,종이류,고철류,철옷걸이
/home/minsu/disk_c/trash_dataset/085.생활_폐기물_이미지/01.데이터/1.Training/라벨링데이터/종이류/포장상자/21_X029_C058_0130/21_X029_C058_0130_0.Json,1,종이류,고철류,철옷걸이
/home/minsu/disk_c/trash_dataset/085.생활_폐기물_이미지/01.데이터/1.Training/라벨링데이터/종이류/포장상자/21_X029_C058_0130/21_X029_C058_0130_1.Json,1,종이류,고철류,철옷걸이
/home/minsu/disk_c/trash_dataset/085.생활_폐기물_이미지/01.데이터/1.Training/라벨링데이터/종이류/포장상자/21_X004_C033_1005/21_X004_C033_1005_0.Json,2,종이류,비닐류,에어캡
/home/minsu/disk_c/trash_dataset/085.생활_폐기물_이미지/01.데이터/1.Training/라벨링데이터/종이류/포장상자/21_X009_C045_0130/21_X009_C045_0130_1.Json,0,종이류,페트병류,페트병
/home/minsu/disk_c/trash_dataset/085.생활_폐기물_이미지/01.데이터/1.Training/라벨링데이터/종이류/포장상자/21_X009_C045_0130/21_X009_C045_0130_2.Json,1,종이류,페트병류,페트병
/home/minsu/disk_c/trash_dataset/085.생활_폐기물_이미지/01.데이터/1.Training/라벨링데이터/종이류/포장상자/21_X009_C045_0130/21_X009_C045_0130_0.Json,1,종이류,페트병류,페트병
/home/minsu/disk_c/trash_dataset/085.생활_폐기물_이미지/01.데이터/1.Training/라벨링데이터/종이류/포장상자/21_X009_C045_0130/21_X009_C045_0130_3.Json,0,종이류,페트병류,페트병
/home/minsu/disk_c/trash_dataset/085.생활_폐기물_이미지/01.데이터/1.Training/라벨링데이터/종이류/포장상자/21_X009_C045_0130/21_X009_C045_0130_4.Json,1,종이류,페트병류,페트병
/home/minsu/disk_c/trash_dataset/085.생활_폐기물_이미지/01.데이터/1.Training/라벨링데이터/종이류/포장상자/21_X010_C061_0129/21_X010_C061_0129_3.Json,0,종이류,캔류,맥주캔
/home/minsu/disk_c/trash_dataset/085.생활_폐기물_이미지/01.데이터/1.Training/라벨링데이터/종이류/포장상자/21_X010_C061_0129/21_X010_C061_0129_0.Json,1,종이류,캔류,맥주캔
/home/minsu/disk_c/trash_dataset/085.생활_폐기물_이미지/01.데이터/1.Training/라벨링데이터/종이류/포장상자/21_X010_C061_0129/21_X010_C061_0129_1.Json,0,종이류,캔류,맥주캔
/home/minsu/disk_c/trash_dataset/085.생활_폐기물_이미지/01.데이터/1.Training/라벨링데이터/종이류/포장상자/21_X010_C061_0129/21_X010_C061_0129_2.Json,0,종이류,캔류,맥주캔
/home/minsu/disk_c/trash_dataset/085.생활_폐기물_이미지/01.데이터/1.Training/라벨링데이터/종이류/포장상자/21_X010_C061_0129/21_X010_C061_0129_4.Json,0,종이류,캔류,맥주캔
/home/minsu/disk_c/trash_dataset/085.생활_폐기물_이미지/01.데이터/1.Training/라벨링데이터/종이류/포장상자/21_X020_C802_0221/21_X020_C802_0221_2.Json,3,종이류,스티로폼류,스티로폼
/home/minsu/disk_c/trash_dataset/085.생활_폐기물_이미지/01.데이터/1.Training/라벨링데이터/종이류/포장상자/21_X019_C172_0127/21_X019_C172_0127_1.Json,1,종이류,플라스틱류,밀폐용기
/home/minsu/disk_c/trash_dataset/085.생활_폐기물_이미지/01.데이터/1.Training/라벨링데이터/종이류/포장상자/21_X019_C172_0127/21_X019_C172_0127_2.Json,1,종이류,플라스틱류,밀폐용기
/home/minsu/disk_c/trash_dataset/085.생활_폐기물_이미지/01.데이터/1.Training/라벨링데이터/종이류/포장상자/21_X019_C172_0127/21_X019_C172_0127_4.Json,1,종이류,플라스틱류,밀폐용기
/home/minsu/disk_c/trash_dataset/085.생활_폐기물_이미지/01.데이터/1.Training/라벨링데이터/종이류/포장상자/21_X019_C172_0127/21_X019_C172_0127_0.Json,1,종이류,플라스틱류,밀폐용기
/home/minsu/disk_c/trash_dataset/085.생활_폐기물_이미지/01.데이터/1.Training/라벨링데이터/종이류/포장상자/21_X019_C172_0127/21_X019_C172_0127_3.Json,1,종이류,플라스틱류,밀폐용기
/home/minsu/disk_c/trash_dataset/085.생활_폐기물_이미지/01.데이터/1.Training/라벨링데이터/종이류/포장상자/21_X034_C058_0130/21_X034_C058_0130_1.Json,1,종이류,고철류,고철
/home/minsu/disk_c/trash_dataset/085.생활_폐기물_이미지/01.데이터/1.Training/라벨링데이터/종이류/포장상자/21_X034_C058_0130/21_X034_C058_0130_2.Json,1,종이류,고철류,고철
/home/minsu/disk_c/trash_dataset/085.생활_폐기물_이미지/01.데이터/1.Training/라벨링데이터/종이류/포장상자/21_X034_C058_0130/21_X034_C058_0130_4.Json,1,종이류,고철류,고철
/home/minsu/disk_c/trash_dataset/085.생활_폐기물_이미지/01.데이터/1.Training/라벨링데이터/종이류/포장상자/21_X034_C058_0130/21_X034_C058_0130_0.Json,1,종이류,고철류,고철
/home/minsu/disk_c/trash_dataset/085.생활_폐기물_이미지/01.데이터/1.Training/라벨링데이터/종이류/포장상자/21_X034_C058_0130/21_X034_C058_0130_3.Json,1,종이류,고철류,고철
/home/minsu/disk_c/trash_dataset/085.생활_폐기물_이미지/01.데이터/1.Training/라벨링데이터/종이류/포장상자/21_X028_C172_0127/21_X028_C172_0127_1.Json,1,종이류,플라스틱류,밀폐용기
/home/minsu/disk_c/trash_dataset/085.생활_폐기물_이미지/01.데이터/1.Training/라벨링데이터/종이류/포장상자/21_X028_C172_0127/21_X028_C172_0127_3.Json,1,종이류,플라스틱류,밀폐용기
/home/minsu/disk_c/trash_dataset/085.생활_폐기물_이미지/01.데이터/1.Training/라벨링데이터/종이류/포장상자/21_X028_C172_0127/21_X028_C172_0127_2.Json,1,종이류,플라스틱류,밀폐용기
/home/minsu/disk_c/trash_dataset/085.생활_폐기물_이미지/01.데이터/1.Training/라벨링데이터/종이류/포장상자/21_X028_C172_0127/21_X028_C172_0127_4.Json,1,종이류,플라스틱류,밀폐용기
/home/minsu/disk_c/trash_dataset/085.생활_폐기물_이미지/01.데이터/1.Training/라벨링데이터/종이류/포장상자/21_X028_C172_0127/21_X028_C172_0127_0.Json,1,종이류,플라스틱류,밀폐용기
/home/minsu/disk_c/trash_dataset/085.생활_폐기물_이미지/01.데이터/1.Training/라벨링데이터/종이류/포장상자/21_X020_C172_0127/21_X020_C172_0127_4.Json,1,종이류,플라스틱류,밀폐용기
/home/minsu/disk_c/trash_dataset/085.생활_폐기물_이미지/01.데이터/1.Training/라벨링데이터/종이류/포장상자/21_X020_C172_0127/21_X020_C172_0127_3.Json,1,종이류,플라스틱류,밀폐용기
/home/minsu/disk_c/trash_dataset/085.생활_폐기물_이미지/01.데이터/1.Training/라벨링데이터/종이류/포장상자/21_X020_C172_0127/21_X020_C172_0127_1.Json,1,종이류,플라스틱류,밀폐용기
/home/minsu/disk_c/trash_dataset/085.생활_폐기물_이미지/01.데이터/1.Training/라벨링데이터/종이류/포장상자/21_X020_C172_0127/21_X020_C172_0127_0.Json,1,종이류,플라스틱류,밀폐용기
/home/minsu/disk_c/trash_dataset/085.생활_폐기물_이미지/01.데이터/1.Training/라벨링데이터/종이류/포장상자/21_X020_C172_0127/21_X020_C172_0127_2.Json,1,종이류,플라스틱류,밀폐용기
/home/minsu/disk_c/trash_dataset/085.생활_폐기물_이미지/01.데이터/1.Training/라벨링데이터/종이류/포장상자/21_X015_C061_0127/21_X015_C061_0127_0.Json,1,종이류,캔류,통조림캔
/home/minsu/disk_c/trash_dataset/085.생활_폐기물_이미지/01.데이터/1.Training/라벨링데이터/종이류/포장상자/21_X015_C061_0127/21_X015_C061_0127_2.Json,1,종이류,캔류,통조림캔
/home/minsu/disk_c/trash_dataset/085.생활_폐기물_이미지/01.데이터/1.Training/라벨링데이터/종이류/포장상자/21_X015_C061_0127/21_X015_C061_0127_1.Json,1,종이류,캔류,통조림캔
/home/minsu/disk_c/trash_dataset/085.생활_폐기물_이미지/01.데이터/1.Training/라벨링데이터/종이류/포장상자/21_X015_C061_0127/21_X015_C061_0127_3.Json,1,종이류,캔류,통조림캔
/home/minsu/disk_c/trash_dataset/085.생활_폐기물_이미지/01.데이터/1.Training/라벨링데이터/종이류/포장상자/21_X015_C061_0127/21_X015_C061_0127_4.Json,1,종이류,캔류,통조림캔
/home/minsu/disk_c/trash_dataset/085.생활_폐기물_이미지/01.데이터/1.Training/라벨링데이터/종이류/포장상자/21_X006_C061_0129/21_X006_C061_0129_4.Json,0,종이류,플라스틱류,밀폐용기
/home/minsu/disk_c/trash_dataset/085.생활_폐기물_이미지/01.데이터/1.Training/라벨링데이터/종이류/포장상자/21_X006_C061_0129/21_X006_C061_0129_2.Json,0,종이류,플라스틱류,밀폐용기
/home/minsu/disk_c/trash_dataset/085.생활_폐기물_이미지/01.데이터/1.Training/라벨링데이터/종이류/포장상자/21_X006_C061_0129/21_X006_C061_0129_3.Json,0,종이류,플라스틱류,밀폐용기
/home/minsu/disk_c/trash_dataset/085.생활_폐기물_이미지/01.데이터/1.Training/라벨링데이터/종이류/포장상자/21_X006_C061_0129/21_X006_C061_0129_1.Json,0,종이류,플라스틱류,밀폐용기
/home/minsu/disk_c/trash_dataset/085.생활_폐기물_이미지/01.데이터/1.Training/라벨링데이터/종이류/포장상자/21_X006_C061_0129/21_X006_C061_0129_0.Json,1,종이류,플라스틱류,밀폐용기
/home/minsu/disk_c/trash_dataset/085.생활_폐기물_이미지/01.데이터/1.Training/라벨링데이터/종이류/포장상자/21_X021_C172_0127/21_X021_C172_0127_4.Json,1,종이류,플라스틱류,밀폐용기
/home/minsu/disk_c/trash_dataset/085.생활_폐기물_이미지/01.데이터/1.Training/라벨링데이터/종이류/포장상자/21_X021_C172_0127/21_X021_C172_0127_1.Json,1,종이류,플라스틱류,밀폐용기
/home/minsu/disk_c/trash_dataset/085.생활_폐기물_이미지/01.데이터/1.Training/라벨링데이터/종이류/포장상자/21_X021_C172_0127/21_X021_C172_0127_0.Json,1,종이류,플라스틱류,밀폐용기
/home/minsu/disk_c/trash_dataset/085.생활_폐기물_이미지/01.데이터/1.Training/라벨링데이터/종이류/포장상자/21_X021_C172_0127/21_X021_C172_0127_3.Json,1,종이류,플라스틱류,밀폐용기
/home/minsu/disk_c/trash_dataset/085.생활_폐기물_이미지/01.데이터/1.Training/라벨링데이터/종이류/포장상자/21_X021_C172_0127/21_X021_C172_0127_2.Json,1,종이류,플라스틱류,밀폐용기
/home/minsu/disk_c/trash_dataset/085.생활_폐기물_이미지/01.데이터/1.Training/라벨링데이터/종이류/포장상자/21_X008_C061_0128/21_X008_C061_0128_3.Json,1,종이류,캔류,음료수캔
/home/minsu/disk_c/trash_dataset/085.생활_폐기물_이미지/01.데이터/1.Training/라벨링데이터/종이류/포장상자/21_X008_C061_0128/21_X008_C061_0128_1.Json,1,종이류,캔류,음료수캔
/home/minsu/disk_c/trash_dataset/085.생활_폐기물_이미지/01.데이터/1.Training/라벨링데이터/종이류/포장상자/21_X008_C061_0128/21_X008_C061_0128_4.Json,1,종이류,캔류,음료수캔
/home/minsu/disk_c/trash_dataset/085.생활_폐기물_이미지/01.데이터/1.Training/라벨링데이터/종이류/포장상자/21_X008_C061_0128/21_X008_C061_0128_0.Json,1,종이류,캔류,음료수캔
/home/minsu/disk_c/trash_dataset/085.생활_폐기물_이미지/01.데이터/1.Training/라벨링데이터/종이류/포장상자/21_X008_C061_0128/21_X008_C061_0128_2.Json,1,종이류,캔류,음료수캔
/home/minsu/disk_c/trash_dataset/085.생활_폐기물_이미지/01.데이터/1.Training/라벨링데이터/종이류/포장상자/21_X006_C045_0130/21_X006_C045_0130_4.Json,0,종이류,페트병류,페트병
/home/minsu/disk_c/trash_dataset/085.생활_폐기물_이미지/01.데이터/1.Training/라벨링데이터/종이류/포장상자/21_X006_C045_0130/21_X006_C045_0130_1.Json,0,종이류,페트병류,페트병
/home/minsu/disk_c/trash_dataset/085.생활_폐기물_이미지/01.데이터/1.Training/라벨링데이터/종이류/포장상자/21_X006_C045_0130/21_X006_C045_0130_2.Json,0,종이류,페트병류,페트병
/home/minsu/disk_c/trash_dataset/085.생활_폐기물_이미지/01.데이터/1.Training/라벨링데이터/종이류/포장상자/21_X006_C045_0130/21_X006_C045_0130_0.Json,1,종이류,페트병류,페트병
/home/minsu/disk_c/trash_dataset/085.생활_폐기물_이미지/01.데이터/1.Training/라벨링데이터/종이류/포장상자/21_X006_C045_0130/21_X006_C045_0130_3.Json,0,종이류,페트병류,페트병
/home/minsu/disk_c/trash_dataset/085.생활_폐기물_이미지/01.데이터/1.Training/라벨링데이터/종이류/포장상자/21_X009_C061_0129/21_X009_C061_0129_2.Json,0,종이류,캔류,맥주캔
/home/minsu/disk_c/trash_dataset/085.생활_폐기물_이미지/01.데이터/1.Training/라벨링데이터/종이류/포장상자/21_X009_C061_0129/21_X009_C061_0129_4.Json,0,종이류,캔류,맥주캔
/home/minsu/disk_c/trash_dataset/085.생활_폐기물_이미지/01.데이터/1.Training/라벨링데이터/종이류/포장상자/21_X009_C061_0129/21_X009_C061_0129_0.Json,1,종이류,캔류,맥주캔
/home/minsu/disk_c/trash_dataset/085.생활_폐기물_이미지/01.데이터/1.Training/라벨링데이터/종이류/포장상자/21_X009_C061_0129/21_X009_C061_0129_1.Json,0,종이류,캔류,맥주캔
/home/minsu/disk_c/trash_dataset/085.생활_폐기물_이미지/01.데이터/1.Training/라벨링데이터/종이류/포장상자/21_X009_C061_0129/21_X009_C061_0129_3.Json,1,종이류,캔류,맥주캔
/home/minsu/disk_c/trash_dataset/085.생활_폐기물_이미지/01.데이터/1.Training/라벨링데이터/종이류/포장상자/21_X038_C061_0129/21_X038_C061_0129_2.Json,0,종이류,캔류,맥주캔
/home/minsu/disk_c/trash_dataset/085.생활_폐기물_이미지/01.데이터/1.Training/라벨링데이터/종이류/포장상자/21_X038_C061_0129/21_X038_C061_0129_1.Json,0,종이류,캔류,맥주캔
/home/minsu/disk_c/trash_dataset/085.생활_폐기물_이미지/01.데이터/1.Training/라벨링데이터/종이류/포장상자/21_X038_C061_0129/21_X038_C061_0129_0.Json,1,종이류,캔류,맥주캔
/home/minsu/disk_c/trash_dataset/085.생활_폐기물_이미지/01.데이터/1.Training/라벨링데이터/종이류/포장상자/21_X038_C061_0129/21_X038_C061_0129_3.Json,0,종이류,캔류,맥주캔
/home/minsu/disk_c/trash_dataset/085.생활_폐기물_이미지/01.데이터/1.Training/라벨링데이터/종이류/포장상자/21_X038_C061_0129/21_X038_C061_0129_4.Json,0,종이류,캔류,맥주캔
/home/minsu/disk_c/trash_dataset/085.생활_폐기물_이미지/01.데이터/1.Training/라벨링데이터/종이류/포장상자/21_X017_C061_0127/21_X017_C061_0127_3.Json,1,종이류,캔류,커피캔
/home/minsu/disk_c/trash_dataset/085.생활_폐기물_이미지/01.데이터/1.Training/라벨링데이터/종이류/포장상자/21_X017_C061_0127/21_X017_C061_0127_2.Json,1,종이류,캔류,커피캔
/home/minsu/disk_c/trash_dataset/085.생활_폐기물_이미지/01.데이터/1.Training/라벨링데이터/종이류/포장상자/21_X017_C061_0127/21_X017_C061_0127_4.Json,1,종이류,캔류,커피캔
/home/minsu/disk_c/trash_dataset/085.생활_폐기물_이미지/01.데이터/1.Training/라벨링데이터/종이류/포장상자/21_X017_C061_0127/21_X017_C061_0127_1.Json,1,종이류,캔류,커피캔
/home/minsu/disk_c/trash_dataset/085.생활_폐기물_이미지/01.데이터/1.Training/라벨링데이터/종이류/포장상자/21_X017_C061_0127/21_X017_C061_0127_0.Json,1,종이류,캔류,커피캔
/home/minsu/disk_c/trash_dataset/085.생활_폐기물_이미지/01.데이터/1.Training/라벨링데이터/종이류/포장상자/21_X037_C172_0127/21_X037_C172_0127_0.Json,1,종이류,플라스틱류,밀폐용기
/home/minsu/disk_c/trash_dataset/085.생활_폐기물_이미지/01.데이터/1.Training/라벨링데이터/종이류/포장상자/21_X037_C172_0127/21_X037_C172_0127_4.Json,1,종이류,플라스틱류,밀폐용기
/home/minsu/disk_c/trash_dataset/085.생활_폐기물_이미지/01.데이터/1.Training/라벨링데이터/종이류/포장상자/21_X037_C172_0127/21_X037_C172_0127_1.Json,1,종이류,플라스틱류,밀폐용기
/home/minsu/disk_c/trash_dataset/085.생활_폐기물_이미지/01.데이터/1.Training/라벨링데이터/종이류/포장상자/21_X037_C172_0127/21_X037_C172_0127_2.Json,1,종이류,플라스틱류,밀폐용기
/home/minsu/disk_c/trash_dataset/085.생활_폐기물_이미지/01.데이터/1.Training/라벨링데이터/종이류/포장상자/21_X037_C172_0127/21_X037_C172_0127_3.Json,1,종이류,플라스틱류,밀폐용기
/home/minsu/disk_c/trash_dataset/085.생활_폐기물_이미지/01.데이터/1.Training/라벨링데이터/종이류/포장상자/21_X017_C061_0131/21_X017_C061_0131_2.Json,0,종이류,유리병류,박카스병
/home/minsu/disk_c/trash_dataset/085.생활_폐기물_이미지/01.데이터/1.Training/라벨링데이터/종이류/포장상자/21_X017_C061_0131/21_X017_C061_0131_1.Json,0,종이류,유리병류,박카스병
/home/minsu/disk_c/trash_dataset/085.생활_폐기물_이미지/01.데이터/1.Training/라벨링데이터/종이류/포장상자/21_X017_C061_0131/21_X017_C061_0131_4.Json,0,종이류,유리병류,박카스병
/home/minsu/disk_c/trash_dataset/085.생활_폐기물_이미지/01.데이터/1.Training/라벨링데이터/종이류/포장상자/21_X017_C061_0131/21_X017_C061_0131_0.Json,1,종이류,유리병류,박카스병
/home/minsu/disk_c/trash_dataset/085.생활_폐기물_이미지/01.데이터/1.Training/라벨링데이터/종이류/포장상자/21_X017_C061_0131/21_X017_C061_0131_3.Json,0,종이류,유리병류,박카스병
/home/minsu/disk_c/trash_dataset/085.생활_폐기물_이미지/01.데이터/1.Training/라벨링데이터/종이류/포장상자/21_X036_C172_0127/21_X036_C172_0127_0.Json,1,종이류,플라스틱류,밀폐용기
/home/minsu/disk_c/trash_dataset/085.생활_폐기물_이미지/01.데이터/1.Training/라벨링데이터/종이류/포장상자/21_X036_C172_0127/21_X036_C172_0127_2.Json,1,종이류,플라스틱류,밀폐용기
/home/minsu/disk_c/trash_dataset/085.생활_폐기물_이미지/01.데이터/1.Training/라벨링데이터/종이류/포장상자/21_X036_C172_0127/21_X036_C172_0127_3.Json,1,종이류,플라스틱류,밀폐용기
/home/minsu/disk_c/trash_dataset/085.생활_폐기물_이미지/01.데이터/1.Training/라벨링데이터/종이류/포장상자/21_X036_C172_0127/21_X036_C172_0127_4.Json,1,종이류,플라스틱류,밀폐용기
/home/minsu/disk_c/trash_dataset/085.생활_폐기물_이미지/01.데이터/1.Training/라벨링데이터/종이류/포장상자/21_X036_C172_0127/21_X036_C172_0127_1.Json,1,종이류,플라스틱류,밀폐용기
/home/minsu/disk_c/trash_dataset/085.생활_폐기물_이미지/01.데이터/1.Training/라벨링데이터/종이류/포장상자/21_X006_C061_0131/21_X006_C061_0131_0.Json,1,종이류,스티로폼류,보호재
/home/minsu/disk_c/trash_dataset/085.생활_폐기물_이미지/01.데이터/1.Training/라벨링데이터/종이류/포장상자/21_X006_C061_0131/21_X006_C061_0131_2.Json,0,종이류,스티로폼류,보호재
/home/minsu/disk_c/trash_dataset/085.생활_폐기물_이미지/01.데이터/1.Training/라벨링데이터/종이류/포장상자/21_X006_C061_0131/21_X006_C061_0131_1.Json,0,종이류,스티로폼류,보호재
/home/minsu/disk_c/trash_dataset/085.생활_폐기물_이미지/01.데이터/1.Training/라벨링데이터/종이류/포장상자/21_X006_C061_0131/21_X006_C061_0131_4.Json,0,종이류,스티로폼류,보호재
/home/minsu/disk_c/trash_dataset/085.생활_폐기물_이미지/01.데이터/1.Training/라벨링데이터/종이류/포장상자/21_X006_C061_0131/21_X006_C061_0131_3.Json,0,종이류,스티로폼류,보호재
/home/minsu/disk_c/trash_dataset/085.생활_폐기물_이미지/01.데이터/1.Training/라벨링데이터/종이류/포장상자/21_X036_C061_0127/21_X036_C061_0127_4.Json,1,종이류,캔류,음료수캔
/home/minsu/disk_c/trash_dataset/085.생활_폐기물_이미지/01.데이터/1.Training/라벨링데이터/종이류/포장상자/21_X036_C061_0127/21_X036_C061_0127_1.Json,1,종이류,캔류,음료수캔
/home/minsu/disk_c/trash_dataset/085.생활_폐기물_이미지/01.데이터/1.Training/라벨링데이터/종이류/포장상자/21_X036_C061_0127/21_X036_C061_0127_0.Json,1,종이류,캔류,음료수캔
/home/minsu/disk_c/trash_dataset/085.생활_폐기물_이미지/01.데이터/1.Training/라벨링데이터/종이류/포장상자/21_X036_C061_0127/21_X036_C061_0127_2.Json,1,종이류,캔류,음료수캔
/home/minsu/disk_c/trash_dataset/085.생활_폐기물_이미지/01.데이터/1.Training/라벨링데이터/종이류/포장상자/21_X036_C061_0127/21_X036_C061_0127_3.Json,1,종이류,캔류,음료수캔
/home/minsu/disk_c/trash_dataset/085.생활_폐기물_이미지/01.데이터/1.Training/라벨링데이터/종이류/포장상자/21_X023_C061_0129/21_X023_C061_0129_3.Json,0,종이류,도기류,그릇류
/home/minsu/disk_c/trash_dataset/085.생활_폐기물_이미지/01.데이터/1.Training/라벨링데이터/종이류/포장상자/21_X023_C061_0129/21_X023_C061_0129_2.Json,0,종이류,도기류,그릇류
/home/minsu/disk_c/trash_dataset/085.생활_폐기물_이미지/01.데이터/1.Training/라벨링데이터/종이류/포장상자/21_X023_C061_0129/21_X023_C061_0129_0.Json,1,종이류,도기류,그릇류
/home/minsu/disk_c/trash_dataset/085.생활_폐기물_이미지/01.데이터/1.Training/라벨링데이터/종이류/포장상자/21_X023_C061_0129/21_X023_C061_0129_1.Json,0,종이류,도기류,그릇류
/home/minsu/disk_c/trash_dataset/085.생활_폐기물_이미지/01.데이터/1.Training/라벨링데이터/종이류/포장상자/21_X023_C061_0129/21_X023_C061_0129_4.Json,0,종이류,도기류,그릇류
/home/minsu/disk_c/trash_dataset/085.생활_폐기물_이미지/01.데이터/1.Training/라벨링데이터/종이류/포장상자/21_X024_C061_0129/21_X024_C061_0129_1.Json,0,종이류,유리병류,박카스병
/home/minsu/disk_c/trash_dataset/085.생활_폐기물_이미지/01.데이터/1.Training/라벨링데이터/종이류/포장상자/21_X024_C061_0129/21_X024_C061_0129_4.Json,0,종이류,유리병류,박카스병
/home/minsu/disk_c/trash_dataset/085.생활_폐기물_이미지/01.데이터/1.Training/라벨링데이터/종이류/포장상자/21_X024_C061_0129/21_X024_C061_0129_0.Json,1,종이류,유리병류,박카스병
/home/minsu/disk_c/trash_dataset/085.생활_폐기물_이미지/01.데이터/1.Training/라벨링데이터/종이류/포장상자/21_X024_C061_0129/21_X024_C061_0129_3.Json,0,종이류,유리병류,박카스병
/home/minsu/disk_c/trash_dataset/085.생활_폐기물_이미지/01.데이터/1.Training/라벨링데이터/종이류/포장상자/21_X024_C061_0129/21_X024_C061_0129_2.Json,0,종이류,유리병류,박카스병
/home/minsu/disk_c/trash_dataset/085.생활_폐기물_이미지/01.데이터/1.Training/라벨링데이터/종이류/포장상자/21_X012_C061_0129/21_X012_C061_0129_3.Json,0,종이류,캔류,맥주캔
/home/minsu/disk_c/trash_dataset/085.생활_폐기물_이미지/01.데이터/1.Training/라벨링데이터/종이류/포장상자/21_X012_C061_0129/21_X012_C061_0129_0.Json,1,종이류,캔류,맥주캔
/home/minsu/disk_c/trash_dataset/085.생활_폐기물_이미지/01.데이터/1.Training/라벨링데이터/종이류/포장상자/21_X012_C061_0129/21_X012_C061_0129_4.Json,1,종이류,캔류,맥주캔
/home/minsu/disk_c/trash_dataset/085.생활_폐기물_이미지/01.데이터/1.Training/라벨링데이터/종이류/포장상자/21_X012_C061_0129/21_X012_C061_0129_1.Json,0,종이류,캔류,맥주캔
/home/minsu/disk_c/trash_dataset/085.생활_폐기물_이미지/01.데이터/1.Training/라벨링데이터/종이류/포장상자/21_X012_C061_0129/21_X012_C061_0129_2.Json,0,종이류,캔류,맥주캔
/home/minsu/disk_c/trash_dataset/085.생활_폐기물_이미지/01.데이터/1.Training/라벨링데이터/종이류/포장상자/21_X033_C061_0129/21_X033_C061_0129_1.Json,1,종이류,캔류,커피캔
/home/minsu/disk_c/trash_dataset/085.생활_폐기물_이미지/01.데이터/1.Training/라벨링데이터/종이류/포장상자/21_X033_C061_0129/21_X033_C061_0129_4.Json,1,종이류,캔류,커피캔
/home/minsu/disk_c/trash_dataset/085.생활_폐기물_이미지/01.데이터/1.Training/라벨링데이터/종이류/포장상자/21_X033_C061_0129/21_X033_C061_0129_0.Json,1,종이류,캔류,커피캔
/home/minsu/disk_c/trash_dataset/085.생활_폐기물_이미지/01.데이터/1.Training/라벨링데이터/종이류/포장상자/21_X033_C061_0129/21_X033_C061_0129_2.Json,1,종이류,캔류,커피캔
/home/minsu/disk_c/trash_dataset/085.생활_폐기물_이미지/01.데이터/1.Training/라벨링데이터/종이류/포장상자/21_X033_C061_0129/21_X033_C061_0129_3.Json,1,종이류,캔류,커피캔
/home/minsu/disk_c/trash_dataset/085.생활_폐기물_이미지/01.데이터/1.Training/라벨링데이터/종이류/포장상자/21_X016_C014_0129/21_X016_C014_0129_0.Json,1,종이류,페트병류,페트병
/home/minsu/disk_c/trash_dataset/085.생활_폐기물_이미지/01.데이터/1.Training/라벨링데이터/종이류/포장상자/21_X016_C014_0129/21_X016_C014_0129_1.Json,0,종이류,페트병류,페트병
/home/minsu/disk_c/trash_dataset/085.생활_폐기물_이미지/01.데이터/1.Training/라벨링데이터/종이류/포장상자/21_X016_C014_0129/21_X016_C014_0129_3.Json,0,종이류,페트병류,페트병
/home/minsu/disk_c/trash_dataset/085.생활_폐기물_이미지/01.데이터/1.Training/라벨링데이터/종이류/포장상자/21_X016_C014_0129/21_X016_C014_0129_4.Json,0,종이류,페트병류,페트병
/home/minsu/disk_c/trash_dataset/085.생활_폐기물_이미지/01.데이터/1.Training/라벨링데이터/종이류/포장상자/21_X016_C014_0129/21_X016_C014_0129_2.Json,0,종이류,페트병류,페트병
/home/minsu/disk_c/trash_dataset/085.생활_폐기물_이미지/01.데이터/1.Training/라벨링데이터/종이류/포장상자/21_X010_C803_0219/21_X010_C803_0219_0.Json,2,종이류,가구류,밥상
/home/minsu/disk_c/trash_dataset/085.생활_폐기물_이미지/01.데이터/1.Training/라벨링데이터/종이류/포장상자/21_X027_C058_0130/21_X027_C058_0130_1.Json,1,종이류,고철류,고철
/home/minsu/disk_c/trash_dataset/085.생활_폐기물_이미지/01.데이터/1.Training/라벨링데이터/종이류/포장상자/21_X027_C058_0130/21_X027_C058_0130_2.Json,1,종이류,고철류,고철
/home/minsu/disk_c/trash_dataset/085.생활_폐기물_이미지/01.데이터/1.Training/라벨링데이터/종이류/포장상자/21_X027_C058_0130/21_X027_C058_0130_4.Json,1,종이류,고철류,고철
/home/minsu/disk_c/trash_dataset/085.생활_폐기물_이미지/01.데이터/1.Training/라벨링데이터/종이류/포장상자/21_X027_C058_0130/21_X027_C058_0130_0.Json,1,종이류,고철류,고철
/home/minsu/disk_c/trash_dataset/085.생활_폐기물_이미지/01.데이터/1.Training/라벨링데이터/종이류/포장상자/21_X027_C058_0130/21_X027_C058_0130_3.Json,1,종이류,고철류,고철
/home/minsu/disk_c/trash_dataset/085.생활_폐기물_이미지/01.데이터/1.Training/라벨링데이터/종이류/포장상자/21_X022_C172_0127/21_X022_C172_0127_4.Json,1,종이류,플라스틱류,밀폐용기
/home/minsu/disk_c/trash_dataset/085.생활_폐기물_이미지/01.데이터/1.Training/라벨링데이터/종이류/포장상자/21_X022_C172_0127/21_X022_C172_0127_3.Json,1,종이류,플라스틱류,밀폐용기
/home/minsu/disk_c/trash_dataset/085.생활_폐기물_이미지/01.데이터/1.Training/라벨링데이터/종이류/포장상자/21_X022_C172_0127/21_X022_C172_0127_6.Json,1,종이류,플라스틱류,밀폐용기
/home/minsu/disk_c/trash_dataset/085.생활_폐기물_이미지/01.데이터/1.Training/라벨링데이터/종이류/포장상자/21_X022_C172_0127/21_X022_C172_0127_5.Json,1,종이류,플라스틱류,밀폐용기
/home/minsu/disk_c/trash_dataset/085.생활_폐기물_이미지/01.데이터/1.Training/라벨링데이터/종이류/포장상자/21_X022_C172_0127/21_X022_C172_0127_2.Json,1,종이류,플라스틱류,밀폐용기
/home/minsu/disk_c/trash_dataset/085.생활_폐기물_이미지/01.데이터/1.Training/라벨링데이터/종이류/포장상자/21_X034_C061_0127/21_X034_C061_0127_3.Json,1,종이류,플라스틱류,밀폐용기
/home/minsu/disk_c/trash_dataset/085.생활_폐기물_이미지/01.데이터/1.Training/라벨링데이터/종이류/포장상자/21_X034_C061_0127/21_X034_C061_0127_4.Json,1,종이류,플라스틱류,밀폐용기
/home/minsu/disk_c/trash_dataset/085.생활_폐기물_이미지/01.데이터/1.Training/라벨링데이터/종이류/포장상자/21_X034_C061_0127/21_X034_C061_0127_0.Json,1,종이류,플라스틱류,밀폐용기
/home/minsu/disk_c/trash_dataset/085.생활_폐기물_이미지/01.데이터/1.Training/라벨링데이터/종이류/포장상자/21_X034_C061_0127/21_X034_C061_0127_1.Json,1,종이류,플라스틱류,밀폐용기
/home/minsu/disk_c/trash_dataset/085.생활_폐기물_이미지/01.데이터/1.Training/라벨링데이터/종이류/포장상자/21_X034_C061_0127/21_X034_C061_0127_2.Json,1,종이류,플라스틱류,밀폐용기
/home/minsu/disk_c/trash_dataset/085.생활_폐기물_이미지/01.데이터/1.Training/라벨링데이터/종이류/포장상자/21_X004_C014_0129/21_X004_C014_0129_3.Json,1,종이류,플라스틱류,밀폐용기
/home/minsu/disk_c/trash_dataset/085.생활_폐기물_이미지/01.데이터/1.Training/라벨링데이터/종이류/포장상자/21_X004_C014_0129/21_X004_C014_0129_4.Json,1,종이류,플라스틱류,밀폐용기
/home/minsu/disk_c/trash_dataset/085.생활_폐기물_이미지/01.데이터/1.Training/라벨링데이터/종이류/포장상자/21_X004_C014_0129/21_X004_C014_0129_2.Json,1,종이류,플라스틱류,밀폐용기
/home/minsu/disk_c/trash_dataset/085.생활_폐기물_이미지/01.데이터/1.Training/라벨링데이터/종이류/포장상자/21_X004_C014_0129/21_X004_C014_0129_0.Json,1,종이류,플라스틱류,밀폐용기
/home/minsu/disk_c/trash_dataset/085.생활_폐기물_이미지/01.데이터/1.Training/라벨링데이터/종이류/포장상자/21_X004_C014_0129/21_X004_C014_0129_1.Json,1,종이류,플라스틱류,밀폐용기
/home/minsu/disk_c/trash_dataset/085.생활_폐기물_이미지/01.데이터/1.Training/라벨링데이터/종이류/책자/21_X026_C015_0128/21_X026_C015_0128_1.Json,1,종이류,유리병류,주방용기
/home/minsu/disk_c/trash_dataset/085.생활_폐기물_이미지/01.데이터/1.Training/라벨링데이터/종이류/책자/21_X026_C015_0128/21_X026_C015_0128_3.Json,1,종이류,유리병류,주방용기
/home/minsu/disk_c/trash_dataset/085.생활_폐기물_이미지/01.데이터/1.Training/라벨링데이터/종이류/책자/21_X026_C015_0128/21_X026_C015_0128_4.Json,1,종이류,유리병류,주방용기
/home/minsu/disk_c/trash_dataset/085.생활_폐기물_이미지/01.데이터/1.Training/라벨링데이터/종이류/책자/21_X026_C015_0128/21_X026_C015_0128_0.Json,1,종이류,유리병류,주방용기
/home/minsu/disk_c/trash_dataset/085.생활_폐기물_이미지/01.데이터/1.Training/라벨링데이터/종이류/책자/21_X026_C015_0128/21_X026_C015_0128_2.Json,1,종이류,유리병류,주방용기
/home/minsu/disk_c/trash_dataset/085.생활_폐기물_이미지/01.데이터/1.Training/라벨링데이터/종이류/책자/21_X020_C058_0127/21_X020_C058_0127_4.Json,1,종이류,도기류,그릇류
/home/minsu/disk_c/trash_dataset/085.생활_폐기물_이미지/01.데이터/1.Training/라벨링데이터/종이류/책자/21_X020_C058_0127/21_X020_C058_0127_2.Json,1,종이류,도기류,그릇류
/home/minsu/disk_c/trash_dataset/085.생활_폐기물_이미지/01.데이터/1.Training/라벨링데이터/종이류/책자/21_X020_C058_0127/21_X020_C058_0127_0.Json,1,종이류,도기류,그릇류
/home/minsu/disk_c/trash_dataset/085.생활_폐기물_이미지/01.데이터/1.Training/라벨링데이터/종이류/책자/21_X020_C058_0127/21_X020_C058_0127_1.Json,1,종이류,도기류,그릇류
/home/minsu/disk_c/trash_dataset/085.생활_폐기물_이미지/01.데이터/1.Training/라벨링데이터/종이류/책자/21_X020_C058_0127/21_X020_C058_0127_3.Json,1,종이류,도기류,그릇류
/home/minsu/disk_c/trash_dataset/085.생활_폐기물_이미지/01.데이터/1.Training/라벨링데이터/종이류/책자/21_X028_C058_0127/21_X028_C058_0127_1.Json,1,종이류,도기류,그릇류
/home/minsu/disk_c/trash_dataset/085.생활_폐기물_이미지/01.데이터/1.Training/라벨링데이터/종이류/책자/21_X028_C058_0127/21_X028_C058_0127_0.Json,1,종이류,도기류,그릇류
/home/minsu/disk_c/trash_dataset/085.생활_폐기물_이미지/01.데이터/1.Training/라벨링데이터/종이류/책자/21_X028_C058_0127/21_X028_C058_0127_3.Json,1,종이류,도기류,그릇류
/home/minsu/disk_c/trash_dataset/085.생활_폐기물_이미지/01.데이터/1.Training/라벨링데이터/종이류/책자/21_X028_C058_0127/21_X028_C058_0127_4.Json,1,종이류,도기류,그릇류
/home/minsu/disk_c/trash_dataset/085.생활_폐기물_이미지/01.데이터/1.Training/라벨링데이터/종이류/책자/21_X028_C058_0127/21_X028_C058_0127_2.Json,1,종이류,도기류,그릇류
/home/minsu/disk_c/trash_dataset/085.생활_폐기물_이미지/01.데이터/1.Training/라벨링데이터/종이류/책자/21_X005_C061_0129/21_X005_C061_0129_4.Json,0,종이류,페트병류,페트병
/home/minsu/disk_c/trash_dataset/085.생활_폐기물_이미지/01.데이터/1.Training/라벨링데이터/종이류/책자/21_X005_C061_0129/21_X005_C061_0129_3.Json,0,종이류,페트병류,페트병
/home/minsu/disk_c/trash_dataset/085.생활_폐기물_이미지/01.데이터/1.Training/라벨링데이터/종이류/책자/21_X005_C061_0129/21_X005_C061_0129_1.Json,0,종이류,페트병류,페트병
/home/minsu/disk_c/trash_dataset/085.생활_폐기물_이미지/01.데이터/1.Training/라벨링데이터/종이류/책자/21_X005_C061_0129/21_X005_C061_0129_2.Json,1,종이류,페트병류,페트병
/home/minsu/disk_c/trash_dataset/085.생활_폐기물_이미지/01.데이터/1.Training/라벨링데이터/종이류/책자/21_X005_C061_0129/21_X005_C061_0129_0.Json,1,종이류,페트병류,페트병
/home/minsu/disk_c/trash_dataset/085.생활_폐기물_이미지/01.데이터/1.Training/라벨링데이터/종이류/책자/21_X028_C015_0128/21_X028_C015_0128_1.Json,1,종이류,유리병류,주방용기
/home/minsu/disk_c/trash_dataset/085.생활_폐기물_이미지/01.데이터/1.Training/라벨링데이터/종이류/책자/21_X028_C015_0128/21_X028_C015_0128_4.Json,1,종이류,유리병류,주방용기
/home/minsu/disk_c/trash_dataset/085.생활_폐기물_이미지/01.데이터/1.Training/라벨링데이터/종이류/책자/21_X028_C015_0128/21_X028_C015_0128_2.Json,1,종이류,유리병류,주방용기
/home/minsu/disk_c/trash_dataset/085.생활_폐기물_이미지/01.데이터/1.Training/라벨링데이터/종이류/책자/21_X028_C015_0128/21_X028_C015_0128_0.Json,1,종이류,유리병류,주방용기
/home/minsu/disk_c/trash_dataset/085.생활_폐기물_이미지/01.데이터/1.Training/라벨링데이터/종이류/책자/21_X028_C015_0128/21_X028_C015_0128_3.Json,1,종이류,유리병류,주방용기
/home/minsu/disk_c/trash_dataset/085.생활_폐기물_이미지/01.데이터/1.Training/라벨링데이터/종이류/책자/21_X015_C058_0127/21_X015_C058_0127_2.Json,1,종이류,도기류,그릇류
/home/minsu/disk_c/trash_dataset/085.생활_폐기물_이미지/01.데이터/1.Training/라벨링데이터/종이류/책자/21_X015_C058_0127/21_X015_C058_0127_0.Json,1,종이류,도기류,그릇류
/home/minsu/disk_c/trash_dataset/085.생활_폐기물_이미지/01.데이터/1.Training/라벨링데이터/종이류/책자/21_X015_C058_0127/21_X015_C058_0127_3.Json,1,종이류,도기류,그릇류
/home/minsu/disk_c/trash_dataset/085.생활_폐기물_이미지/01.데이터/1.Training/라벨링데이터/종이류/책자/21_X015_C058_0127/21_X015_C058_0127_1.Json,1,종이류,도기류,그릇류
/home/minsu/disk_c/trash_dataset/085.생활_폐기물_이미지/01.데이터/1.Training/라벨링데이터/종이류/책자/21_X015_C058_0127/21_X015_C058_0127_4.Json,1,종이류,도기류,그릇류
/home/minsu/disk_c/trash_dataset/085.생활_폐기물_이미지/01.데이터/1.Training/라벨링데이터/종이류/책자/21_X435_C015_0131/21_X435_C015_0131_3.Json,1,종이류,비닐류,포장제
/home/minsu/disk_c/trash_dataset/085.생활_폐기물_이미지/01.데이터/1.Training/라벨링데이터/종이류/책자/21_X435_C015_0131/21_X435_C015_0131_2.Json,1,종이류,비닐류,포장제
/home/minsu/disk_c/trash_dataset/085.생활_폐기물_이미지/01.데이터/1.Training/라벨링데이터/종이류/책자/21_X435_C015_0131/21_X435_C015_0131_1.Json,1,종이류,비닐류,포장제
/home/minsu/disk_c/trash_dataset/085.생활_폐기물_이미지/01.데이터/1.Training/라벨링데이터/종이류/책자/21_X435_C015_0131/21_X435_C015_0131_0.Json,1,종이류,비닐류,포장제
/home/minsu/disk_c/trash_dataset/085.생활_폐기물_이미지/01.데이터/1.Training/라벨링데이터/종이류/책자/21_X435_C015_0131/21_X435_C015_0131_4.Json,1,종이류,비닐류,포장제
/home/minsu/disk_c/trash_dataset/085.생활_폐기물_이미지/01.데이터/1.Training/라벨링데이터/종이류/책자/21_X274_C015_0131/21_X274_C015_0131_4.Json,1,종이류,전자제품,이동전화단말기
/home/minsu/disk_c/trash_dataset/085.생활_폐기물_이미지/01.데이터/1.Training/라벨링데이터/종이류/책자/21_X274_C015_0131/21_X274_C015_0131_2.Json,1,종이류,전자제품,이동전화단말기
/home/minsu/disk_c/trash_dataset/085.생활_폐기물_이미지/01.데이터/1.Training/라벨링데이터/종이류/책자/21_X274_C015_0131/21_X274_C015_0131_3.Json,1,종이류,전자제품,이동전화단말기
/home/minsu/disk_c/trash_dataset/085.생활_폐기물_이미지/01.데이터/1.Training/라벨링데이터/종이류/책자/21_X274_C015_0131/21_X274_C015_0131_1.Json,1,종이류,전자제품,이동전화단말기
/home/minsu/disk_c/trash_dataset/085.생활_폐기물_이미지/01.데이터/1.Training/라벨링데이터/종이류/책자/21_X274_C015_0131/21_X274_C015_0131_0.Json,1,종이류,전자제품,이동전화단말기
/home/minsu/disk_c/trash_dataset/085.생활_폐기물_이미지/01.데이터/1.Training/라벨링데이터/종이류/책자/21_X032_C058_0127/21_X032_C058_0127_4.Json,1,종이류,도기류,그릇류
/home/minsu/disk_c/trash_dataset/085.생활_폐기물_이미지/01.데이터/1.Training/라벨링데이터/종이류/책자/21_X032_C058_0127/21_X032_C058_0127_2.Json,1,종이류,도기류,그릇류
/home/minsu/disk_c/trash_dataset/085.생활_폐기물_이미지/01.데이터/1.Training/라벨링데이터/종이류/책자/21_X032_C058_0127/21_X032_C058_0127_1.Json,1,종이류,도기류,그릇류
/home/minsu/disk_c/trash_dataset/085.생활_폐기물_이미지/01.데이터/1.Training/라벨링데이터/종이류/책자/21_X032_C058_0127/21_X032_C058_0127_3.Json,1,종이류,도기류,그릇류
/home/minsu/disk_c/trash_dataset/085.생활_폐기물_이미지/01.데이터/1.Training/라벨링데이터/종이류/책자/21_X032_C058_0127/21_X032_C058_0127_0.Json,1,종이류,도기류,그릇류
/home/minsu/disk_c/trash_dataset/085.생활_폐기물_이미지/01.데이터/1.Training/라벨링데이터/종이류/책자/21_X019_C058_0127/21_X019_C058_0127_3.Json,1,종이류,도기류,그릇류
/home/minsu/disk_c/trash_dataset/085.생활_폐기물_이미지/01.데이터/1.Training/라벨링데이터/종이류/책자/21_X019_C058_0127/21_X019_C058_0127_2.Json,1,종이류,도기류,그릇류
/home/minsu/disk_c/trash_dataset/085.생활_폐기물_이미지/01.데이터/1.Training/라벨링데이터/종이류/책자/21_X019_C058_0127/21_X019_C058_0127_4.Json,1,종이류,도기류,그릇류
/home/minsu/disk_c/trash_dataset/085.생활_폐기물_이미지/01.데이터/1.Training/라벨링데이터/종이류/책자/21_X019_C058_0127/21_X019_C058_0127_1.Json,1,종이류,도기류,그릇류
/home/minsu/disk_c/trash_dataset/085.생활_폐기물_이미지/01.데이터/1.Training/라벨링데이터/종이류/책자/21_X019_C058_0127/21_X019_C058_0127_0.Json,1,종이류,도기류,그릇류
/home/minsu/disk_c/trash_dataset/085.생활_폐기물_이미지/01.데이터/1.Training/라벨링데이터/종이류/책자/21_X030_C015_0128/21_X030_C015_0128_2.Json,1,종이류,유리병류,주방용기
/home/minsu/disk_c/trash_dataset/085.생활_폐기물_이미지/01.데이터/1.Training/라벨링데이터/종이류/책자/21_X030_C015_0128/21_X030_C015_0128_1.Json,1,종이류,유리병류,주방용기
/home/minsu/disk_c/trash_dataset/085.생활_폐기물_이미지/01.데이터/1.Training/라벨링데이터/종이류/책자/21_X030_C015_0128/21_X030_C015_0128_0.Json,1,종이류,유리병류,주방용기
/home/minsu/disk_c/trash_dataset/085.생활_폐기물_이미지/01.데이터/1.Training/라벨링데이터/종이류/책자/21_X030_C015_0128/21_X030_C015_0128_4.Json,1,종이류,유리병류,주방용기
/home/minsu/disk_c/trash_dataset/085.생활_폐기물_이미지/01.데이터/1.Training/라벨링데이터/종이류/책자/21_X030_C015_0128/21_X030_C015_0128_3.Json,1,종이류,유리병류,주방용기
/home/minsu/disk_c/trash_dataset/085.생활_폐기물_이미지/01.데이터/1.Training/라벨링데이터/종이류/책자/21_X033_C058_0127/21_X033_C058_0127_0.Json,1,종이류,도기류,그릇류
/home/minsu/disk_c/trash_dataset/085.생활_폐기물_이미지/01.데이터/1.Training/라벨링데이터/종이류/책자/21_X033_C058_0127/21_X033_C058_0127_1.Json,1,종이류,도기류,그릇류
/home/minsu/disk_c/trash_dataset/085.생활_폐기물_이미지/01.데이터/1.Training/라벨링데이터/종이류/책자/21_X033_C058_0127/21_X033_C058_0127_3.Json,1,종이류,도기류,그릇류
/home/minsu/disk_c/trash_dataset/085.생활_폐기물_이미지/01.데이터/1.Training/라벨링데이터/종이류/책자/21_X033_C058_0127/21_X033_C058_0127_2.Json,1,종이류,도기류,그릇류
/home/minsu/disk_c/trash_dataset/085.생활_폐기물_이미지/01.데이터/1.Training/라벨링데이터/종이류/책자/21_X033_C058_0127/21_X033_C058_0127_4.Json,1,종이류,도기류,그릇류
/home/minsu/disk_c/trash_dataset/085.생활_폐기물_이미지/01.데이터/1.Training/라벨링데이터/종이류/책자/21_X038_C058_0127/21_X038_C058_0127_2.Json,1,종이류,도기류,그릇류
/home/minsu/disk_c/trash_dataset/085.생활_폐기물_이미지/01.데이터/1.Training/라벨링데이터/종이류/책자/21_X038_C058_0127/21_X038_C058_0127_1.Json,1,종이류,도기류,그릇류
/home/minsu/disk_c/trash_dataset/085.생활_폐기물_이미지/01.데이터/1.Training/라벨링데이터/종이류/책자/21_X038_C058_0127/21_X038_C058_0127_3.Json,1,종이류,도기류,그릇류
/home/minsu/disk_c/trash_dataset/085.생활_폐기물_이미지/01.데이터/1.Training/라벨링데이터/종이류/책자/21_X038_C058_0127/21_X038_C058_0127_4.Json,1,종이류,도기류,그릇류
/home/minsu/disk_c/trash_dataset/085.생활_폐기물_이미지/01.데이터/1.Training/라벨링데이터/종이류/책자/21_X038_C058_0127/21_X038_C058_0127_0.Json,1,종이류,도기류,그릇류
/home/minsu/disk_c/trash_dataset/085.생활_폐기물_이미지/01.데이터/1.Training/라벨링데이터/종이류/책자/21_X469_C015_0131/21_X469_C015_0131_0.Json,1,종이류,비닐류,포장제
/home/minsu/disk_c/trash_dataset/085.생활_폐기물_이미지/01.데이터/1.Training/라벨링데이터/종이류/책자/21_X469_C015_0131/21_X469_C015_0131_3.Json,1,종이류,비닐류,포장제
/home/minsu/disk_c/trash_dataset/085.생활_폐기물_이미지/01.데이터/1.Training/라벨링데이터/종이류/책자/21_X469_C015_0131/21_X469_C015_0131_1.Json,1,종이류,비닐류,포장제
/home/minsu/disk_c/trash_dataset/085.생활_폐기물_이미지/01.데이터/1.Training/라벨링데이터/종이류/책자/21_X469_C015_0131/21_X469_C015_0131_2.Json,1,종이류,비닐류,포장제
/home/minsu/disk_c/trash_dataset/085.생활_폐기물_이미지/01.데이터/1.Training/라벨링데이터/종이류/책자/21_X469_C015_0131/21_X469_C015_0131_4.Json,1,종이류,비닐류,포장제
/home/minsu/disk_c/trash_dataset/085.생활_폐기물_이미지/01.데이터/1.Training/라벨링데이터/종이류/책자/21_X016_C058_0127/21_X016_C058_0127_1.Json,1,종이류,도기류,그릇류
/home/minsu/disk_c/trash_dataset/085.생활_폐기물_이미지/01.데이터/1.Training/라벨링데이터/종이류/책자/21_X016_C058_0127/21_X016_C058_0127_2.Json,1,종이류,도기류,그릇류
/home/minsu/disk_c/trash_dataset/085.생활_폐기물_이미지/01.데이터/1.Training/라벨링데이터/종이류/책자/21_X016_C058_0127/21_X016_C058_0127_4.Json,1,종이류,도기류,그릇류
/home/minsu/disk_c/trash_dataset/085.생활_폐기물_이미지/01.데이터/1.Training/라벨링데이터/종이류/책자/21_X016_C058_0127/21_X016_C058_0127_3.Json,1,종이류,도기류,그릇류
/home/minsu/disk_c/trash_dataset/085.생활_폐기물_이미지/01.데이터/1.Training/라벨링데이터/종이류/책자/21_X016_C058_0127/21_X016_C058_0127_0.Json,1,종이류,도기류,그릇류
/home/minsu/disk_c/trash_dataset/085.생활_폐기물_이미지/01.데이터/1.Training/라벨링데이터/종이류/책자/21_X035_C015_0128/21_X035_C015_0128_4.Json,1,종이류,유리병류,주방용기
/home/minsu/disk_c/trash_dataset/085.생활_폐기물_이미지/01.데이터/1.Training/라벨링데이터/종이류/책자/21_X035_C015_0128/21_X035_C015_0128_3.Json,1,종이류,유리병류,주방용기
/home/minsu/disk_c/trash_dataset/085.생활_폐기물_이미지/01.데이터/1.Training/라벨링데이터/종이류/책자/21_X035_C015_0128/21_X035_C015_0128_1.Json,1,종이류,유리병류,박카스병
/home/minsu/disk_c/trash_dataset/085.생활_폐기물_이미지/01.데이터/1.Training/라벨링데이터/종이류/책자/21_X035_C015_0128/21_X035_C015_0128_2.Json,1,종이류,유리병류,주방용기
/home/minsu/disk_c/trash_dataset/085.생활_폐기물_이미지/01.데이터/1.Training/라벨링데이터/종이류/책자/21_X035_C015_0128/21_X035_C015_0128_0.Json,1,종이류,유리병류,주방용기
/home/minsu/disk_c/trash_dataset/085.생활_폐기물_이미지/01.데이터/1.Training/라벨링데이터/종이류/책자/21_X036_C058_0127/21_X036_C058_0127_3.Json,1,종이류,도기류,그릇류
/home/minsu/disk_c/trash_dataset/085.생활_폐기물_이미지/01.데이터/1.Training/라벨링데이터/종이류/책자/21_X036_C058_0127/21_X036_C058_0127_1.Json,1,종이류,도기류,그릇류
/home/minsu/disk_c/trash_dataset/085.생활_폐기물_이미지/01.데이터/1.Training/라벨링데이터/종이류/책자/21_X036_C058_0127/21_X036_C058_0127_2.Json,1,종이류,도기류,그릇류
/home/minsu/disk_c/trash_dataset/085.생활_폐기물_이미지/01.데이터/1.Training/라벨링데이터/종이류/책자/21_X036_C058_0127/21_X036_C058_0127_0.Json,1,종이류,도기류,그릇류
/home/minsu/disk_c/trash_dataset/085.생활_폐기물_이미지/01.데이터/1.Training/라벨링데이터/종이류/책자/21_X036_C058_0127/21_X036_C058_0127_4.Json,1,종이류,도기류,그릇류
/home/minsu/disk_c/trash_dataset/085.생활_폐기물_이미지/01.데이터/1.Training/라벨링데이터/종이류/책자/21_X437_C015_0131/21_X437_C015_0131_1.Json,1,종이류,비닐류,포장제
/home/minsu/disk_c/trash_dataset/085.생활_폐기물_이미지/01.데이터/1.Training/라벨링데이터/종이류/책자/21_X437_C015_0131/21_X437_C015_0131_4.Json,1,종이류,비닐류,포장제
/home/minsu/disk_c/trash_dataset/085.생활_폐기물_이미지/01.데이터/1.Training/라벨링데이터/종이류/책자/21_X437_C015_0131/21_X437_C015_0131_0.Json,1,종이류,비닐류,포장제
/home/minsu/disk_c/trash_dataset/085.생활_폐기물_이미지/01.데이터/1.Training/라벨링데이터/종이류/책자/21_X437_C015_0131/21_X437_C015_0131_3.Json,1,종이류,비닐류,포장제
/home/minsu/disk_c/trash_dataset/085.생활_폐기물_이미지/01.데이터/1.Training/라벨링데이터/종이류/책자/21_X437_C015_0131/21_X437_C015_0131_2.Json,1,종이류,비닐류,포장제
/home/minsu/disk_c/trash_dataset/085.생활_폐기물_이미지/01.데이터/1.Training/라벨링데이터/종이류/책자/21_X085_C490_0319/21_X085_C490_0319_4.Json,1,종이류,전자제품,이동전화단말기
/home/minsu/disk_c/trash_dataset/085.생활_폐기물_이미지/01.데이터/1.Training/라벨링데이터/종이류/책자/21_X027_C058_0127/21_X027_C058_0127_3.Json,1,종이류,도기류,그릇류
/home/minsu/disk_c/trash_dataset/085.생활_폐기물_이미지/01.데이터/1.Training/라벨링데이터/종이류/책자/21_X027_C058_0127/21_X027_C058_0127_0.Json,1,종이류,도기류,그릇류
/home/minsu/disk_c/trash_dataset/085.생활_폐기물_이미지/01.데이터/1.Training/라벨링데이터/종이류/책자/21_X027_C058_0127/21_X027_C058_0127_1.Json,1,종이류,도기류,그릇류
/home/minsu/disk_c/trash_dataset/085.생활_폐기물_이미지/01.데이터/1.Training/라벨링데이터/종이류/책자/21_X027_C058_0127/21_X027_C058_0127_4.Json,1,종이류,도기류,그릇류
/home/minsu/disk_c/trash_dataset/085.생활_폐기물_이미지/01.데이터/1.Training/라벨링데이터/종이류/책자/21_X027_C058_0127/21_X027_C058_0127_2.Json,1,종이류,도기류,그릇류
/home/minsu/disk_c/trash_dataset/085.생활_폐기물_이미지/01.데이터/1.Training/라벨링데이터/종이류/책자/21_X217_C015_0131/21_X217_C015_0131_4.Json,1,종이류,나무류,장식품
/home/minsu/disk_c/trash_dataset/085.생활_폐기물_이미지/01.데이터/1.Training/라벨링데이터/종이류/책자/21_X217_C015_0131/21_X217_C015_0131_0.Json,1,종이류,나무류,장식품
/home/minsu/disk_c/trash_dataset/085.생활_폐기물_이미지/01.데이터/1.Training/라벨링데이터/종이류/책자/21_X217_C015_0131/21_X217_C015_0131_1.Json,1,종이류,나무류,장식품
/home/minsu/disk_c/trash_dataset/085.생활_폐기물_이미지/01.데이터/1.Training/라벨링데이터/종이류/책자/21_X217_C015_0131/21_X217_C015_0131_3.Json,1,종이류,나무류,장식품
/home/minsu/disk_c/trash_dataset/085.생활_폐기물_이미지/01.데이터/1.Training/라벨링데이터/종이류/책자/21_X217_C015_0131/21_X217_C015_0131_2.Json,1,종이류,나무류,장식품
/home/minsu/disk_c/trash_dataset/085.생활_폐기물_이미지/01.데이터/1.Training/라벨링데이터/종이류/책자/21_X018_C058_0127/21_X018_C058_0127_0.Json,1,종이류,도기류,그릇류
/home/minsu/disk_c/trash_dataset/085.생활_폐기물_이미지/01.데이터/1.Training/라벨링데이터/종이류/책자/21_X018_C058_0127/21_X018_C058_0127_1.Json,1,종이류,도기류,그릇류
/home/minsu/disk_c/trash_dataset/085.생활_폐기물_이미지/01.데이터/1.Training/라벨링데이터/종이류/책자/21_X018_C058_0127/21_X018_C058_0127_2.Json,1,종이류,도기류,그릇류
/home/minsu/disk_c/trash_dataset/085.생활_폐기물_이미지/01.데이터/1.Training/라벨링데이터/종이류/책자/21_X018_C058_0127/21_X018_C058_0127_4.Json,1,종이류,도기류,그릇류
/home/minsu/disk_c/trash_dataset/085.생활_폐기물_이미지/01.데이터/1.Training/라벨링데이터/종이류/책자/21_X018_C058_0127/21_X018_C058_0127_3.Json,1,종이류,도기류,그릇류
/home/minsu/disk_c/trash_dataset/085.생활_폐기물_이미지/01.데이터/1.Training/라벨링데이터/종이류/책자/21_X465_C015_0131/21_X465_C015_0131_0.Json,1,종이류,비닐류,포장제
/home/minsu/disk_c/trash_dataset/085.생활_폐기물_이미지/01.데이터/1.Training/라벨링데이터/종이류/책자/21_X465_C015_0131/21_X465_C015_0131_3.Json,1,종이류,비닐류,포장제
/home/minsu/disk_c/trash_dataset/085.생활_폐기물_이미지/01.데이터/1.Training/라벨링데이터/종이류/책자/21_X465_C015_0131/21_X465_C015_0131_1.Json,1,종이류,비닐류,포장제
/home/minsu/disk_c/trash_dataset/085.생활_폐기물_이미지/01.데이터/1.Training/라벨링데이터/종이류/책자/21_X465_C015_0131/21_X465_C015_0131_2.Json,1,종이류,비닐류,포장제
/home/minsu/disk_c/trash_dataset/085.생활_폐기물_이미지/01.데이터/1.Training/라벨링데이터/종이류/책자/21_X465_C015_0131/21_X465_C015_0131_4.Json,1,종이류,비닐류,포장제
/home/minsu/disk_c/trash_dataset/085.생활_폐기물_이미지/01.데이터/1.Training/라벨링데이터/종이류/책자/21_X012_C061_0128/21_X012_C061_0128_3.Json,1,종이류,캔류,음료수캔
/home/minsu/disk_c/trash_dataset/085.생활_폐기물_이미지/01.데이터/1.Training/라벨링데이터/종이류/책자/21_X012_C061_0128/21_X012_C061_0128_1.Json,1,종이류,캔류,음료수캔
/home/minsu/disk_c/trash_dataset/085.생활_폐기물_이미지/01.데이터/1.Training/라벨링데이터/종이류/책자/21_X012_C061_0128/21_X012_C061_0128_0.Json,1,종이류,캔류,음료수캔
/home/minsu/disk_c/trash_dataset/085.생활_폐기물_이미지/01.데이터/1.Training/라벨링데이터/종이류/책자/21_X012_C061_0128/21_X012_C061_0128_2.Json,1,종이류,캔류,음료수캔
/home/minsu/disk_c/trash_dataset/085.생활_폐기물_이미지/01.데이터/1.Training/라벨링데이터/종이류/책자/21_X012_C061_0128/21_X012_C061_0128_4.Json,1,종이류,캔류,음료수캔
/home/minsu/disk_c/trash_dataset/085.생활_폐기물_이미지/01.데이터/1.Training/라벨링데이터/종이류/책자/21_X145_C015_0131/21_X145_C015_0131_1.Json,1,종이류,유리병류,박카스병
/home/minsu/disk_c/trash_dataset/085.생활_폐기물_이미지/01.데이터/1.Training/라벨링데이터/종이류/책자/21_X145_C015_0131/21_X145_C015_0131_0.Json,1,종이류,유리병류,박카스병
/home/minsu/disk_c/trash_dataset/085.생활_폐기물_이미지/01.데이터/1.Training/라벨링데이터/종이류/책자/21_X145_C015_0131/21_X145_C015_0131_3.Json,1,종이류,유리병류,박카스병
/home/minsu/disk_c/trash_dataset/085.생활_폐기물_이미지/01.데이터/1.Training/라벨링데이터/종이류/책자/21_X145_C015_0131/21_X145_C015_0131_4.Json,1,종이류,유리병류,박카스병
/home/minsu/disk_c/trash_dataset/085.생활_폐기물_이미지/01.데이터/1.Training/라벨링데이터/종이류/책자/21_X145_C015_0131/21_X145_C015_0131_2.Json,1,종이류,유리병류,박카스병
/home/minsu/disk_c/trash_dataset/085.생활_폐기물_이미지/01.데이터/1.Training/라벨링데이터/종이류/책자/21_X004_C058_0127/21_X004_C058_0127_4.Json,1,종이류,전자제품,이동전화단말기
/home/minsu/disk_c/trash_dataset/085.생활_폐기물_이미지/01.데이터/1.Training/라벨링데이터/종이류/책자/21_X004_C058_0127/21_X004_C058_0127_1.Json,1,종이류,전자제품,이동전화단말기
/home/minsu/disk_c/trash_dataset/085.생활_폐기물_이미지/01.데이터/1.Training/라벨링데이터/종이류/책자/21_X004_C058_0127/21_X004_C058_0127_0.Json,1,종이류,전자제품,이동전화단말기
/home/minsu/disk_c/trash_dataset/085.생활_폐기물_이미지/01.데이터/1.Training/라벨링데이터/종이류/책자/21_X004_C058_0127/21_X004_C058_0127_3.Json,1,종이류,전자제품,이동전화단말기
/home/minsu/disk_c/trash_dataset/085.생활_폐기물_이미지/01.데이터/1.Training/라벨링데이터/종이류/책자/21_X004_C058_0127/21_X004_C058_0127_2.Json,1,종이류,전자제품,이동전화단말기
/home/minsu/disk_c/trash_dataset/085.생활_폐기물_이미지/01.데이터/1.Training/라벨링데이터/종이류/책자/21_X013_C058_0127/21_X013_C058_0127_1.Json,1,종이류,도기류,그릇류
/home/minsu/disk_c/trash_dataset/085.생활_폐기물_이미지/01.데이터/1.Training/라벨링데이터/종이류/책자/21_X013_C058_0127/21_X013_C058_0127_4.Json,1,종이류,도기류,그릇류
/home/minsu/disk_c/trash_dataset/085.생활_폐기물_이미지/01.데이터/1.Training/라벨링데이터/종이류/책자/21_X013_C058_0127/21_X013_C058_0127_3.Json,1,종이류,도기류,그릇류
/home/minsu/disk_c/trash_dataset/085.생활_폐기물_이미지/01.데이터/1.Training/라벨링데이터/종이류/책자/21_X013_C058_0127/21_X013_C058_0127_2.Json,1,종이류,도기류,그릇류
/home/minsu/disk_c/trash_dataset/085.생활_폐기물_이미지/01.데이터/1.Training/라벨링데이터/종이류/책자/21_X013_C058_0127/21_X013_C058_0127_0.Json,1,종이류,도기류,그릇류
/home/minsu/disk_c/trash_dataset/085.생활_폐기물_이미지/01.데이터/1.Training/라벨링데이터/종이류/책자/21_X025_C058_0127/21_X025_C058_0127_0.Json,1,종이류,도기류,컵
/home/minsu/disk_c/trash_dataset/085.생활_폐기물_이미지/01.데이터/1.Training/라벨링데이터/종이류/책자/21_X025_C058_0127/21_X025_C058_0127_4.Json,1,종이류,도기류,컵
/home/minsu/disk_c/trash_dataset/085.생활_폐기물_이미지/01.데이터/1.Training/라벨링데이터/종이류/책자/21_X025_C058_0127/21_X025_C058_0127_3.Json,1,종이류,도기류,컵
/home/minsu/disk_c/trash_dataset/085.생활_폐기물_이미지/01.데이터/1.Training/라벨링데이터/종이류/책자/21_X025_C058_0127/21_X025_C058_0127_1.Json,1,종이류,도기류,컵
/home/minsu/disk_c/trash_dataset/085.생활_폐기물_이미지/01.데이터/1.Training/라벨링데이터/종이류/책자/21_X025_C058_0127/21_X025_C058_0127_2.Json,1,종이류,도기류,컵
/home/minsu/disk_c/trash_dataset/085.생활_폐기물_이미지/01.데이터/1.Training/라벨링데이터/종이류/책자/21_X022_C058_0127/21_X022_C058_0127_2.Json,1,종이류,도기류,그릇류
/home/minsu/disk_c/trash_dataset/085.생활_폐기물_이미지/01.데이터/1.Training/라벨링데이터/종이류/책자/21_X022_C058_0127/21_X022_C058_0127_1.Json,1,종이류,도기류,그릇류
/home/minsu/disk_c/trash_dataset/085.생활_폐기물_이미지/01.데이터/1.Training/라벨링데이터/종이류/책자/21_X022_C058_0127/21_X022_C058_0127_4.Json,1,종이류,도기류,그릇류
/home/minsu/disk_c/trash_dataset/085.생활_폐기물_이미지/01.데이터/1.Training/라벨링데이터/종이류/책자/21_X022_C058_0127/21_X022_C058_0127_3.Json,1,종이류,도기류,그릇류
/home/minsu/disk_c/trash_dataset/085.생활_폐기물_이미지/01.데이터/1.Training/라벨링데이터/종이류/책자/21_X022_C058_0127/21_X022_C058_0127_0.Json,1,종이류,도기류,그릇류
/home/minsu/disk_c/trash_dataset/085.생활_폐기물_이미지/01.데이터/1.Training/라벨링데이터/종이류/책자/21_X429_C015_0131/21_X429_C015_0131_3.Json,1,종이류,플라스틱류,밀폐용기
/home/minsu/disk_c/trash_dataset/085.생활_폐기물_이미지/01.데이터/1.Training/라벨링데이터/종이류/책자/21_X429_C015_0131/21_X429_C015_0131_2.Json,1,종이류,플라스틱류,밀폐용기
/home/minsu/disk_c/trash_dataset/085.생활_폐기물_이미지/01.데이터/1.Training/라벨링데이터/종이류/책자/21_X429_C015_0131/21_X429_C015_0131_0.Json,1,종이류,플라스틱류,밀폐용기
/home/minsu/disk_c/trash_dataset/085.생활_폐기물_이미지/01.데이터/1.Training/라벨링데이터/종이류/책자/21_X429_C015_0131/21_X429_C015_0131_1.Json,1,종이류,플라스틱류,밀폐용기
/home/minsu/disk_c/trash_dataset/085.생활_폐기물_이미지/01.데이터/1.Training/라벨링데이터/종이류/책자/21_X429_C015_0131/21_X429_C015_0131_4.Json,1,종이류,플라스틱류,밀폐용기
/home/minsu/disk_c/trash_dataset/085.생활_폐기물_이미지/01.데이터/1.Training/라벨링데이터/종이류/책자/21_X086_C490_0319/21_X086_C490_0319_4.Json,1,종이류,전자제품,이동전화단말기
/home/minsu/disk_c/trash_dataset/085.생활_폐기물_이미지/01.데이터/1.Training/라벨링데이터/종이류/책자/21_X033_C015_0128/21_X033_C015_0128_2.Json,1,종이류,유리병류,주방용기
/home/minsu/disk_c/trash_dataset/085.생활_폐기물_이미지/01.데이터/1.Training/라벨링데이터/종이류/책자/21_X033_C015_0128/21_X033_C015_0128_1.Json,1,종이류,유리병류,주방용기
/home/minsu/disk_c/trash_dataset/085.생활_폐기물_이미지/01.데이터/1.Training/라벨링데이터/종이류/책자/21_X033_C015_0128/21_X033_C015_0128_4.Json,1,종이류,유리병류,주방용기
/home/minsu/disk_c/trash_dataset/085.생활_폐기물_이미지/01.데이터/1.Training/라벨링데이터/종이류/책자/21_X033_C015_0128/21_X033_C015_0128_0.Json,1,종이류,유리병류,주방용기
/home/minsu/disk_c/trash_dataset/085.생활_폐기물_이미지/01.데이터/1.Training/라벨링데이터/종이류/책자/21_X033_C015_0128/21_X033_C015_0128_3.Json,1,종이류,유리병류,주방용기
/home/minsu/disk_c/trash_dataset/085.생활_폐기물_이미지/01.데이터/1.Training/라벨링데이터/종이류/책자/21_X029_C058_0127/21_X029_C058_0127_0.Json,1,종이류,도기류,그릇류
/home/minsu/disk_c/trash_dataset/085.생활_폐기물_이미지/01.데이터/1.Training/라벨링데이터/종이류/책자/21_X029_C058_0127/21_X029_C058_0127_3.Json,1,종이류,도기류,그릇류
/home/minsu/disk_c/trash_dataset/085.생활_폐기물_이미지/01.데이터/1.Training/라벨링데이터/종이류/책자/21_X029_C058_0127/21_X029_C058_0127_4.Json,1,종이류,도기류,그릇류
/home/minsu/disk_c/trash_dataset/085.생활_폐기물_이미지/01.데이터/1.Training/라벨링데이터/종이류/책자/21_X029_C058_0127/21_X029_C058_0127_1.Json,1,종이류,도기류,그릇류
/home/minsu/disk_c/trash_dataset/085.생활_폐기물_이미지/01.데이터/1.Training/라벨링데이터/종이류/책자/21_X029_C058_0127/21_X029_C058_0127_2.Json,1,종이류,도기류,그릇류
/home/minsu/disk_c/trash_dataset/085.생활_폐기물_이미지/01.데이터/1.Training/라벨링데이터/종이류/책자/21_X008_C058_0127/21_X008_C058_0127_0.Json,1,종이류,전자제품,이동전화단말기
/home/minsu/disk_c/trash_dataset/085.생활_폐기물_이미지/01.데이터/1.Training/라벨링데이터/종이류/책자/21_X008_C058_0127/21_X008_C058_0127_1.Json,1,종이류,전자제품,이동전화단말기
/home/minsu/disk_c/trash_dataset/085.생활_폐기물_이미지/01.데이터/1.Training/라벨링데이터/종이류/책자/21_X008_C058_0127/21_X008_C058_0127_2.Json,1,종이류,전자제품,이동전화단말기
/home/minsu/disk_c/trash_dataset/085.생활_폐기물_이미지/01.데이터/1.Training/라벨링데이터/종이류/책자/21_X008_C058_0127/21_X008_C058_0127_4.Json,1,종이류,전자제품,이동전화단말기
/home/minsu/disk_c/trash_dataset/085.생활_폐기물_이미지/01.데이터/1.Training/라벨링데이터/종이류/책자/21_X008_C058_0127/21_X008_C058_0127_3.Json,1,종이류,전자제품,이동전화단말기
/home/minsu/disk_c/trash_dataset/085.생활_폐기물_이미지/01.데이터/1.Training/라벨링데이터/종이류/책자/21_X030_C058_0127/21_X030_C058_0127_4.Json,1,종이류,도기류,그릇류
/home/minsu/disk_c/trash_dataset/085.생활_폐기물_이미지/01.데이터/1.Training/라벨링데이터/종이류/책자/21_X030_C058_0127/21_X030_C058_0127_0.Json,1,종이류,도기류,그릇류
/home/minsu/disk_c/trash_dataset/085.생활_폐기물_이미지/01.데이터/1.Training/라벨링데이터/종이류/책자/21_X030_C058_0127/21_X030_C058_0127_2.Json,1,종이류,도기류,그릇류
/home/minsu/disk_c/trash_dataset/085.생활_폐기물_이미지/01.데이터/1.Training/라벨링데이터/종이류/책자/21_X030_C058_0127/21_X030_C058_0127_3.Json,1,종이류,도기류,그릇류
/home/minsu/disk_c/trash_dataset/085.생활_폐기물_이미지/01.데이터/1.Training/라벨링데이터/종이류/책자/21_X030_C058_0127/21_X030_C058_0127_1.Json,1,종이류,도기류,그릇류
/home/minsu/disk_c/trash_dataset/085.생활_폐기물_이미지/01.데이터/1.Training/라벨링데이터/종이류/책자/21_X011_C058_0127/21_X011_C058_0127_1.Json,1,종이류,전자제품,이동전화단말기
/home/minsu/disk_c/trash_dataset/085.생활_폐기물_이미지/01.데이터/1.Training/라벨링데이터/종이류/책자/21_X011_C058_0127/21_X011_C058_0127_2.Json,1,종이류,전자제품,이동전화단말기
/home/minsu/disk_c/trash_dataset/085.생활_폐기물_이미지/01.데이터/1.Training/라벨링데이터/종이류/책자/21_X011_C058_0127/21_X011_C058_0127_0.Json,1,종이류,전자제품,이동전화단말기
/home/minsu/disk_c/trash_dataset/085.생활_폐기물_이미지/01.데이터/1.Training/라벨링데이터/종이류/책자/21_X011_C058_0127/21_X011_C058_0127_4.Json,1,종이류,전자제품,이동전화단말기
/home/minsu/disk_c/trash_dataset/085.생활_폐기물_이미지/01.데이터/1.Training/라벨링데이터/종이류/책자/21_X011_C058_0127/21_X011_C058_0127_3.Json,1,종이류,전자제품,이동전화단말기
/home/minsu/disk_c/trash_dataset/085.생활_폐기물_이미지/01.데이터/1.Training/라벨링데이터/종이류/책자/21_X017_C058_0127/21_X017_C058_0127_4.Json,1,종이류,도기류,그릇류
/home/minsu/disk_c/trash_dataset/085.생활_폐기물_이미지/01.데이터/1.Training/라벨링데이터/종이류/책자/21_X017_C058_0127/21_X017_C058_0127_3.Json,1,종이류,도기류,그릇류
/home/minsu/disk_c/trash_dataset/085.생활_폐기물_이미지/01.데이터/1.Training/라벨링데이터/종이류/책자/21_X017_C058_0127/21_X017_C058_0127_0.Json,1,종이류,도기류,그릇류
/home/minsu/disk_c/trash_dataset/085.생활_폐기물_이미지/01.데이터/1.Training/라벨링데이터/종이류/책자/21_X017_C058_0127/21_X017_C058_0127_1.Json,1,종이류,도기류,그릇류
/home/minsu/disk_c/trash_dataset/085.생활_폐기물_이미지/01.데이터/1.Training/라벨링데이터/종이류/책자/21_X017_C058_0127/21_X017_C058_0127_2.Json,1,종이류,도기류,그릇류
/home/minsu/disk_c/trash_dataset/085.생활_폐기물_이미지/01.데이터/1.Training/라벨링데이터/종이류/책자/21_X037_C058_0127/21_X037_C058_0127_2.Json,1,종이류,도기류,그릇류
/home/minsu/disk_c/trash_dataset/085.생활_폐기물_이미지/01.데이터/1.Training/라벨링데이터/종이류/책자/21_X037_C058_0127/21_X037_C058_0127_1.Json,1,종이류,도기류,그릇류
/home/minsu/disk_c/trash_dataset/085.생활_폐기물_이미지/01.데이터/1.Training/라벨링데이터/종이류/책자/21_X037_C058_0127/21_X037_C058_0127_3.Json,1,종이류,도기류,그릇류
/home/minsu/disk_c/trash_dataset/085.생활_폐기물_이미지/01.데이터/1.Training/라벨링데이터/종이류/책자/21_X037_C058_0127/21_X037_C058_0127_0.Json,1,종이류,도기류,그릇류
/home/minsu/disk_c/trash_dataset/085.생활_폐기물_이미지/01.데이터/1.Training/라벨링데이터/종이류/책자/21_X037_C058_0127/21_X037_C058_0127_4.Json,1,종이류,도기류,그릇류
/home/minsu/disk_c/trash_dataset/085.생활_폐기물_이미지/01.데이터/1.Training/라벨링데이터/종이류/책자/21_X010_C061_0128/21_X010_C061_0128_4.Json,1,종이류,캔류,음료수캔
/home/minsu/disk_c/trash_dataset/085.생활_폐기물_이미지/01.데이터/1.Training/라벨링데이터/종이류/책자/21_X010_C061_0128/21_X010_C061_0128_0.Json,1,종이류,캔류,음료수캔
/home/minsu/disk_c/trash_dataset/085.생활_폐기물_이미지/01.데이터/1.Training/라벨링데이터/종이류/책자/21_X010_C061_0128/21_X010_C061_0128_2.Json,1,종이류,캔류,음료수캔
/home/minsu/disk_c/trash_dataset/085.생활_폐기물_이미지/01.데이터/1.Training/라벨링데이터/종이류/책자/21_X010_C061_0128/21_X010_C061_0128_3.Json,1,종이류,캔류,음료수캔
/home/minsu/disk_c/trash_dataset/085.생활_폐기물_이미지/01.데이터/1.Training/라벨링데이터/종이류/책자/21_X010_C061_0128/21_X010_C061_0128_1.Json,1,종이류,캔류,음료수캔
/home/minsu/disk_c/trash_dataset/085.생활_폐기물_이미지/01.데이터/1.Training/라벨링데이터/종이류/책자/21_X024_C058_0127/21_X024_C058_0127_4.Json,1,종이류,도기류,컵
/home/minsu/disk_c/trash_dataset/085.생활_폐기물_이미지/01.데이터/1.Training/라벨링데이터/종이류/책자/21_X024_C058_0127/21_X024_C058_0127_3.Json,1,종이류,도기류,컵
/home/minsu/disk_c/trash_dataset/085.생활_폐기물_이미지/01.데이터/1.Training/라벨링데이터/종이류/책자/21_X024_C058_0127/21_X024_C058_0127_0.Json,1,종이류,도기류,컵
/home/minsu/disk_c/trash_dataset/085.생활_폐기물_이미지/01.데이터/1.Training/라벨링데이터/종이류/책자/21_X024_C058_0127/21_X024_C058_0127_1.Json,1,종이류,도기류,컵
/home/minsu/disk_c/trash_dataset/085.생활_폐기물_이미지/01.데이터/1.Training/라벨링데이터/종이류/책자/21_X024_C058_0127/21_X024_C058_0127_2.Json,1,종이류,도기류,컵
/home/minsu/disk_c/trash_dataset/085.생활_폐기물_이미지/01.데이터/1.Training/라벨링데이터/종이류/책자/21_X084_C490_0319/21_X084_C490_0319_4.Json,1,종이류,전자제품,이동전화단말기
/home/minsu/disk_c/trash_dataset/085.생활_폐기물_이미지/01.데이터/1.Training/라벨링데이터/종이류/책자/21_X034_C058_0127/21_X034_C058_0127_2.Json,1,종이류,도기류,그릇류
/home/minsu/disk_c/trash_dataset/085.생활_폐기물_이미지/01.데이터/1.Training/라벨링데이터/종이류/책자/21_X034_C058_0127/21_X034_C058_0127_1.Json,1,종이류,도기류,그릇류
/home/minsu/disk_c/trash_dataset/085.생활_폐기물_이미지/01.데이터/1.Training/라벨링데이터/종이류/책자/21_X034_C058_0127/21_X034_C058_0127_3.Json,1,종이류,도기류,그릇류
/home/minsu/disk_c/trash_dataset/085.생활_폐기물_이미지/01.데이터/1.Training/라벨링데이터/종이류/책자/21_X034_C058_0127/21_X034_C058_0127_0.Json,1,종이류,도기류,그릇류
/home/minsu/disk_c/trash_dataset/085.생활_폐기물_이미지/01.데이터/1.Training/라벨링데이터/종이류/책자/21_X034_C058_0127/21_X034_C058_0127_4.Json,1,종이류,도기류,그릇류
/home/minsu/disk_c/trash_dataset/085.생활_폐기물_이미지/01.데이터/1.Training/라벨링데이터/종이류/책자/21_X023_C058_0127/21_X023_C058_0127_4.Json,1,종이류,도기류,그릇류
/home/minsu/disk_c/trash_dataset/085.생활_폐기물_이미지/01.데이터/1.Training/라벨링데이터/종이류/책자/21_X023_C058_0127/21_X023_C058_0127_3.Json,1,종이류,도기류,그릇류
/home/minsu/disk_c/trash_dataset/085.생활_폐기물_이미지/01.데이터/1.Training/라벨링데이터/종이류/책자/21_X023_C058_0127/21_X023_C058_0127_1.Json,1,종이류,도기류,그릇류
/home/minsu/disk_c/trash_dataset/085.생활_폐기물_이미지/01.데이터/1.Training/라벨링데이터/종이류/책자/21_X023_C058_0127/21_X023_C058_0127_2.Json,1,종이류,도기류,그릇류
/home/minsu/disk_c/trash_dataset/085.생활_폐기물_이미지/01.데이터/1.Training/라벨링데이터/종이류/책자/21_X023_C058_0127/21_X023_C058_0127_0.Json,1,종이류,도기류,그릇류
/home/minsu/disk_c/trash_dataset/085.생활_폐기물_이미지/01.데이터/1.Training/라벨링데이터/종이류/종이봉투/21_X037_C061_0127/21_X037_C061_0127_4.Json,1,종이류,비닐류,리필용기
/home/minsu/disk_c/trash_dataset/085.생활_폐기물_이미지/01.데이터/1.Training/라벨링데이터/종이류/종이봉투/21_X037_C061_0127/21_X037_C061_0127_1.Json,1,종이류,비닐류,리필용기
/home/minsu/disk_c/trash_dataset/085.생활_폐기물_이미지/01.데이터/1.Training/라벨링데이터/종이류/종이봉투/21_X037_C061_0127/21_X037_C061_0127_2.Json,1,종이류,비닐류,리필용기
/home/minsu/disk_c/trash_dataset/085.생활_폐기물_이미지/01.데이터/1.Training/라벨링데이터/종이류/종이봉투/21_X037_C061_0127/21_X037_C061_0127_0.Json,1,종이류,비닐류,리필용기
/home/minsu/disk_c/trash_dataset/085.생활_폐기물_이미지/01.데이터/1.Training/라벨링데이터/종이류/종이봉투/21_X037_C061_0127/21_X037_C061_0127_3.Json,1,종이류,비닐류,리필용기
/home/minsu/disk_c/trash_dataset/085.생활_폐기물_이미지/01.데이터/1.Training/라벨링데이터/종이류/종이봉투/21_X002_C014_0129/21_X002_C014_0129_2.Json,1,종이류,플라스틱류,밀폐용기
/home/minsu/disk_c/trash_dataset/085.생활_폐기물_이미지/01.데이터/1.Training/라벨링데이터/종이류/종이봉투/21_X002_C014_0129/21_X002_C014_0129_4.Json,1,종이류,플라스틱류,밀폐용기
/home/minsu/disk_c/trash_dataset/085.생활_폐기물_이미지/01.데이터/1.Training/라벨링데이터/종이류/종이봉투/21_X002_C014_0129/21_X002_C014_0129_3.Json,1,종이류,플라스틱류,밀폐용기
/home/minsu/disk_c/trash_dataset/085.생활_폐기물_이미지/01.데이터/1.Training/라벨링데이터/종이류/종이봉투/21_X002_C014_0129/21_X002_C014_0129_0.Json,1,종이류,플라스틱류,밀폐용기
/home/minsu/disk_c/trash_dataset/085.생활_폐기물_이미지/01.데이터/1.Training/라벨링데이터/종이류/종이봉투/21_X002_C014_0129/21_X002_C014_0129_1.Json,1,종이류,플라스틱류,밀폐용기
/home/minsu/disk_c/trash_dataset/085.생활_폐기물_이미지/01.데이터/1.Training/라벨링데이터/종이류/노트/21_X463_C015_0131/21_X463_C015_0131_3.Json,1,종이류,비닐류,포장제
/home/minsu/disk_c/trash_dataset/085.생활_폐기물_이미지/01.데이터/1.Training/라벨링데이터/종이류/노트/21_X463_C015_0131/21_X463_C015_0131_2.Json,1,종이류,비닐류,포장제
/home/minsu/disk_c/trash_dataset/085.생활_폐기물_이미지/01.데이터/1.Training/라벨링데이터/종이류/노트/21_X463_C015_0131/21_X463_C015_0131_0.Json,1,종이류,비닐류,포장제
/home/minsu/disk_c/trash_dataset/085.생활_폐기물_이미지/01.데이터/1.Training/라벨링데이터/종이류/노트/21_X463_C015_0131/21_X463_C015_0131_4.Json,1,종이류,비닐류,포장제
/home/minsu/disk_c/trash_dataset/085.생활_폐기물_이미지/01.데이터/1.Training/라벨링데이터/종이류/노트/21_X463_C015_0131/21_X463_C015_0131_1.Json,1,종이류,비닐류,포장제
/home/minsu/disk_c/trash_dataset/085.생활_폐기물_이미지/01.데이터/1.Training/라벨링데이터/종이류/노트/21_X406_C015_0131/21_X406_C015_0131_0.Json,1,종이류,캔류,맥주캔
/home/minsu/disk_c/trash_dataset/085.생활_폐기물_이미지/01.데이터/1.Training/라벨링데이터/종이류/노트/21_X406_C015_0131/21_X406_C015_0131_2.Json,1,종이류,캔류,맥주캔
/home/minsu/disk_c/trash_dataset/085.생활_폐기물_이미지/01.데이터/1.Training/라벨링데이터/종이류/노트/21_X406_C015_0131/21_X406_C015_0131_1.Json,1,종이류,캔류,맥주캔
/home/minsu/disk_c/trash_dataset/085.생활_폐기물_이미지/01.데이터/1.Training/라벨링데이터/종이류/노트/21_X406_C015_0131/21_X406_C015_0131_4.Json,1,종이류,캔류,맥주캔
/home/minsu/disk_c/trash_dataset/085.생활_폐기물_이미지/01.데이터/1.Training/라벨링데이터/종이류/노트/21_X406_C015_0131/21_X406_C015_0131_3.Json,1,종이류,캔류,맥주캔
/home/minsu/disk_c/trash_dataset/085.생활_폐기물_이미지/01.데이터/1.Training/라벨링데이터/종이류/음료수곽/21_X002_C172_0129/21_X002_C172_0129_4.Json,1,종이류,플라스틱류,밀폐용기
/home/minsu/disk_c/trash_dataset/085.생활_폐기물_이미지/01.데이터/1.Training/라벨링데이터/종이류/음료수곽/21_X002_C172_0129/21_X002_C172_0129_3.Json,1,종이류,플라스틱류,밀폐용기
/home/minsu/disk_c/trash_dataset/085.생활_폐기물_이미지/01.데이터/1.Training/라벨링데이터/종이류/음료수곽/21_X002_C172_0129/21_X002_C172_0129_2.Json,1,종이류,플라스틱류,밀폐용기
/home/minsu/disk_c/trash_dataset/085.생활_폐기물_이미지/01.데이터/1.Training/라벨링데이터/종이류/음료수곽/21_X002_C172_0129/21_X002_C172_0129_0.Json,1,종이류,플라스틱류,밀폐용기
/home/minsu/disk_c/trash_dataset/085.생활_폐기물_이미지/01.데이터/1.Training/라벨링데이터/종이류/음료수곽/21_X002_C172_0129/21_X002_C172_0129_1.Json,1,종이류,플라스틱류,밀폐용기
/home/minsu/disk_c/trash_dataset/085.생활_폐기물_이미지/01.데이터/1.Training/라벨링데이터/종이류/음료수곽/21_X016_C061_0131/21_X016_C061_0131_2.Json,0,종이류,나무류,액자
/home/minsu/disk_c/trash_dataset/085.생활_폐기물_이미지/01.데이터/1.Training/라벨링데이터/종이류/음료수곽/21_X016_C061_0131/21_X016_C061_0131_4.Json,0,종이류,나무류,액자
/home/minsu/disk_c/trash_dataset/085.생활_폐기물_이미지/01.데이터/1.Training/라벨링데이터/종이류/음료수곽/21_X016_C061_0131/21_X016_C061_0131_0.Json,1,종이류,나무류,액자
/home/minsu/disk_c/trash_dataset/085.생활_폐기물_이미지/01.데이터/1.Training/라벨링데이터/종이류/음료수곽/21_X016_C061_0131/21_X016_C061_0131_3.Json,0,종이류,나무류,액자
/home/minsu/disk_c/trash_dataset/085.생활_폐기물_이미지/01.데이터/1.Training/라벨링데이터/종이류/음료수곽/21_X016_C061_0131/21_X016_C061_0131_1.Json,0,종이류,나무류,액자
/home/minsu/disk_c/trash_dataset/085.생활_폐기물_이미지/01.데이터/1.Training/라벨링데이터/종이류/음료수곽/21_X024_C172_0127/21_X024_C172_0127_2.Json,1,종이류,플라스틱류,밀폐용기
/home/minsu/disk_c/trash_dataset/085.생활_폐기물_이미지/01.데이터/1.Training/라벨링데이터/종이류/음료수곽/21_X024_C172_0127/21_X024_C172_0127_0.Json,1,종이류,플라스틱류,밀폐용기
/home/minsu/disk_c/trash_dataset/085.생활_폐기물_이미지/01.데이터/1.Training/라벨링데이터/종이류/음료수곽/21_X024_C172_0127/21_X024_C172_0127_1.Json,1,종이류,플라스틱류,밀폐용기
/home/minsu/disk_c/trash_dataset/085.생활_폐기물_이미지/01.데이터/1.Training/라벨링데이터/종이류/음료수곽/21_X024_C172_0127/21_X024_C172_0127_4.Json,1,종이류,플라스틱류,밀폐용기
/home/minsu/disk_c/trash_dataset/085.생활_폐기물_이미지/01.데이터/1.Training/라벨링데이터/종이류/음료수곽/21_X024_C172_0127/21_X024_C172_0127_3.Json,1,종이류,플라스틱류,밀폐용기
/home/minsu/disk_c/trash_dataset/085.생활_폐기물_이미지/01.데이터/1.Training/라벨링데이터/종이류/음료수곽/21_X020_C061_0127/21_X020_C061_0127_2.Json,1,종이류,캔류,커피캔
/home/minsu/disk_c/trash_dataset/085.생활_폐기물_이미지/01.데이터/1.Training/라벨링데이터/종이류/음료수곽/21_X020_C061_0127/21_X020_C061_0127_0.Json,1,종이류,캔류,커피캔
/home/minsu/disk_c/trash_dataset/085.생활_폐기물_이미지/01.데이터/1.Training/라벨링데이터/종이류/음료수곽/21_X020_C061_0127/21_X020_C061_0127_4.Json,1,종이류,캔류,커피캔
/home/minsu/disk_c/trash_dataset/085.생활_폐기물_이미지/01.데이터/1.Training/라벨링데이터/종이류/음료수곽/21_X020_C061_0127/21_X020_C061_0127_3.Json,1,종이류,캔류,커피캔
/home/minsu/disk_c/trash_dataset/085.생활_폐기물_이미지/01.데이터/1.Training/라벨링데이터/종이류/음료수곽/21_X020_C061_0127/21_X020_C061_0127_1.Json,1,종이류,캔류,커피캔
/home/minsu/disk_c/trash_dataset/085.생활_폐기물_이미지/01.데이터/1.Training/라벨링데이터/종이류/음료수곽/21_X013_C061_0128/21_X013_C061_0128_0.Json,1,종이류,캔류,통조림캔
/home/minsu/disk_c/trash_dataset/085.생활_폐기물_이미지/01.데이터/1.Training/라벨링데이터/종이류/음료수곽/21_X013_C061_0128/21_X013_C061_0128_4.Json,1,종이류,캔류,통조림캔
/home/minsu/disk_c/trash_dataset/085.생활_폐기물_이미지/01.데이터/1.Training/라벨링데이터/종이류/음료수곽/21_X013_C061_0128/21_X013_C061_0128_2.Json,1,종이류,캔류,통조림캔
/home/minsu/disk_c/trash_dataset/085.생활_폐기물_이미지/01.데이터/1.Training/라벨링데이터/종이류/음료수곽/21_X013_C061_0128/21_X013_C061_0128_3.Json,1,종이류,캔류,통조림캔
/home/minsu/disk_c/trash_dataset/085.생활_폐기물_이미지/01.데이터/1.Training/라벨링데이터/종이류/음료수곽/21_X013_C061_0128/21_X013_C061_0128_1.Json,1,종이류,캔류,통조림캔
/home/minsu/disk_c/trash_dataset/085.생활_폐기물_이미지/01.데이터/1.Training/라벨링데이터/종이류/음료수곽/21_X031_C058_0130/21_X031_C058_0130_2.Json,1,종이류,고철류,고철
/home/minsu/disk_c/trash_dataset/085.생활_폐기물_이미지/01.데이터/1.Training/라벨링데이터/종이류/음료수곽/21_X031_C058_0130/21_X031_C058_0130_1.Json,1,종이류,고철류,고철
/home/minsu/disk_c/trash_dataset/085.생활_폐기물_이미지/01.데이터/1.Training/라벨링데이터/종이류/음료수곽/21_X031_C058_0130/21_X031_C058_0130_0.Json,1,종이류,고철류,고철
/home/minsu/disk_c/trash_dataset/085.생활_폐기물_이미지/01.데이터/1.Training/라벨링데이터/종이류/음료수곽/21_X031_C058_0130/21_X031_C058_0130_3.Json,1,종이류,고철류,고철
/home/minsu/disk_c/trash_dataset/085.생활_폐기물_이미지/01.데이터/1.Training/라벨링데이터/종이류/음료수곽/21_X031_C058_0130/21_X031_C058_0130_4.Json,1,종이류,고철류,고철
/home/minsu/disk_c/trash_dataset/085.생활_폐기물_이미지/01.데이터/1.Training/라벨링데이터/종이류/음료수곽/21_X003_C061_0129/21_X003_C061_0129_0.Json,1,종이류,캔류,맥주캔
/home/minsu/disk_c/trash_dataset/085.생활_폐기물_이미지/01.데이터/1.Training/라벨링데이터/종이류/음료수곽/21_X003_C061_0129/21_X003_C061_0129_4.Json,1,종이류,캔류,맥주캔
/home/minsu/disk_c/trash_dataset/085.생활_폐기물_이미지/01.데이터/1.Training/라벨링데이터/종이류/음료수곽/21_X003_C061_0129/21_X003_C061_0129_3.Json,1,종이류,캔류,맥주캔
/home/minsu/disk_c/trash_dataset/085.생활_폐기물_이미지/01.데이터/1.Training/라벨링데이터/종이류/음료수곽/21_X003_C061_0129/21_X003_C061_0129_2.Json,1,종이류,캔류,맥주캔
/home/minsu/disk_c/trash_dataset/085.생활_폐기물_이미지/01.데이터/1.Training/라벨링데이터/종이류/음료수곽/21_X003_C061_0129/21_X003_C061_0129_1.Json,1,종이류,캔류,맥주캔
/home/minsu/disk_c/trash_dataset/085.생활_폐기물_이미지/01.데이터/1.Training/라벨링데이터/종이류/신발상자/21_X007_C045_0130/21_X007_C045_0130_1.Json,0,종이류,페트병류,페트병
/home/minsu/disk_c/trash_dataset/085.생활_폐기물_이미지/01.데이터/1.Training/라벨링데이터/종이류/신발상자/21_X007_C045_0130/21_X007_C045_0130_2.Json,0,종이류,페트병류,페트병
/home/minsu/disk_c/trash_dataset/085.생활_폐기물_이미지/01.데이터/1.Training/라벨링데이터/종이류/신발상자/21_X007_C045_0130/21_X007_C045_0130_4.Json,0,종이류,페트병류,페트병
/home/minsu/disk_c/trash_dataset/085.생활_폐기물_이미지/01.데이터/1.Training/라벨링데이터/종이류/신발상자/21_X007_C045_0130/21_X007_C045_0130_0.Json,1,종이류,페트병류,페트병
/home/minsu/disk_c/trash_dataset/085.생활_폐기물_이미지/01.데이터/1.Training/라벨링데이터/종이류/신발상자/21_X007_C045_0130/21_X007_C045_0130_3.Json,0,종이류,페트병류,페트병
/home/minsu/disk_c/trash_dataset/085.생활_폐기물_이미지/01.데이터/1.Training/라벨링데이터/종이류/신발상자/21_X031_C061_0127/21_X031_C061_0127_1.Json,1,종이류,캔류,커피캔
/home/minsu/disk_c/trash_dataset/085.생활_폐기물_이미지/01.데이터/1.Training/라벨링데이터/종이류/신발상자/21_X031_C061_0127/21_X031_C061_0127_3.Json,1,종이류,캔류,커피캔
/home/minsu/disk_c/trash_dataset/085.생활_폐기물_이미지/01.데이터/1.Training/라벨링데이터/종이류/신발상자/21_X031_C061_0127/21_X031_C061_0127_0.Json,1,종이류,캔류,커피캔
/home/minsu/disk_c/trash_dataset/085.생활_폐기물_이미지/01.데이터/1.Training/라벨링데이터/종이류/신발상자/21_X031_C061_0127/21_X031_C061_0127_4.Json,1,종이류,캔류,커피캔
/home/minsu/disk_c/trash_dataset/085.생활_폐기물_이미지/01.데이터/1.Training/라벨링데이터/종이류/신발상자/21_X031_C061_0127/21_X031_C061_0127_2.Json,1,종이류,캔류,커피캔
/home/minsu/disk_c/trash_dataset/085.생활_폐기물_이미지/01.데이터/1.Training/라벨링데이터/종이류/기타/21_X014_C058_0127/21_X014_C058_0127_3.Json,1,종이류,도기류,그릇류
/home/minsu/disk_c/trash_dataset/085.생활_폐기물_이미지/01.데이터/1.Training/라벨링데이터/종이류/기타/21_X014_C058_0127/21_X014_C058_0127_2.Json,1,종이류,도기류,그릇류
/home/minsu/disk_c/trash_dataset/085.생활_폐기물_이미지/01.데이터/1.Training/라벨링데이터/종이류/기타/21_X014_C058_0127/21_X014_C058_0127_0.Json,1,종이류,도기류,그릇류
/home/minsu/disk_c/trash_dataset/085.생활_폐기물_이미지/01.데이터/1.Training/라벨링데이터/종이류/기타/21_X014_C058_0127/21_X014_C058_0127_4.Json,1,종이류,도기류,그릇류
/home/minsu/disk_c/trash_dataset/085.생활_폐기물_이미지/01.데이터/1.Training/라벨링데이터/종이류/기타/21_X014_C058_0127/21_X014_C058_0127_1.Json,1,종이류,도기류,그릇류
/home/minsu/disk_c/trash_dataset/085.생활_폐기물_이미지/01.데이터/2.Validation/라벨링데이터/전자제품/선풍기/20_X006_C171_0204/20_X006_C171_0204_4.Json,1,전자제품,페트병류,페트병
/home/minsu/disk_c/trash_dataset/085.생활_폐기물_이미지/01.데이터/2.Validation/라벨링데이터/전자제품/선풍기/20_X006_C171_0204/20_X006_C171_0204_2.Json,1,전자제품,페트병류,페트병
/home/minsu/disk_c/trash_dataset/085.생활_폐기물_이미지/01.데이터/2.Validation/라벨링데이터/전자제품/선풍기/20_X024_C172_0130/20_X024_C172_0130_3.Json,1,전자제품,종이류,노트
/home/minsu/disk_c/trash_dataset/085.생활_폐기물_이미지/01.데이터/2.Validation/라벨링데이터/전자제품/선풍기/20_X024_C172_0130/20_X024_C172_0130_4.Json,1,전자제품,종이류,노트
/home/minsu/disk_c/trash_dataset/085.생활_폐기물_이미지/01.데이터/2.Validation/라벨링데이터/전자제품/선풍기/20_X024_C172_0130/20_X024_C172_0130_1.Json,1,전자제품,종이류,노트
/home/minsu/disk_c/trash_dataset/085.생활_폐기물_이미지/01.데이터/2.Validation/라벨링데이터/전자제품/선풍기/20_X024_C172_0130/20_X024_C172_0130_2.Json,1,전자제품,종이류,노트
/home/minsu/disk_c/trash_dataset/085.생활_폐기물_이미지/01.데이터/2.Validation/라벨링데이터/전자제품/선풍기/20_X024_C172_0130/20_X024_C172_0130_0.Json,1,전자제품,종이류,노트
/home/minsu/disk_c/trash_dataset/085.생활_폐기물_이미지/01.데이터/2.Validation/라벨링데이터/전자제품/전기다리미/20_X038_C058_0127/20_X038_C058_0127_4.Json,1,전자제품,종이류,책자
/home/minsu/disk_c/trash_dataset/085.생활_폐기물_이미지/01.데이터/2.Validation/라벨링데이터/전자제품/전기다리미/20_X038_C058_0127/20_X038_C058_0127_2.Json,1,전자제품,종이류,책자
/home/minsu/disk_c/trash_dataset/085.생활_폐기물_이미지/01.데이터/2.Validation/라벨링데이터/전자제품/전기다리미/20_X038_C058_0127/20_X038_C058_0127_3.Json,1,전자제품,종이류,책자
/home/minsu/disk_c/trash_dataset/085.생활_폐기물_이미지/01.데이터/2.Validation/라벨링데이터/전자제품/전기다리미/20_X038_C058_0127/20_X038_C058_0127_1.Json,1,전자제품,종이류,책자
/home/minsu/disk_c/trash_dataset/085.생활_폐기물_이미지/01.데이터/2.Validation/라벨링데이터/전자제품/전기다리미/20_X038_C058_0127/20_X038_C058_0127_0.Json,1,전자제품,종이류,책자
/home/minsu/disk_c/trash_dataset/085.생활_폐기물_이미지/01.데이터/2.Validation/라벨링데이터/전자제품/전기다리미/20_X007_C172_0208/20_X007_C172_0208_4.Json,1,전자제품,고철류,고철
/home/minsu/disk_c/trash_dataset/085.생활_폐기물_이미지/01.데이터/2.Validation/라벨링데이터/전자제품/전기다리미/20_X007_C172_0208/20_X007_C172_0208_3.Json,1,전자제품,고철류,고철
/home/minsu/disk_c/trash_dataset/085.생활_폐기물_이미지/01.데이터/2.Validation/라벨링데이터/전자제품/전기다리미/20_X007_C172_0208/20_X007_C172_0208_2.Json,1,전자제품,고철류,고철
/home/minsu/disk_c/trash_dataset/085.생활_폐기물_이미지/01.데이터/2.Validation/라벨링데이터/전자제품/전기다리미/20_X007_C172_0208/20_X007_C172_0208_1.Json,1,전자제품,고철류,고철
/home/minsu/disk_c/trash_dataset/085.생활_폐기물_이미지/01.데이터/2.Validation/라벨링데이터/전자제품/전기다리미/20_X007_C172_0208/20_X007_C172_0208_0.Json,1,전자제품,고철류,고철
/home/minsu/disk_c/trash_dataset/085.생활_폐기물_이미지/01.데이터/2.Validation/라벨링데이터/전자제품/전기다리미/20_X034_C171_0130/20_X034_C171_0130_0.Json,1,전자제품,종이류,음료수곽
/home/minsu/disk_c/trash_dataset/085.생활_폐기물_이미지/01.데이터/2.Validation/라벨링데이터/전자제품/전기다리미/20_X034_C171_0130/20_X034_C171_0130_4.Json,1,전자제품,종이류,음료수곽
/home/minsu/disk_c/trash_dataset/085.생활_폐기물_이미지/01.데이터/2.Validation/라벨링데이터/전자제품/전기다리미/20_X034_C171_0130/20_X034_C171_0130_2.Json,1,전자제품,종이류,신문지
/home/minsu/disk_c/trash_dataset/085.생활_폐기물_이미지/01.데이터/2.Validation/라벨링데이터/전자제품/전기다리미/20_X034_C171_0130/20_X034_C171_0130_1.Json,1,전자제품,종이류,음료수곽
/home/minsu/disk_c/trash_dataset/085.생활_폐기물_이미지/01.데이터/2.Validation/라벨링데이터/전자제품/전기다리미/20_X034_C171_0130/20_X034_C171_0130_3.Json,1,전자제품,종이류,음료수곽
/home/minsu/disk_c/trash_dataset/085.생활_폐기물_이미지/01.데이터/2.Validation/라벨링데이터/전자제품/전기다리미/20_X033_C171_0208/20_X033_C171_0208_1.Json,0,전자제품,플라스틱류,밀폐용기
/home/minsu/disk_c/trash_dataset/085.생활_폐기물_이미지/01.데이터/2.Validation/라벨링데이터/전자제품/전기다리미/20_X033_C171_0208/20_X033_C171_0208_4.Json,0,전자제품,플라스틱류,밀폐용기
/home/minsu/disk_c/trash_dataset/085.생활_폐기물_이미지/01.데이터/2.Validation/라벨링데이터/전자제품/전기다리미/20_X033_C171_0208/20_X033_C171_0208_0.Json,1,전자제품,플라스틱류,밀폐용기
/home/minsu/disk_c/trash_dataset/085.생활_폐기물_이미지/01.데이터/2.Validation/라벨링데이터/전자제품/전기다리미/20_X033_C171_0208/20_X033_C171_0208_2.Json,0,전자제품,플라스틱류,밀폐용기
/home/minsu/disk_c/trash_dataset/085.생활_폐기물_이미지/01.데이터/2.Validation/라벨링데이터/전자제품/전기다리미/20_X033_C171_0208/20_X033_C171_0208_3.Json,0,전자제품,플라스틱류,밀폐용기
/home/minsu/disk_c/trash_dataset/085.생활_폐기물_이미지/01.데이터/2.Validation/라벨링데이터/전자제품/믹서/20_X053_C172_0208/20_X053_C172_0208_0.Json,1,전자제품,고철류,고철
/home/minsu/disk_c/trash_dataset/085.생활_폐기물_이미지/01.데이터/2.Validation/라벨링데이터/전자제품/믹서/20_X053_C172_0208/20_X053_C172_0208_6.Json,1,전자제품,고철류,고철
/home/minsu/disk_c/trash_dataset/085.생활_폐기물_이미지/01.데이터/2.Validation/라벨링데이터/전자제품/믹서/20_X053_C172_0208/20_X053_C172_0208_4.Json,1,전자제품,고철류,고철
/home/minsu/disk_c/trash_dataset/085.생활_폐기물_이미지/01.데이터/2.Validation/라벨링데이터/전자제품/믹서/20_X053_C172_0208/20_X053_C172_0208_2.Json,1,전자제품,고철류,고철
/home/minsu/disk_c/trash_dataset/085.생활_폐기물_이미지/01.데이터/2.Validation/라벨링데이터/전자제품/믹서/20_X053_C172_0208/20_X053_C172_0208_3.Json,1,전자제품,고철류,고철
/home/minsu/disk_c/trash_dataset/085.생활_폐기물_이미지/01.데이터/2.Validation/라벨링데이터/전자제품/믹서/20_X004_C058_0128/20_X004_C058_0128_4.Json,1,전자제품,고철류,고철
/home/minsu/disk_c/trash_dataset/085.생활_폐기물_이미지/01.데이터/2.Validation/라벨링데이터/전자제품/믹서/20_X004_C058_0128/20_X004_C058_0128_0.Json,1,전자제품,고철류,고철
/home/minsu/disk_c/trash_dataset/085.생활_폐기물_이미지/01.데이터/2.Validation/라벨링데이터/전자제품/믹서/20_X004_C058_0128/20_X004_C058_0128_3.Json,1,전자제품,고철류,고철
/home/minsu/disk_c/trash_dataset/085.생활_폐기물_이미지/01.데이터/2.Validation/라벨링데이터/전자제품/믹서/20_X004_C058_0128/20_X004_C058_0128_1.Json,1,전자제품,고철류,고철
/home/minsu/disk_c/trash_dataset/085.생활_폐기물_이미지/01.데이터/2.Validation/라벨링데이터/전자제품/믹서/20_X004_C058_0128/20_X004_C058_0128_2.Json,1,전자제품,고철류,고철
/home/minsu/disk_c/trash_dataset/085.생활_폐기물_이미지/01.데이터/2.Validation/라벨링데이터/전자제품/가습기/20_X015_C171_0127/20_X015_C171_0127_2.Json,1,전자제품,페트병류,페트병
/home/minsu/disk_c/trash_dataset/085.생활_폐기물_이미지/01.데이터/2.Validation/라벨링데이터/전자제품/가습기/20_X015_C171_0127/20_X015_C171_0127_1.Json,1,전자제품,페트병류,페트병
/home/minsu/disk_c/trash_dataset/085.생활_폐기물_이미지/01.데이터/2.Validation/라벨링데이터/전자제품/가습기/20_X015_C171_0127/20_X015_C171_0127_3.Json,1,전자제품,페트병류,페트병
/home/minsu/disk_c/trash_dataset/085.생활_폐기물_이미지/01.데이터/2.Validation/라벨링데이터/전자제품/가습기/20_X015_C171_0127/20_X015_C171_0127_0.Json,1,전자제품,페트병류,페트병
/home/minsu/disk_c/trash_dataset/085.생활_폐기물_이미지/01.데이터/2.Validation/라벨링데이터/전자제품/가습기/20_X015_C171_0127/20_X015_C171_0127_4.Json,1,전자제품,페트병류,페트병
/home/minsu/disk_c/trash_dataset/085.생활_폐기물_이미지/01.데이터/2.Validation/라벨링데이터/전자제품/가습기/20_X034_C058_0127/20_X034_C058_0127_0.Json,1,전자제품,종이류,책자
/home/minsu/disk_c/trash_dataset/085.생활_폐기물_이미지/01.데이터/2.Validation/라벨링데이터/전자제품/가습기/20_X034_C058_0127/20_X034_C058_0127_1.Json,1,전자제품,종이류,책자
/home/minsu/disk_c/trash_dataset/085.생활_폐기물_이미지/01.데이터/2.Validation/라벨링데이터/전자제품/가습기/20_X034_C058_0127/20_X034_C058_0127_2.Json,1,전자제품,종이류,책자
/home/minsu/disk_c/trash_dataset/085.생활_폐기물_이미지/01.데이터/2.Validation/라벨링데이터/전자제품/가습기/20_X034_C058_0127/20_X034_C058_0127_4.Json,1,전자제품,종이류,신문지
/home/minsu/disk_c/trash_dataset/085.생활_폐기물_이미지/01.데이터/2.Validation/라벨링데이터/전자제품/가습기/20_X034_C058_0127/20_X034_C058_0127_3.Json,1,전자제품,종이류,책자
/home/minsu/disk_c/trash_dataset/085.생활_폐기물_이미지/01.데이터/2.Validation/라벨링데이터/전자제품/전기히터/20_X024_C171_0130/20_X024_C171_0130_3.Json,1,전자제품,종이류,포장상자
/home/minsu/disk_c/trash_dataset/085.생활_폐기물_이미지/01.데이터/2.Validation/라벨링데이터/전자제품/전기히터/20_X024_C171_0130/20_X024_C171_0130_1.Json,1,전자제품,종이류,포장상자
/home/minsu/disk_c/trash_dataset/085.생활_폐기물_이미지/01.데이터/2.Validation/라벨링데이터/전자제품/전기히터/20_X024_C171_0130/20_X024_C171_0130_2.Json,1,전자제품,종이류,포장상자
/home/minsu/disk_c/trash_dataset/085.생활_폐기물_이미지/01.데이터/2.Validation/라벨링데이터/전자제품/전기히터/20_X024_C171_0130/20_X024_C171_0130_4.Json,1,전자제품,종이류,포장상자
/home/minsu/disk_c/trash_dataset/085.생활_폐기물_이미지/01.데이터/2.Validation/라벨링데이터/전자제품/전기히터/20_X024_C171_0130/20_X024_C171_0130_0.Json,1,전자제품,종이류,포장상자
/home/minsu/disk_c/trash_dataset/085.생활_폐기물_이미지/01.데이터/2.Validation/라벨링데이터/전자제품/TV/20_X038_C172_0130/20_X038_C172_0130_1.Json,1,전자제품,종이류,책자
/home/minsu/disk_c/trash_dataset/085.생활_폐기물_이미지/01.데이터/2.Validation/라벨링데이터/전자제품/TV/20_X038_C172_0130/20_X038_C172_0130_3.Json,1,전자제품,종이류,책자
/home/minsu/disk_c/trash_dataset/085.생활_폐기물_이미지/01.데이터/2.Validation/라벨링데이터/전자제품/TV/20_X038_C172_0130/20_X038_C172_0130_0.Json,1,전자제품,종이류,책자
/home/minsu/disk_c/trash_dataset/085.생활_폐기물_이미지/01.데이터/2.Validation/라벨링데이터/전자제품/TV/20_X038_C172_0130/20_X038_C172_0130_2.Json,1,전자제품,종이류,책자
/home/minsu/disk_c/trash_dataset/085.생활_폐기물_이미지/01.데이터/2.Validation/라벨링데이터/전자제품/TV/20_X038_C172_0130/20_X038_C172_0130_4.Json,1,전자제품,종이류,책자
/home/minsu/disk_c/trash_dataset/085.생활_폐기물_이미지/01.데이터/2.Validation/라벨링데이터/전자제품/TV/20_X035_C171_0130/20_X035_C171_0130_3.Json,1,전자제품,종이류,음료수곽
/home/minsu/disk_c/trash_dataset/085.생활_폐기물_이미지/01.데이터/2.Validation/라벨링데이터/전자제품/TV/20_X035_C171_0130/20_X035_C171_0130_4.Json,1,전자제품,종이류,음료수곽
/home/minsu/disk_c/trash_dataset/085.생활_폐기물_이미지/01.데이터/2.Validation/라벨링데이터/전자제품/TV/20_X035_C171_0130/20_X035_C171_0130_2.Json,1,전자제품,종이류,음료수곽
/home/minsu/disk_c/trash_dataset/085.생활_폐기물_이미지/01.데이터/2.Validation/라벨링데이터/전자제품/TV/20_X035_C171_0130/20_X035_C171_0130_0.Json,1,전자제품,종이류,음료수곽
/home/minsu/disk_c/trash_dataset/085.생활_폐기물_이미지/01.데이터/2.Validation/라벨링데이터/전자제품/TV/20_X035_C171_0130/20_X035_C171_0130_1.Json,1,전자제품,종이류,음료수곽
/home/minsu/disk_c/trash_dataset/085.생활_폐기물_이미지/01.데이터/2.Validation/라벨링데이터/전자제품/TV/20_X021_C172_0217/20_X021_C172_0217_1.Json,1,전자제품,캔류,음료수캔
/home/minsu/disk_c/trash_dataset/085.생활_폐기물_이미지/01.데이터/2.Validation/라벨링데이터/전자제품/TV/20_X021_C172_0217/20_X021_C172_0217_0.Json,1,전자제품,캔류,음료수캔
/home/minsu/disk_c/trash_dataset/085.생활_폐기물_이미지/01.데이터/2.Validation/라벨링데이터/전자제품/TV/20_X021_C172_0217/20_X021_C172_0217_4.Json,1,전자제품,캔류,음료수캔
/home/minsu/disk_c/trash_dataset/085.생활_폐기물_이미지/01.데이터/2.Validation/라벨링데이터/전자제품/TV/20_X021_C172_0217/20_X021_C172_0217_3.Json,1,전자제품,캔류,음료수캔
/home/minsu/disk_c/trash_dataset/085.생활_폐기물_이미지/01.데이터/2.Validation/라벨링데이터/전자제품/TV/20_X021_C172_0217/20_X021_C172_0217_2.Json,1,전자제품,캔류,음료수캔
/home/minsu/disk_c/trash_dataset/085.생활_폐기물_이미지/01.데이터/2.Validation/라벨링데이터/전자제품/TV/20_X029_C172_0130/20_X029_C172_0130_4.Json,1,전자제품,종이류,노트
/home/minsu/disk_c/trash_dataset/085.생활_폐기물_이미지/01.데이터/2.Validation/라벨링데이터/전자제품/TV/20_X029_C172_0130/20_X029_C172_0130_3.Json,1,전자제품,종이류,노트
/home/minsu/disk_c/trash_dataset/085.생활_폐기물_이미지/01.데이터/2.Validation/라벨링데이터/전자제품/TV/20_X029_C172_0130/20_X029_C172_0130_0.Json,1,전자제품,종이류,노트
/home/minsu/disk_c/trash_dataset/085.생활_폐기물_이미지/01.데이터/2.Validation/라벨링데이터/전자제품/TV/20_X029_C172_0130/20_X029_C172_0130_2.Json,1,전자제품,종이류,노트
/home/minsu/disk_c/trash_dataset/085.생활_폐기물_이미지/01.데이터/2.Validation/라벨링데이터/전자제품/TV/20_X029_C172_0130/20_X029_C172_0130_1.Json,1,전자제품,종이류,노트
/home/minsu/disk_c/trash_dataset/085.생활_폐기물_이미지/01.데이터/2.Validation/라벨링데이터/전자제품/오디오/20_X007_C172_0201/20_X007_C172_0201_2.Json,1,전자제품,페트병류,페트병
/home/minsu/disk_c/trash_dataset/085.생활_폐기물_이미지/01.데이터/2.Validation/라벨링데이터/전자제품/오디오/20_X007_C172_0201/20_X007_C172_0201_0.Json,1,전자제품,페트병류,페트병
/home/minsu/disk_c/trash_dataset/085.생활_폐기물_이미지/01.데이터/2.Validation/라벨링데이터/전자제품/오디오/20_X007_C172_0201/20_X007_C172_0201_3.Json,1,전자제품,페트병류,페트병
/home/minsu/disk_c/trash_dataset/085.생활_폐기물_이미지/01.데이터/2.Validation/라벨링데이터/전자제품/오디오/20_X007_C172_0201/20_X007_C172_0201_1.Json,1,전자제품,페트병류,페트병
/home/minsu/disk_c/trash_dataset/085.생활_폐기물_이미지/01.데이터/2.Validation/라벨링데이터/전자제품/오디오/20_X007_C172_0201/20_X007_C172_0201_4.Json,1,전자제품,페트병류,페트병
/home/minsu/disk_c/trash_dataset/085.생활_폐기물_이미지/01.데이터/2.Validation/라벨링데이터/전자제품/오디오/20_X005_C171_0131/20_X005_C171_0131_0.Json,1,전자제품,플라스틱류,밀폐용기
/home/minsu/disk_c/trash_dataset/085.생활_폐기물_이미지/01.데이터/2.Validation/라벨링데이터/전자제품/오디오/20_X005_C171_0131/20_X005_C171_0131_2.Json,1,전자제품,플라스틱류,밀폐용기
/home/minsu/disk_c/trash_dataset/085.생활_폐기물_이미지/01.데이터/2.Validation/라벨링데이터/전자제품/오디오/20_X005_C171_0131/20_X005_C171_0131_1.Json,1,전자제품,플라스틱류,밀폐용기
/home/minsu/disk_c/trash_dataset/085.생활_폐기물_이미지/01.데이터/2.Validation/라벨링데이터/전자제품/오디오/20_X005_C171_0131/20_X005_C171_0131_4.Json,1,전자제품,플라스틱류,밀폐용기
/home/minsu/disk_c/trash_dataset/085.생활_폐기물_이미지/01.데이터/2.Validation/라벨링데이터/전자제품/오디오/20_X005_C171_0131/20_X005_C171_0131_3.Json,1,전자제품,플라스틱류,밀폐용기
/home/minsu/disk_c/trash_dataset/085.생활_폐기물_이미지/01.데이터/2.Validation/라벨링데이터/전자제품/오디오/20_X028_C802_0221/20_X028_C802_0221_1.Json,1,전자제품,캔류,커피캔
/home/minsu/disk_c/trash_dataset/085.생활_폐기물_이미지/01.데이터/2.Validation/라벨링데이터/전자제품/오디오/20_X028_C802_0221/20_X028_C802_0221_2.Json,1,전자제품,종이류,상자류
/home/minsu/disk_c/trash_dataset/085.생활_폐기물_이미지/01.데이터/2.Validation/라벨링데이터/전자제품/오디오/20_X028_C802_0221/20_X028_C802_0221_3.Json,1,전자제품,종이류,상자류
/home/minsu/disk_c/trash_dataset/085.생활_폐기물_이미지/01.데이터/2.Validation/라벨링데이터/전자제품/오디오/20_X028_C802_0221/20_X028_C802_0221_3.Json,2,전자제품,종이류,상자류
/home/minsu/disk_c/trash_dataset/085.생활_폐기물_이미지/01.데이터/2.Validation/라벨링데이터/전자제품/프린터/20_X054_C171_0130/20_X054_C171_0130_2.Json,1,전자제품,플라스틱류,밀폐용기
/home/minsu/disk_c/trash_dataset/085.생활_폐기물_이미지/01.데이터/2.Validation/라벨링데이터/전자제품/프린터/20_X054_C171_0130/20_X054_C171_0130_3.Json,1,전자제품,플라스틱류,밀폐용기
/home/minsu/disk_c/trash_dataset/085.생활_폐기물_이미지/01.데이터/2.Validation/라벨링데이터/전자제품/프린터/20_X054_C171_0130/20_X054_C171_0130_0.Json,1,전자제품,플라스틱류,밀폐용기
/home/minsu/disk_c/trash_dataset/085.생활_폐기물_이미지/01.데이터/2.Validation/라벨링데이터/전자제품/프린터/20_X054_C171_0130/20_X054_C171_0130_1.Json,1,전자제품,플라스틱류,밀폐용기
/home/minsu/disk_c/trash_dataset/085.생활_폐기물_이미지/01.데이터/2.Validation/라벨링데이터/전자제품/프린터/20_X054_C171_0130/20_X054_C171_0130_4.Json,1,전자제품,플라스틱류,밀폐용기
/home/minsu/disk_c/trash_dataset/085.생활_폐기물_이미지/01.데이터/2.Validation/라벨링데이터/전자제품/프린터/20_X016_C172_0217/20_X016_C172_0217_1.Json,1,전자제품,페트병류,페트병
/home/minsu/disk_c/trash_dataset/085.생활_폐기물_이미지/01.데이터/2.Validation/라벨링데이터/전자제품/프린터/20_X016_C172_0217/20_X016_C172_0217_2.Json,1,전자제품,페트병류,페트병
/home/minsu/disk_c/trash_dataset/085.생활_폐기물_이미지/01.데이터/2.Validation/라벨링데이터/전자제품/프린터/20_X016_C172_0217/20_X016_C172_0217_4.Json,1,전자제품,페트병류,페트병
/home/minsu/disk_c/trash_dataset/085.생활_폐기물_이미지/01.데이터/2.Validation/라벨링데이터/전자제품/프린터/20_X016_C172_0217/20_X016_C172_0217_3.Json,1,전자제품,페트병류,페트병
/home/minsu/disk_c/trash_dataset/085.생활_폐기물_이미지/01.데이터/2.Validation/라벨링데이터/전자제품/프린터/20_X016_C172_0217/20_X016_C172_0217_0.Json,1,전자제품,페트병류,페트병
/home/minsu/disk_c/trash_dataset/085.생활_폐기물_이미지/01.데이터/2.Validation/라벨링데이터/전자제품/프린터/20_X005_C171_0129/20_X005_C171_0129_1.Json,1,전자제품,캔류,맥주캔
/home/minsu/disk_c/trash_dataset/085.생활_폐기물_이미지/01.데이터/2.Validation/라벨링데이터/전자제품/프린터/20_X005_C171_0129/20_X005_C171_0129_4.Json,1,전자제품,캔류,맥주캔
/home/minsu/disk_c/trash_dataset/085.생활_폐기물_이미지/01.데이터/2.Validation/라벨링데이터/전자제품/프린터/20_X005_C171_0129/20_X005_C171_0129_3.Json,1,전자제품,캔류,맥주캔
/home/minsu/disk_c/trash_dataset/085.생활_폐기물_이미지/01.데이터/2.Validation/라벨링데이터/전자제품/프린터/20_X005_C171_0129/20_X005_C171_0129_2.Json,1,전자제품,캔류,맥주캔
/home/minsu/disk_c/trash_dataset/085.생활_폐기물_이미지/01.데이터/2.Validation/라벨링데이터/전자제품/프린터/20_X005_C171_0129/20_X005_C171_0129_0.Json,1,전자제품,캔류,맥주캔
/home/minsu/disk_c/trash_dataset/085.생활_폐기물_이미지/01.데이터/2.Validation/라벨링데이터/전자제품/프린터/20_X018_C045_0201/20_X018_C045_0201_3.Json,1,전자제품,형광등,백열전구
/home/minsu/disk_c/trash_dataset/085.생활_폐기물_이미지/01.데이터/2.Validation/라벨링데이터/전자제품/프린터/20_X018_C045_0201/20_X018_C045_0201_0.Json,1,전자제품,형광등,백열전구
/home/minsu/disk_c/trash_dataset/085.생활_폐기물_이미지/01.데이터/2.Validation/라벨링데이터/전자제품/프린터/20_X018_C045_0201/20_X018_C045_0201_2.Json,1,전자제품,형광등,백열전구
/home/minsu/disk_c/trash_dataset/085.생활_폐기물_이미지/01.데이터/2.Validation/라벨링데이터/전자제품/프린터/20_X018_C045_0201/20_X018_C045_0201_4.Json,1,전자제품,형광등,백열전구
/home/minsu/disk_c/trash_dataset/085.생활_폐기물_이미지/01.데이터/2.Validation/라벨링데이터/전자제품/프린터/20_X018_C045_0201/20_X018_C045_0201_1.Json,1,전자제품,형광등,백열전구
/home/minsu/disk_c/trash_dataset/085.생활_폐기물_이미지/01.데이터/2.Validation/라벨링데이터/전자제품/전기밥솥/20_X004_C171_0201/20_X004_C171_0201_1.Json,1,전자제품,플라스틱류,장남감
/home/minsu/disk_c/trash_dataset/085.생활_폐기물_이미지/01.데이터/2.Validation/라벨링데이터/전자제품/전기밥솥/20_X004_C171_0201/20_X004_C171_0201_4.Json,1,전자제품,플라스틱류,장남감
/home/minsu/disk_c/trash_dataset/085.생활_폐기물_이미지/01.데이터/2.Validation/라벨링데이터/전자제품/전기밥솥/20_X004_C171_0201/20_X004_C171_0201_2.Json,1,전자제품,플라스틱류,장남감
/home/minsu/disk_c/trash_dataset/085.생활_폐기물_이미지/01.데이터/2.Validation/라벨링데이터/전자제품/전기밥솥/20_X004_C171_0201/20_X004_C171_0201_0.Json,1,전자제품,플라스틱류,장남감
/home/minsu/disk_c/trash_dataset/085.생활_폐기물_이미지/01.데이터/2.Validation/라벨링데이터/전자제품/전기밥솥/20_X004_C171_0201/20_X004_C171_0201_3.Json,1,전자제품,플라스틱류,장남감
/home/minsu/disk_c/trash_dataset/085.생활_폐기물_이미지/01.데이터/2.Validation/라벨링데이터/전자제품/전기밥솥/20_X030_C172_0201/20_X030_C172_0201_3.Json,1,전자제품,페트병류,페트병
/home/minsu/disk_c/trash_dataset/085.생활_폐기물_이미지/01.데이터/2.Validation/라벨링데이터/전자제품/전기밥솥/20_X030_C172_0201/20_X030_C172_0201_2.Json,1,전자제품,페트병류,페트병
/home/minsu/disk_c/trash_dataset/085.생활_폐기물_이미지/01.데이터/2.Validation/라벨링데이터/전자제품/전기밥솥/20_X030_C172_0201/20_X030_C172_0201_0.Json,1,전자제품,페트병류,페트병
/home/minsu/disk_c/trash_dataset/085.생활_폐기물_이미지/01.데이터/2.Validation/라벨링데이터/전자제품/전기밥솥/20_X030_C172_0201/20_X030_C172_0201_4.Json,1,전자제품,페트병류,페트병
/home/minsu/disk_c/trash_dataset/085.생활_폐기물_이미지/01.데이터/2.Validation/라벨링데이터/전자제품/전기밥솥/20_X030_C172_0201/20_X030_C172_0201_1.Json,1,전자제품,페트병류,페트병
/home/minsu/disk_c/trash_dataset/085.생활_폐기물_이미지/01.데이터/2.Validation/라벨링데이터/전자제품/전기밥솥/20_X058_C172_0201/20_X058_C172_0201_3.Json,1,전자제품,캔류,음료수캔
/home/minsu/disk_c/trash_dataset/085.생활_폐기물_이미지/01.데이터/2.Validation/라벨링데이터/전자제품/전기밥솥/20_X058_C172_0201/20_X058_C172_0201_2.Json,1,전자제품,캔류,음료수캔
/home/minsu/disk_c/trash_dataset/085.생활_폐기물_이미지/01.데이터/2.Validation/라벨링데이터/전자제품/전기밥솥/20_X058_C172_0201/20_X058_C172_0201_1.Json,1,전자제품,캔류,음료수캔
/home/minsu/disk_c/trash_dataset/085.생활_폐기물_이미지/01.데이터/2.Validation/라벨링데이터/전자제품/전기밥솥/20_X058_C172_0201/20_X058_C172_0201_0.Json,1,전자제품,캔류,음료수캔
/home/minsu/disk_c/trash_dataset/085.생활_폐기물_이미지/01.데이터/2.Validation/라벨링데이터/전자제품/전기밥솥/20_X058_C172_0201/20_X058_C172_0201_4.Json,1,전자제품,캔류,음료수캔
/home/minsu/disk_c/trash_dataset/085.생활_폐기물_이미지/01.데이터/2.Validation/라벨링데이터/전자제품/전기밥솥/20_X016_C045_0207/20_X016_C045_0207_3.Json,1,전자제품,플라스틱류,밀폐용기
/home/minsu/disk_c/trash_dataset/085.생활_폐기물_이미지/01.데이터/2.Validation/라벨링데이터/전자제품/전기밥솥/20_X016_C045_0207/20_X016_C045_0207_1.Json,1,전자제품,플라스틱류,밀폐용기
/home/minsu/disk_c/trash_dataset/085.생활_폐기물_이미지/01.데이터/2.Validation/라벨링데이터/전자제품/전기밥솥/20_X016_C045_0207/20_X016_C045_0207_0.Json,1,전자제품,플라스틱류,밀폐용기
/home/minsu/disk_c/trash_dataset/085.생활_폐기물_이미지/01.데이터/2.Validation/라벨링데이터/전자제품/전기밥솥/20_X016_C045_0207/20_X016_C045_0207_2.Json,1,전자제품,플라스틱류,밀폐용기
/home/minsu/disk_c/trash_dataset/085.생활_폐기물_이미지/01.데이터/2.Validation/라벨링데이터/전자제품/전기밥솥/20_X016_C045_0207/20_X016_C045_0207_4.Json,1,전자제품,플라스틱류,밀폐용기
/home/minsu/disk_c/trash_dataset/085.생활_폐기물_이미지/01.데이터/2.Validation/라벨링데이터/전자제품/청소기/20_X009_C172_0217/20_X009_C172_0217_0.Json,1,전자제품,페트병류,페트병
/home/minsu/disk_c/trash_dataset/085.생활_폐기물_이미지/01.데이터/2.Validation/라벨링데이터/전자제품/청소기/20_X009_C172_0217/20_X009_C172_0217_2.Json,1,전자제품,페트병류,페트병
/home/minsu/disk_c/trash_dataset/085.생활_폐기물_이미지/01.데이터/2.Validation/라벨링데이터/전자제품/청소기/20_X009_C172_0217/20_X009_C172_0217_1.Json,1,전자제품,페트병류,페트병
/home/minsu/disk_c/trash_dataset/085.생활_폐기물_이미지/01.데이터/2.Validation/라벨링데이터/전자제품/청소기/20_X009_C172_0217/20_X009_C172_0217_3.Json,1,전자제품,페트병류,페트병
/home/minsu/disk_c/trash_dataset/085.생활_폐기물_이미지/01.데이터/2.Validation/라벨링데이터/전자제품/청소기/20_X009_C172_0217/20_X009_C172_0217_4.Json,1,전자제품,페트병류,페트병
/home/minsu/disk_c/trash_dataset/085.생활_폐기물_이미지/01.데이터/2.Validation/라벨링데이터/전자제품/청소기/20_X049_C171_0130/20_X049_C171_0130_4.Json,1,전자제품,캔류,통조림캔
/home/minsu/disk_c/trash_dataset/085.생활_폐기물_이미지/01.데이터/2.Validation/라벨링데이터/전자제품/청소기/20_X049_C171_0130/20_X049_C171_0130_3.Json,1,전자제품,캔류,통조림캔
/home/minsu/disk_c/trash_dataset/085.생활_폐기물_이미지/01.데이터/2.Validation/라벨링데이터/전자제품/청소기/20_X049_C171_0130/20_X049_C171_0130_1.Json,1,전자제품,캔류,통조림캔
/home/minsu/disk_c/trash_dataset/085.생활_폐기물_이미지/01.데이터/2.Validation/라벨링데이터/전자제품/청소기/20_X049_C171_0130/20_X049_C171_0130_2.Json,1,전자제품,캔류,커피캔
/home/minsu/disk_c/trash_dataset/085.생활_폐기물_이미지/01.데이터/2.Validation/라벨링데이터/전자제품/청소기/20_X049_C171_0130/20_X049_C171_0130_0.Json,1,전자제품,캔류,통조림캔
/home/minsu/disk_c/trash_dataset/085.생활_폐기물_이미지/01.데이터/2.Validation/라벨링데이터/전자제품/이동전화단말기/20_X004_C058_0131/20_X004_C058_0131_4.Json,1,전자제품,종이류,포장상자
/home/minsu/disk_c/trash_dataset/085.생활_폐기물_이미지/01.데이터/2.Validation/라벨링데이터/전자제품/이동전화단말기/20_X004_C058_0131/20_X004_C058_0131_0.Json,1,전자제품,종이류,포장상자
/home/minsu/disk_c/trash_dataset/085.생활_폐기물_이미지/01.데이터/2.Validation/라벨링데이터/전자제품/이동전화단말기/20_X004_C058_0131/20_X004_C058_0131_2.Json,1,전자제품,종이류,포장상자
/home/minsu/disk_c/trash_dataset/085.생활_폐기물_이미지/01.데이터/2.Validation/라벨링데이터/전자제품/이동전화단말기/20_X004_C058_0131/20_X004_C058_0131_3.Json,1,전자제품,종이류,포장상자
/home/minsu/disk_c/trash_dataset/085.생활_폐기물_이미지/01.데이터/2.Validation/라벨링데이터/전자제품/이동전화단말기/20_X004_C058_0131/20_X004_C058_0131_1.Json,1,전자제품,종이류,포장상자
/home/minsu/disk_c/trash_dataset/085.생활_폐기물_이미지/01.데이터/2.Validation/라벨링데이터/전자제품/이동전화단말기/20_X052_C058_0127/20_X052_C058_0127_4.Json,1,전자제품,종이류,책자
/home/minsu/disk_c/trash_dataset/085.생활_폐기물_이미지/01.데이터/2.Validation/라벨링데이터/전자제품/이동전화단말기/20_X052_C058_0127/20_X052_C058_0127_3.Json,1,전자제품,종이류,책자
/home/minsu/disk_c/trash_dataset/085.생활_폐기물_이미지/01.데이터/2.Validation/라벨링데이터/전자제품/이동전화단말기/20_X052_C058_0127/20_X052_C058_0127_0.Json,1,전자제품,종이류,책자
/home/minsu/disk_c/trash_dataset/085.생활_폐기물_이미지/01.데이터/2.Validation/라벨링데이터/전자제품/이동전화단말기/20_X052_C058_0127/20_X052_C058_0127_1.Json,1,전자제품,종이류,책자
/home/minsu/disk_c/trash_dataset/085.생활_폐기물_이미지/01.데이터/2.Validation/라벨링데이터/전자제품/이동전화단말기/20_X052_C058_0127/20_X052_C058_0127_2.Json,1,전자제품,종이류,책자
/home/minsu/disk_c/trash_dataset/085.생활_폐기물_이미지/01.데이터/2.Validation/라벨링데이터/전자제품/이동전화단말기/20_X051_C058_0127/20_X051_C058_0127_2.Json,1,전자제품,종이류,책자
/home/minsu/disk_c/trash_dataset/085.생활_폐기물_이미지/01.데이터/2.Validation/라벨링데이터/전자제품/이동전화단말기/20_X051_C058_0127/20_X051_C058_0127_4.Json,1,전자제품,종이류,책자
/home/minsu/disk_c/trash_dataset/085.생활_폐기물_이미지/01.데이터/2.Validation/라벨링데이터/전자제품/이동전화단말기/20_X051_C058_0127/20_X051_C058_0127_0.Json,1,전자제품,종이류,책자
/home/minsu/disk_c/trash_dataset/085.생활_폐기물_이미지/01.데이터/2.Validation/라벨링데이터/전자제품/이동전화단말기/20_X051_C058_0127/20_X051_C058_0127_3.Json,1,전자제품,종이류,책자
/home/minsu/disk_c/trash_dataset/085.생활_폐기물_이미지/01.데이터/2.Validation/라벨링데이터/전자제품/이동전화단말기/20_X051_C058_0127/20_X051_C058_0127_1.Json,1,전자제품,종이류,책자
/home/minsu/disk_c/trash_dataset/085.생활_폐기물_이미지/01.데이터/2.Validation/라벨링데이터/전자제품/기타/20_X001_C058_0131/20_X001_C058_0131_2.Json,1,전자제품,종이류,신문지
/home/minsu/disk_c/trash_dataset/085.생활_폐기물_이미지/01.데이터/2.Validation/라벨링데이터/전자제품/기타/20_X001_C058_0131/20_X001_C058_0131_0.Json,0,전자제품,종이류,신문지
/home/minsu/disk_c/trash_dataset/085.생활_폐기물_이미지/01.데이터/2.Validation/라벨링데이터/전자제품/기타/20_X001_C058_0131/20_X001_C058_0131_3.Json,1,전자제품,종이류,신문지
/home/minsu/disk_c/trash_dataset/085.생활_폐기물_이미지/01.데이터/2.Validation/라벨링데이터/전자제품/기타/20_X001_C058_0131/20_X001_C058_0131_4.Json,1,전자제품,종이류,신문지
/home/minsu/disk_c/trash_dataset/085.생활_폐기물_이미지/01.데이터/2.Validation/라벨링데이터/전자제품/기타/20_X001_C058_0131/20_X001_C058_0131_1.Json,1,전자제품,종이류,신문지
/home/minsu/disk_c/trash_dataset/085.생활_폐기물_이미지/01.데이터/2.Validation/라벨링데이터/스티로폼/스티로폼/16_X015_C045_0201/16_X015_C045_0201_3.Json,1,스티로폼류,전자제품,이동전화단말기
/home/minsu/disk_c/trash_dataset/085.생활_폐기물_이미지/01.데이터/2.Validation/라벨링데이터/스티로폼/스티로폼/16_X015_C045_0201/16_X015_C045_0201_2.Json,1,스티로폼류,전자제품,이동전화단말기
/home/minsu/disk_c/trash_dataset/085.생활_폐기물_이미지/01.데이터/2.Validation/라벨링데이터/스티로폼/스티로폼/16_X015_C045_0201/16_X015_C045_0201_1.Json,1,스티로폼류,전자제품,이동전화단말기
/home/minsu/disk_c/trash_dataset/085.생활_폐기물_이미지/01.데이터/2.Validation/라벨링데이터/스티로폼/스티로폼/16_X015_C045_0201/16_X015_C045_0201_0.Json,1,스티로폼류,전자제품,이동전화단말기
/home/minsu/disk_c/trash_dataset/085.생활_폐기물_이미지/01.데이터/2.Validation/라벨링데이터/스티로폼/스티로폼/16_X015_C045_0201/16_X015_C045_0201_4.Json,1,스티로폼류,전자제품,이동전화단말기
/home/minsu/disk_c/trash_dataset/085.생활_폐기물_이미지/01.데이터/2.Validation/라벨링데이터/스티로폼/스티로폼/16_X066_C502_0110/16_X066_C502_0110_3.Json,1,스티로폼류,종이류,상자류
/home/minsu/disk_c/trash_dataset/085.생활_폐기물_이미지/01.데이터/2.Validation/라벨링데이터/스티로폼/스티로폼/16_X066_C502_0110/16_X066_C502_0110_2.Json,1,스티로폼류,종이류,상자류
/home/minsu/disk_c/trash_dataset/085.생활_폐기물_이미지/01.데이터/2.Validation/라벨링데이터/스티로폼/스티로폼/16_X066_C502_0110/16_X066_C502_0110_4.Json,1,스티로폼류,종이류,상자류
/home/minsu/disk_c/trash_dataset/085.생활_폐기물_이미지/01.데이터/2.Validation/라벨링데이터/스티로폼/스티로폼/16_X066_C502_0110/16_X066_C502_0110_0.Json,2,스티로폼류,종이류,상자류
/home/minsu/disk_c/trash_dataset/085.생활_폐기물_이미지/01.데이터/2.Validation/라벨링데이터/스티로폼/스티로폼/16_X023_C045_0130/16_X023_C045_0130_2.Json,1,스티로폼류,종이류,음료수곽
/home/minsu/disk_c/trash_dataset/085.생활_폐기물_이미지/01.데이터/2.Validation/라벨링데이터/스티로폼/스티로폼/16_X023_C045_0130/16_X023_C045_0130_3.Json,1,스티로폼류,종이류,음료수곽
/home/minsu/disk_c/trash_dataset/085.생활_폐기물_이미지/01.데이터/2.Validation/라벨링데이터/스티로폼/스티로폼/16_X023_C045_0130/16_X023_C045_0130_0.Json,1,스티로폼류,종이류,음료수곽
/home/minsu/disk_c/trash_dataset/085.생활_폐기물_이미지/01.데이터/2.Validation/라벨링데이터/스티로폼/스티로폼/16_X023_C045_0130/16_X023_C045_0130_1.Json,1,스티로폼류,종이류,음료수곽
/home/minsu/disk_c/trash_dataset/085.생활_폐기물_이미지/01.데이터/2.Validation/라벨링데이터/스티로폼/스티로폼/16_X023_C045_0130/16_X023_C045_0130_4.Json,1,스티로폼류,종이류,음료수곽
/home/minsu/disk_c/trash_dataset/085.생활_폐기물_이미지/01.데이터/2.Validation/라벨링데이터/스티로폼/스티로폼/16_X053_C502_0110/16_X053_C502_0110_0.Json,2,스티로폼류,종이류,상자류
/home/minsu/disk_c/trash_dataset/085.생활_폐기물_이미지/01.데이터/2.Validation/라벨링데이터/스티로폼/스티로폼/16_X053_C502_0110/16_X053_C502_0110_2.Json,1,스티로폼류,종이류,상자류
/home/minsu/disk_c/trash_dataset/085.생활_폐기물_이미지/01.데이터/2.Validation/라벨링데이터/스티로폼/스티로폼/16_X053_C502_0110/16_X053_C502_0110_3.Json,1,스티로폼류,종이류,상자류
/home/minsu/disk_c/trash_dataset/085.생활_폐기물_이미지/01.데이터/2.Validation/라벨링데이터/스티로폼/스티로폼/16_X053_C502_0110/16_X053_C502_0110_4.Json,1,스티로폼류,종이류,상자류
/home/minsu/disk_c/trash_dataset/085.생활_폐기물_이미지/01.데이터/2.Validation/라벨링데이터/스티로폼/스티로폼/16_X025_C045_0130/16_X025_C045_0130_0.Json,1,스티로폼류,종이류,음료수곽
/home/minsu/disk_c/trash_dataset/085.생활_폐기물_이미지/01.데이터/2.Validation/라벨링데이터/스티로폼/스티로폼/16_X025_C045_0130/16_X025_C045_0130_4.Json,1,스티로폼류,종이류,음료수곽
/home/minsu/disk_c/trash_dataset/085.생활_폐기물_이미지/01.데이터/2.Validation/라벨링데이터/스티로폼/스티로폼/16_X025_C045_0130/16_X025_C045_0130_2.Json,1,스티로폼류,종이류,음료수곽
/home/minsu/disk_c/trash_dataset/085.생활_폐기물_이미지/01.데이터/2.Validation/라벨링데이터/스티로폼/스티로폼/16_X025_C045_0130/16_X025_C045_0130_1.Json,1,스티로폼류,종이류,음료수곽
/home/minsu/disk_c/trash_dataset/085.생활_폐기물_이미지/01.데이터/2.Validation/라벨링데이터/스티로폼/스티로폼/16_X025_C045_0130/16_X025_C045_0130_3.Json,1,스티로폼류,종이류,음료수곽
/home/minsu/disk_c/trash_dataset/085.생활_폐기물_이미지/01.데이터/2.Validation/라벨링데이터/스티로폼/스티로폼/16_X030_C045_0130/16_X030_C045_0130_3.Json,1,스티로폼류,종이류,상자류
/home/minsu/disk_c/trash_dataset/085.생활_폐기물_이미지/01.데이터/2.Validation/라벨링데이터/스티로폼/스티로폼/16_X030_C045_0130/16_X030_C045_0130_0.Json,1,스티로폼류,종이류,상자류
/home/minsu/disk_c/trash_dataset/085.생활_폐기물_이미지/01.데이터/2.Validation/라벨링데이터/스티로폼/스티로폼/16_X030_C045_0130/16_X030_C045_0130_4.Json,1,스티로폼류,종이류,상자류
/home/minsu/disk_c/trash_dataset/085.생활_폐기물_이미지/01.데이터/2.Validation/라벨링데이터/스티로폼/스티로폼/16_X030_C045_0130/16_X030_C045_0130_1.Json,1,스티로폼류,종이류,상자류
/home/minsu/disk_c/trash_dataset/085.생활_폐기물_이미지/01.데이터/2.Validation/라벨링데이터/스티로폼/스티로폼/16_X030_C045_0130/16_X030_C045_0130_2.Json,1,스티로폼류,종이류,상자류
/home/minsu/disk_c/trash_dataset/085.생활_폐기물_이미지/01.데이터/2.Validation/라벨링데이터/스티로폼/스티로폼/16_X062_C502_0110/16_X062_C502_0110_1.Json,1,스티로폼류,종이류,상자류
/home/minsu/disk_c/trash_dataset/085.생활_폐기물_이미지/01.데이터/2.Validation/라벨링데이터/스티로폼/스티로폼/16_X062_C502_0110/16_X062_C502_0110_2.Json,1,스티로폼류,종이류,상자류
/home/minsu/disk_c/trash_dataset/085.생활_폐기물_이미지/01.데이터/2.Validation/라벨링데이터/스티로폼/스티로폼/16_X062_C502_0110/16_X062_C502_0110_0.Json,2,스티로폼류,종이류,상자류
/home/minsu/disk_c/trash_dataset/085.생활_폐기물_이미지/01.데이터/2.Validation/라벨링데이터/스티로폼/스티로폼/16_X062_C502_0110/16_X062_C502_0110_3.Json,1,스티로폼류,종이류,상자류
/home/minsu/disk_c/trash_dataset/085.생활_폐기물_이미지/01.데이터/2.Validation/라벨링데이터/스티로폼/스티로폼/16_X062_C502_0110/16_X062_C502_0110_4.Json,1,스티로폼류,종이류,상자류
/home/minsu/disk_c/trash_dataset/085.생활_폐기물_이미지/01.데이터/2.Validation/라벨링데이터/스티로폼/네모트레이/16_X046_C058_0210/16_X046_C058_0210_3.Json,0,스티로폼류,고철류,고철
/home/minsu/disk_c/trash_dataset/085.생활_폐기물_이미지/01.데이터/2.Validation/라벨링데이터/스티로폼/네모트레이/16_X046_C058_0210/16_X046_C058_0210_4.Json,0,스티로폼류,고철류,고철
/home/minsu/disk_c/trash_dataset/085.생활_폐기물_이미지/01.데이터/2.Validation/라벨링데이터/스티로폼/네모트레이/16_X046_C058_0210/16_X046_C058_0210_0.Json,1,스티로폼류,고철류,고철
/home/minsu/disk_c/trash_dataset/085.생활_폐기물_이미지/01.데이터/2.Validation/라벨링데이터/스티로폼/네모트레이/16_X046_C058_0210/16_X046_C058_0210_1.Json,0,스티로폼류,고철류,고철
/home/minsu/disk_c/trash_dataset/085.생활_폐기물_이미지/01.데이터/2.Validation/라벨링데이터/스티로폼/네모트레이/16_X046_C058_0210/16_X046_C058_0210_2.Json,0,스티로폼류,고철류,고철
/home/minsu/disk_c/trash_dataset/085.생활_폐기물_이미지/01.데이터/2.Validation/라벨링데이터/스티로폼/네모트레이/16_X032_C045_0130/16_X032_C045_0130_2.Json,1,스티로폼류,종이류,포장상자
/home/minsu/disk_c/trash_dataset/085.생활_폐기물_이미지/01.데이터/2.Validation/라벨링데이터/스티로폼/네모트레이/16_X032_C045_0130/16_X032_C045_0130_0.Json,1,스티로폼류,종이류,포장상자
/home/minsu/disk_c/trash_dataset/085.생활_폐기물_이미지/01.데이터/2.Validation/라벨링데이터/스티로폼/네모트레이/16_X032_C045_0130/16_X032_C045_0130_1.Json,1,스티로폼류,종이류,포장상자
/home/minsu/disk_c/trash_dataset/085.생활_폐기물_이미지/01.데이터/2.Validation/라벨링데이터/스티로폼/네모트레이/16_X032_C045_0130/16_X032_C045_0130_3.Json,1,스티로폼류,종이류,포장상자
/home/minsu/disk_c/trash_dataset/085.생활_폐기물_이미지/01.데이터/2.Validation/라벨링데이터/스티로폼/네모트레이/16_X032_C045_0130/16_X032_C045_0130_4.Json,1,스티로폼류,종이류,포장상자
/home/minsu/disk_c/trash_dataset/085.생활_폐기물_이미지/01.데이터/2.Validation/라벨링데이터/스티로폼/네모트레이/16_X030_C058_0210/16_X030_C058_0210_2.Json,0,스티로폼류,고철류,고철
/home/minsu/disk_c/trash_dataset/085.생활_폐기물_이미지/01.데이터/2.Validation/라벨링데이터/스티로폼/네모트레이/16_X030_C058_0210/16_X030_C058_0210_0.Json,1,스티로폼류,고철류,고철
/home/minsu/disk_c/trash_dataset/085.생활_폐기물_이미지/01.데이터/2.Validation/라벨링데이터/스티로폼/네모트레이/16_X030_C058_0210/16_X030_C058_0210_4.Json,0,스티로폼류,고철류,고철
/home/minsu/disk_c/trash_dataset/085.생활_폐기물_이미지/01.데이터/2.Validation/라벨링데이터/스티로폼/네모트레이/16_X030_C058_0210/16_X030_C058_0210_1.Json,0,스티로폼류,고철류,고철
/home/minsu/disk_c/trash_dataset/085.생활_폐기물_이미지/01.데이터/2.Validation/라벨링데이터/스티로폼/네모트레이/16_X030_C058_0210/16_X030_C058_0210_3.Json,0,스티로폼류,고철류,고철
/home/minsu/disk_c/trash_dataset/085.생활_폐기물_이미지/01.데이터/2.Validation/라벨링데이터/스티로폼/네모트레이/16_X006_C045_0201/16_X006_C045_0201_1.Json,1,스티로폼류,전자제품,이동전화단말기
/home/minsu/disk_c/trash_dataset/085.생활_폐기물_이미지/01.데이터/2.Validation/라벨링데이터/스티로폼/네모트레이/16_X006_C045_0201/16_X006_C045_0201_3.Json,1,스티로폼류,전자제품,이동전화단말기
/home/minsu/disk_c/trash_dataset/085.생활_폐기물_이미지/01.데이터/2.Validation/라벨링데이터/스티로폼/네모트레이/16_X006_C045_0201/16_X006_C045_0201_2.Json,1,스티로폼류,전자제품,이동전화단말기
/home/minsu/disk_c/trash_dataset/085.생활_폐기물_이미지/01.데이터/2.Validation/라벨링데이터/스티로폼/네모트레이/16_X006_C045_0201/16_X006_C045_0201_0.Json,1,스티로폼류,전자제품,이동전화단말기
/home/minsu/disk_c/trash_dataset/085.생활_폐기물_이미지/01.데이터/2.Validation/라벨링데이터/스티로폼/네모트레이/16_X006_C045_0201/16_X006_C045_0201_4.Json,1,스티로폼류,전자제품,이동전화단말기
/home/minsu/disk_c/trash_dataset/085.생활_폐기물_이미지/01.데이터/2.Validation/라벨링데이터/스티로폼/보호재/16_X105_C102_0321/16_X105_C102_0321_0.Json,1,스티로폼류,플라스틱류,밀폐용기
/home/minsu/disk_c/trash_dataset/085.생활_폐기물_이미지/01.데이터/2.Validation/라벨링데이터/스티로폼/보호재/16_X105_C102_0321/16_X105_C102_0321_5.Json,0,스티로폼류,플라스틱류,밀폐용기
/home/minsu/disk_c/trash_dataset/085.생활_폐기물_이미지/01.데이터/2.Validation/라벨링데이터/스티로폼/보호재/16_X105_C102_0321/16_X105_C102_0321_3.Json,0,스티로폼류,플라스틱류,밀폐용기
/home/minsu/disk_c/trash_dataset/085.생활_폐기물_이미지/01.데이터/2.Validation/라벨링데이터/스티로폼/보호재/16_X105_C102_0321/16_X105_C102_0321_4.Json,0,스티로폼류,플라스틱류,밀폐용기
/home/minsu/disk_c/trash_dataset/085.생활_폐기물_이미지/01.데이터/2.Validation/라벨링데이터/스티로폼/보호재/16_X105_C102_0321/16_X105_C102_0321_1.Json,0,스티로폼류,플라스틱류,밀폐용기
/home/minsu/disk_c/trash_dataset/085.생활_폐기물_이미지/01.데이터/2.Validation/라벨링데이터/스티로폼/포장용기/16_X018_C058_0210/16_X018_C058_0210_3.Json,0,스티로폼류,고철류,고철
/home/minsu/disk_c/trash_dataset/085.생활_폐기물_이미지/01.데이터/2.Validation/라벨링데이터/스티로폼/포장용기/16_X018_C058_0210/16_X018_C058_0210_4.Json,0,스티로폼류,고철류,고철
/home/minsu/disk_c/trash_dataset/085.생활_폐기물_이미지/01.데이터/2.Validation/라벨링데이터/스티로폼/포장용기/16_X018_C058_0210/16_X018_C058_0210_0.Json,1,스티로폼류,고철류,고철
/home/minsu/disk_c/trash_dataset/085.생활_폐기물_이미지/01.데이터/2.Validation/라벨링데이터/스티로폼/포장용기/16_X018_C058_0210/16_X018_C058_0210_2.Json,0,스티로폼류,고철류,고철
/home/minsu/disk_c/trash_dataset/085.생활_폐기물_이미지/01.데이터/2.Validation/라벨링데이터/스티로폼/포장용기/16_X018_C058_0210/16_X018_C058_0210_1.Json,0,스티로폼류,고철류,고철
/home/minsu/disk_c/trash_dataset/085.생활_폐기물_이미지/01.데이터/2.Validation/라벨링데이터/스티로폼/포장용기/16_X035_C058_0210/16_X035_C058_0210_3.Json,0,스티로폼류,고철류,고철
/home/minsu/disk_c/trash_dataset/085.생활_폐기물_이미지/01.데이터/2.Validation/라벨링데이터/스티로폼/포장용기/16_X035_C058_0210/16_X035_C058_0210_1.Json,0,스티로폼류,고철류,고철
/home/minsu/disk_c/trash_dataset/085.생활_폐기물_이미지/01.데이터/2.Validation/라벨링데이터/스티로폼/포장용기/16_X035_C058_0210/16_X035_C058_0210_0.Json,1,스티로폼류,고철류,고철
/home/minsu/disk_c/trash_dataset/085.생활_폐기물_이미지/01.데이터/2.Validation/라벨링데이터/스티로폼/포장용기/16_X035_C058_0210/16_X035_C058_0210_4.Json,0,스티로폼류,고철류,고철
/home/minsu/disk_c/trash_dataset/085.생활_폐기물_이미지/01.데이터/2.Validation/라벨링데이터/스티로폼/포장용기/16_X035_C058_0210/16_X035_C058_0210_2.Json,0,스티로폼류,고철류,고철
/home/minsu/disk_c/trash_dataset/085.생활_폐기물_이미지/01.데이터/2.Validation/라벨링데이터/나무/포장재/13_X011_C061_0127/13_X011_C061_0127_2.Json,1,나무류,종이류,기타
/home/minsu/disk_c/trash_dataset/085.생활_폐기물_이미지/01.데이터/2.Validation/라벨링데이터/나무/포장재/13_X011_C061_0127/13_X011_C061_0127_0.Json,1,나무류,종이류,기타
/home/minsu/disk_c/trash_dataset/085.생활_폐기물_이미지/01.데이터/2.Validation/라벨링데이터/나무/포장재/13_X011_C061_0127/13_X011_C061_0127_4.Json,1,나무류,종이류,기타
/home/minsu/disk_c/trash_dataset/085.생활_폐기물_이미지/01.데이터/2.Validation/라벨링데이터/나무/포장재/13_X011_C061_0127/13_X011_C061_0127_3.Json,1,나무류,종이류,기타
/home/minsu/disk_c/trash_dataset/085.생활_폐기물_이미지/01.데이터/2.Validation/라벨링데이터/나무/포장재/13_X011_C061_0127/13_X011_C061_0127_1.Json,1,나무류,종이류,기타
/home/minsu/disk_c/trash_dataset/085.생활_폐기물_이미지/01.데이터/2.Validation/라벨링데이터/나무/도마/13_X004_C014_0127/13_X004_C014_0127_2.Json,1,나무류,유리병류,주방용기
/home/minsu/disk_c/trash_dataset/085.생활_폐기물_이미지/01.데이터/2.Validation/라벨링데이터/나무/도마/13_X004_C014_0127/13_X004_C014_0127_3.Json,1,나무류,유리병류,주방용기
/home/minsu/disk_c/trash_dataset/085.생활_폐기물_이미지/01.데이터/2.Validation/라벨링데이터/나무/도마/13_X004_C014_0127/13_X004_C014_0127_0.Json,1,나무류,유리병류,주방용기
/home/minsu/disk_c/trash_dataset/085.생활_폐기물_이미지/01.데이터/2.Validation/라벨링데이터/나무/도마/13_X004_C014_0127/13_X004_C014_0127_1.Json,1,나무류,유리병류,주방용기
/home/minsu/disk_c/trash_dataset/085.생활_폐기물_이미지/01.데이터/2.Validation/라벨링데이터/나무/도마/13_X004_C014_0127/13_X004_C014_0127_4.Json,1,나무류,유리병류,주방용기
/home/minsu/disk_c/trash_dataset/085.생활_폐기물_이미지/01.데이터/2.Validation/라벨링데이터/나무/장식품/13_X014_C061_0127/13_X014_C061_0127_0.Json,1,나무류,플라스틱류,기타
/home/minsu/disk_c/trash_dataset/085.생활_폐기물_이미지/01.데이터/2.Validation/라벨링데이터/나무/장식품/13_X014_C061_0127/13_X014_C061_0127_1.Json,1,나무류,플라스틱류,기타
/home/minsu/disk_c/trash_dataset/085.생활_폐기물_이미지/01.데이터/2.Validation/라벨링데이터/나무/장식품/13_X014_C061_0127/13_X014_C061_0127_4.Json,1,나무류,플라스틱류,기타
/home/minsu/disk_c/trash_dataset/085.생활_폐기물_이미지/01.데이터/2.Validation/라벨링데이터/나무/장식품/13_X014_C061_0127/13_X014_C061_0127_2.Json,1,나무류,플라스틱류,기타
/home/minsu/disk_c/trash_dataset/085.생활_폐기물_이미지/01.데이터/2.Validation/라벨링데이터/나무/장식품/13_X014_C061_0127/13_X014_C061_0127_3.Json,1,나무류,플라스틱류,기타
/home/minsu/disk_c/trash_dataset/085.생활_폐기물_이미지/01.데이터/2.Validation/라벨링데이터/나무/장식품/13_X007_C058_0129/13_X007_C058_0129_0.Json,1,나무류,종이류,포장상자
/home/minsu/disk_c/trash_dataset/085.생활_폐기물_이미지/01.데이터/2.Validation/라벨링데이터/나무/장식품/13_X007_C058_0129/13_X007_C058_0129_2.Json,1,나무류,종이류,포장상자
/home/minsu/disk_c/trash_dataset/085.생활_폐기물_이미지/01.데이터/2.Validation/라벨링데이터/나무/장식품/13_X007_C058_0129/13_X007_C058_0129_4.Json,1,나무류,종이류,포장상자
/home/minsu/disk_c/trash_dataset/085.생활_폐기물_이미지/01.데이터/2.Validation/라벨링데이터/나무/장식품/13_X007_C058_0129/13_X007_C058_0129_1.Json,1,나무류,종이류,포장상자
/home/minsu/disk_c/trash_dataset/085.생활_폐기물_이미지/01.데이터/2.Validation/라벨링데이터/나무/장식품/13_X007_C058_0129/13_X007_C058_0129_3.Json,1,나무류,종이류,포장상자
/home/minsu/disk_c/trash_dataset/085.생활_폐기물_이미지/01.데이터/2.Validation/라벨링데이터/나무/주방용품/13_X002_C323_0130/13_X002_C323_0130_0.Json,1,나무류,도기류,그릇류
/home/minsu/disk_c/trash_dataset/085.생활_폐기물_이미지/01.데이터/2.Validation/라벨링데이터/나무/주방용품/13_X002_C323_0130/13_X002_C323_0130_1.Json,0,나무류,도기류,그릇류
/home/minsu/disk_c/trash_dataset/085.생활_폐기물_이미지/01.데이터/2.Validation/라벨링데이터/나무/주방용품/13_X002_C323_0130/13_X002_C323_0130_4.Json,0,나무류,도기류,그릇류
/home/minsu/disk_c/trash_dataset/085.생활_폐기물_이미지/01.데이터/2.Validation/라벨링데이터/나무/주방용품/13_X002_C323_0130/13_X002_C323_0130_3.Json,0,나무류,도기류,그릇류
/home/minsu/disk_c/trash_dataset/085.생활_폐기물_이미지/01.데이터/2.Validation/라벨링데이터/나무/주방용품/13_X002_C323_0130/13_X002_C323_0130_2.Json,0,나무류,도기류,그릇류
/home/minsu/disk_c/trash_dataset/085.생활_폐기물_이미지/01.데이터/2.Validation/라벨링데이터/나무/주방용품/13_X012_C058_0131/13_X012_C058_0131_2.Json,1,나무류,종이류,포장상자
/home/minsu/disk_c/trash_dataset/085.생활_폐기물_이미지/01.데이터/2.Validation/라벨링데이터/나무/주방용품/13_X012_C058_0131/13_X012_C058_0131_4.Json,1,나무류,종이류,포장상자
/home/minsu/disk_c/trash_dataset/085.생활_폐기물_이미지/01.데이터/2.Validation/라벨링데이터/나무/주방용품/13_X012_C058_0131/13_X012_C058_0131_0.Json,1,나무류,종이류,포장상자
/home/minsu/disk_c/trash_dataset/085.생활_폐기물_이미지/01.데이터/2.Validation/라벨링데이터/나무/주방용품/13_X012_C058_0131/13_X012_C058_0131_3.Json,1,나무류,종이류,포장상자
/home/minsu/disk_c/trash_dataset/085.생활_폐기물_이미지/01.데이터/2.Validation/라벨링데이터/나무/주방용품/13_X012_C058_0131/13_X012_C058_0131_1.Json,1,나무류,종이류,포장상자
/home/minsu/disk_c/trash_dataset/085.생활_폐기물_이미지/01.데이터/2.Validation/라벨링데이터/나무/주방용품/13_X017_C058_0131/13_X017_C058_0131_0.Json,1,나무류,종이류,포장상자
/home/minsu/disk_c/trash_dataset/085.생활_폐기물_이미지/01.데이터/2.Validation/라벨링데이터/나무/주방용품/13_X017_C058_0131/13_X017_C058_0131_3.Json,1,나무류,종이류,포장상자
/home/minsu/disk_c/trash_dataset/085.생활_폐기물_이미지/01.데이터/2.Validation/라벨링데이터/나무/주방용품/13_X017_C058_0131/13_X017_C058_0131_4.Json,1,나무류,종이류,포장상자
/home/minsu/disk_c/trash_dataset/085.생활_폐기물_이미지/01.데이터/2.Validation/라벨링데이터/나무/주방용품/13_X017_C058_0131/13_X017_C058_0131_2.Json,1,나무류,종이류,포장상자
/home/minsu/disk_c/trash_dataset/085.생활_폐기물_이미지/01.데이터/2.Validation/라벨링데이터/나무/주방용품/13_X017_C058_0131/13_X017_C058_0131_1.Json,1,나무류,종이류,포장상자
/home/minsu/disk_c/trash_dataset/085.생활_폐기물_이미지/01.데이터/2.Validation/라벨링데이터/나무/주걱/13_X032_C058_0129/13_X032_C058_0129_1.Json,1,나무류,플라스틱류,기타
/home/minsu/disk_c/trash_dataset/085.생활_폐기물_이미지/01.데이터/2.Validation/라벨링데이터/나무/주걱/13_X032_C058_0129/13_X032_C058_0129_0.Json,1,나무류,플라스틱류,기타
/home/minsu/disk_c/trash_dataset/085.생활_폐기물_이미지/01.데이터/2.Validation/라벨링데이터/나무/액자/13_X004_C058_0202/13_X004_C058_0202_1.Json,0,나무류,고철류,고철
/home/minsu/disk_c/trash_dataset/085.생활_폐기물_이미지/01.데이터/2.Validation/라벨링데이터/나무/액자/13_X004_C058_0202/13_X004_C058_0202_0.Json,1,나무류,고철류,고철
/home/minsu/disk_c/trash_dataset/085.생활_폐기물_이미지/01.데이터/2.Validation/라벨링데이터/나무/액자/13_X004_C058_0202/13_X004_C058_0202_4.Json,0,나무류,고철류,고철
/home/minsu/disk_c/trash_dataset/085.생활_폐기물_이미지/01.데이터/2.Validation/라벨링데이터/나무/액자/13_X004_C058_0202/13_X004_C058_0202_2.Json,0,나무류,고철류,고철
/home/minsu/disk_c/trash_dataset/085.생활_폐기물_이미지/01.데이터/2.Validation/라벨링데이터/나무/액자/13_X004_C058_0202/13_X004_C058_0202_3.Json,0,나무류,고철류,고철
/home/minsu/disk_c/trash_dataset/085.생활_폐기물_이미지/01.데이터/2.Validation/라벨링데이터/나무/액자/13_X011_C058_0202/13_X011_C058_0202_2.Json,0,나무류,고철류,고철
/home/minsu/disk_c/trash_dataset/085.생활_폐기물_이미지/01.데이터/2.Validation/라벨링데이터/나무/액자/13_X011_C058_0202/13_X011_C058_0202_0.Json,1,나무류,고철류,고철
/home/minsu/disk_c/trash_dataset/085.생활_폐기물_이미지/01.데이터/2.Validation/라벨링데이터/나무/액자/13_X011_C058_0202/13_X011_C058_0202_4.Json,0,나무류,고철류,고철
/home/minsu/disk_c/trash_dataset/085.생활_폐기물_이미지/01.데이터/2.Validation/라벨링데이터/나무/액자/13_X011_C058_0202/13_X011_C058_0202_1.Json,0,나무류,고철류,고철
/home/minsu/disk_c/trash_dataset/085.생활_폐기물_이미지/01.데이터/2.Validation/라벨링데이터/나무/액자/13_X011_C058_0202/13_X011_C058_0202_3.Json,0,나무류,고철류,고철
/home/minsu/disk_c/trash_dataset/085.생활_폐기물_이미지/01.데이터/2.Validation/라벨링데이터/나무/액자/13_X002_C061_0129/13_X002_C061_0129_4.Json,0,나무류,종이류,포장상자
/home/minsu/disk_c/trash_dataset/085.생활_폐기물_이미지/01.데이터/2.Validation/라벨링데이터/나무/액자/13_X002_C061_0129/13_X002_C061_0129_0.Json,1,나무류,종이류,포장상자
/home/minsu/disk_c/trash_dataset/085.생활_폐기물_이미지/01.데이터/2.Validation/라벨링데이터/나무/액자/13_X002_C061_0129/13_X002_C061_0129_1.Json,0,나무류,종이류,포장상자
/home/minsu/disk_c/trash_dataset/085.생활_폐기물_이미지/01.데이터/2.Validation/라벨링데이터/나무/액자/13_X002_C061_0129/13_X002_C061_0129_3.Json,0,나무류,종이류,포장상자
/home/minsu/disk_c/trash_dataset/085.생활_폐기물_이미지/01.데이터/2.Validation/라벨링데이터/나무/액자/13_X002_C061_0129/13_X002_C061_0129_2.Json,0,나무류,종이류,포장상자
/home/minsu/disk_c/trash_dataset/085.생활_폐기물_이미지/01.데이터/2.Validation/라벨링데이터/나무/기타/13_X004_C163_1203/13_X004_C163_1203_4.Json,2,나무류,종이류,기타
/home/minsu/disk_c/trash_dataset/085.생활_폐기물_이미지/01.데이터/2.Validation/라벨링데이터/가구류/밥상/11_X001_C033_1013/11_X001_C033_1013_1.Json,1,가구류,종이류,상자류
/home/minsu/disk_c/trash_dataset/085.생활_폐기물_이미지/01.데이터/2.Validation/라벨링데이터/가구류/밥상/11_X001_C033_1013/11_X001_C033_1013_3.Json,1,가구류,종이류,상자류
/home/minsu/disk_c/trash_dataset/085.생활_폐기물_이미지/01.데이터/2.Validation/라벨링데이터/가구류/밥상/11_X001_C033_1013/11_X001_C033_1013_2.Json,1,가구류,종이류,상자류
/home/minsu/disk_c/trash_dataset/085.생활_폐기물_이미지/01.데이터/2.Validation/라벨링데이터/가구류/의자/11_X005_C037_1030/11_X005_C037_1030_4.Json,1,가구류,자전거,두발자전거
/home/minsu/disk_c/trash_dataset/085.생활_폐기물_이미지/01.데이터/2.Validation/라벨링데이터/가구류/의자/11_X002_C331_1105/11_X002_C331_1105_3.Json,1,가구류,스티로폼류,스티로폼
/home/minsu/disk_c/trash_dataset/085.생활_폐기물_이미지/01.데이터/2.Validation/라벨링데이터/가구류/의자/11_X002_C331_1105/11_X002_C331_1105_3.Json,2,가구류,종이류,상자류
/home/minsu/disk_c/trash_dataset/085.생활_폐기물_이미지/01.데이터/2.Validation/라벨링데이터/가구류/의자/11_X002_C331_1105/11_X002_C331_1105_0.Json,1,가구류,스티로폼류,스티로폼
/home/minsu/disk_c/trash_dataset/085.생활_폐기물_이미지/01.데이터/2.Validation/라벨링데이터/가구류/의자/11_X002_C331_1105/11_X002_C331_1105_2.Json,1,가구류,스티로폼류,보호재
/home/minsu/disk_c/trash_dataset/085.생활_폐기물_이미지/01.데이터/2.Validation/라벨링데이터/가구류/의자/11_X002_C331_1105/11_X002_C331_1105_1.Json,1,가구류,스티로폼류,보호재
/home/minsu/disk_c/trash_dataset/085.생활_폐기물_이미지/01.데이터/2.Validation/라벨링데이터/가구류/의자/11_X005_C704_1231/11_X005_C704_1231_3.Json,1,가구류,도기류,화분
/home/minsu/disk_c/trash_dataset/085.생활_폐기물_이미지/01.데이터/2.Validation/라벨링데이터/가구류/의자/11_X005_C704_1231/11_X005_C704_1231_4.Json,1,가구류,도기류,화분
/home/minsu/disk_c/trash_dataset/085.생활_폐기물_이미지/01.데이터/2.Validation/라벨링데이터/가구류/의자/11_X002_C520_0124/11_X002_C520_0124_2.Json,1,가구류,자전거,두발자전거
/home/minsu/disk_c/trash_dataset/085.생활_폐기물_이미지/01.데이터/2.Validation/라벨링데이터/가구류/의자/11_X003_C701_1229/11_X003_C701_1229_4.Json,1,가구류,자전거,두발자전거
/home/minsu/disk_c/trash_dataset/085.생활_폐기물_이미지/01.데이터/2.Validation/라벨링데이터/가구류/의자/11_X003_C701_1229/11_X003_C701_1229_3.Json,1,가구류,자전거,두발자전거
/home/minsu/disk_c/trash_dataset/085.생활_폐기물_이미지/01.데이터/2.Validation/라벨링데이터/가구류/수납장/11_X025_C509_0311/11_X025_C509_0311_1.Json,1,가구류,자전거,두발자전거
/home/minsu/disk_c/trash_dataset/085.생활_폐기물_이미지/01.데이터/2.Validation/라벨링데이터/가구류/수납장/11_X025_C509_0311/11_X025_C509_0311_2.Json,1,가구류,자전거,두발자전거
/home/minsu/disk_c/trash_dataset/085.생활_폐기물_이미지/01.데이터/2.Validation/라벨링데이터/가구류/수납장/11_X025_C509_0311/11_X025_C509_0311_3.Json,1,가구류,자전거,두발자전거
/home/minsu/disk_c/trash_dataset/085.생활_폐기물_이미지/01.데이터/2.Validation/라벨링데이터/가구류/수납장/11_X025_C509_0311/11_X025_C509_0311_0.Json,1,가구류,자전거,두발자전거
/home/minsu/disk_c/trash_dataset/085.생활_폐기물_이미지/01.데이터/2.Validation/라벨링데이터/가구류/수납장/11_X120_C500_0310/11_X120_C500_0310_3.Json,1,가구류,나무류,액자
/home/minsu/disk_c/trash_dataset/085.생활_폐기물_이미지/01.데이터/2.Validation/라벨링데이터/가구류/수납장/11_X120_C500_0310/11_X120_C500_0310_3.Json,2,가구류,나무류,장식품
/home/minsu/disk_c/trash_dataset/085.생활_폐기물_이미지/01.데이터/2.Validation/라벨링데이터/가구류/수납장/11_X120_C500_0310/11_X120_C500_0310_2.Json,1,가구류,나무류,액자
/home/minsu/disk_c/trash_dataset/085.생활_폐기물_이미지/01.데이터/2.Validation/라벨링데이터/가구류/수납장/11_X120_C500_0310/11_X120_C500_0310_2.Json,2,가구류,나무류,장식품
/home/minsu/disk_c/trash_dataset/085.생활_폐기물_이미지/01.데이터/2.Validation/라벨링데이터/가구류/수납장/11_X120_C500_0310/11_X120_C500_0310_4.Json,1,가구류,나무류,장식품
/home/minsu/disk_c/trash_dataset/085.생활_폐기물_이미지/01.데이터/2.Validation/라벨링데이터/가구류/수납장/11_X087_C509_0312/11_X087_C509_0312_0.Json,1,가구류,스티로폼류,보호재
/home/minsu/disk_c/trash_dataset/085.생활_폐기물_이미지/01.데이터/2.Validation/라벨링데이터/가구류/수납장/11_X087_C509_0312/11_X087_C509_0312_2.Json,3,가구류,스티로폼류,보호재
/home/minsu/disk_c/trash_dataset/085.생활_폐기물_이미지/01.데이터/2.Validation/라벨링데이터/가구류/수납장/11_X087_C509_0312/11_X087_C509_0312_4.Json,1,가구류,스티로폼류,보호재
/home/minsu/disk_c/trash_dataset/085.생활_폐기물_이미지/01.데이터/2.Validation/라벨링데이터/가구류/수납장/11_X087_C509_0312/11_X087_C509_0312_1.Json,1,가구류,스티로폼류,보호재
/home/minsu/disk_c/trash_dataset/085.생활_폐기물_이미지/01.데이터/2.Validation/라벨링데이터/가구류/서랍장/11_X002_C172_0210/11_X002_C172_0210_4.Json,1,가구류,페트병류,페트병
/home/minsu/disk_c/trash_dataset/085.생활_폐기물_이미지/01.데이터/2.Validation/라벨링데이터/가구류/서랍장/11_X002_C172_0210/11_X002_C172_0210_2.Json,1,가구류,페트병류,페트병
/home/minsu/disk_c/trash_dataset/085.생활_폐기물_이미지/01.데이터/2.Validation/라벨링데이터/가구류/서랍장/11_X002_C172_0210/11_X002_C172_0210_3.Json,1,가구류,페트병류,페트병
/home/minsu/disk_c/trash_dataset/085.생활_폐기물_이미지/01.데이터/2.Validation/라벨링데이터/가구류/서랍장/11_X002_C172_0210/11_X002_C172_0210_1.Json,1,가구류,페트병류,페트병
/home/minsu/disk_c/trash_dataset/085.생활_폐기물_이미지/01.데이터/2.Validation/라벨링데이터/가구류/서랍장/11_X002_C172_0210/11_X002_C172_0210_0.Json,1,가구류,페트병류,페트병
/home/minsu/disk_c/trash_dataset/085.생활_폐기물_이미지/01.데이터/2.Validation/라벨링데이터/가구류/서랍장/11_X022_C509_0312/11_X022_C509_0312_4.Json,1,가구류,도기류,컵
/home/minsu/disk_c/trash_dataset/085.생활_폐기물_이미지/01.데이터/2.Validation/라벨링데이터/가구류/서랍장/11_X022_C509_0312/11_X022_C509_0312_2.Json,1,가구류,도기류,컵
/home/minsu/disk_c/trash_dataset/085.생활_폐기물_이미지/01.데이터/2.Validation/라벨링데이터/가구류/서랍장/11_X022_C509_0312/11_X022_C509_0312_0.Json,1,가구류,도기류,컵
/home/minsu/disk_c/trash_dataset/085.생활_폐기물_이미지/01.데이터/2.Validation/라벨링데이터/가구류/서랍장/11_X022_C509_0312/11_X022_C509_0312_1.Json,1,가구류,도기류,컵
/home/minsu/disk_c/trash_dataset/085.생활_폐기물_이미지/01.데이터/2.Validation/라벨링데이터/가구류/서랍장/11_X002_C055_1113/11_X002_C055_1113_0.Json,1,가구류,자전거,두발자전거
/home/minsu/disk_c/trash_dataset/085.생활_폐기물_이미지/01.데이터/2.Validation/라벨링데이터/가구류/협탁/11_X005_C174_1020/11_X005_C174_1020_2.Json,1,가구류,전자제품,전자레인지
/home/minsu/disk_c/trash_dataset/085.생활_폐기물_이미지/01.데이터/2.Validation/라벨링데이터/가구류/협탁/11_X005_C174_1020/11_X005_C174_1020_4.Json,1,가구류,전자제품,전자레인지
/home/minsu/disk_c/trash_dataset/085.생활_폐기물_이미지/01.데이터/2.Validation/라벨링데이터/고철류/고철/12_X023_C323_0201/12_X023_C323_0201_1.Json,1,고철류,유리병류,기타술병
/home/minsu/disk_c/trash_dataset/085.생활_폐기물_이미지/01.데이터/2.Validation/라벨링데이터/고철류/고철/12_X023_C323_0201/12_X023_C323_0201_2.Json,1,고철류,유리병류,기타술병
/home/minsu/disk_c/trash_dataset/085.생활_폐기물_이미지/01.데이터/2.Validation/라벨링데이터/고철류/고철/12_X023_C323_0201/12_X023_C323_0201_0.Json,1,고철류,유리병류,기타술병
/home/minsu/disk_c/trash_dataset/085.생활_폐기물_이미지/01.데이터/2.Validation/라벨링데이터/고철류/고철/12_X023_C323_0201/12_X023_C323_0201_3.Json,1,고철류,유리병류,기타술병
/home/minsu/disk_c/trash_dataset/085.생활_폐기물_이미지/01.데이터/2.Validation/라벨링데이터/고철류/고철/12_X023_C323_0201/12_X023_C323_0201_4.Json,1,고철류,유리병류,기타술병
/home/minsu/disk_c/trash_dataset/085.생활_폐기물_이미지/01.데이터/2.Validation/라벨링데이터/고철류/고철/12_X010_C014_0201/12_X010_C014_0201_4.Json,1,고철류,형광등,콤팩트형
/home/minsu/disk_c/trash_dataset/085.생활_폐기물_이미지/01.데이터/2.Validation/라벨링데이터/고철류/고철/12_X010_C014_0201/12_X010_C014_0201_0.Json,1,고철류,형광등,콤팩트형
/home/minsu/disk_c/trash_dataset/085.생활_폐기물_이미지/01.데이터/2.Validation/라벨링데이터/고철류/고철/12_X010_C014_0201/12_X010_C014_0201_3.Json,1,고철류,형광등,콤팩트형
/home/minsu/disk_c/trash_dataset/085.생활_폐기물_이미지/01.데이터/2.Validation/라벨링데이터/고철류/고철/12_X010_C014_0201/12_X010_C014_0201_1.Json,1,고철류,형광등,콤팩트형
/home/minsu/disk_c/trash_dataset/085.생활_폐기물_이미지/01.데이터/2.Validation/라벨링데이터/고철류/고철/12_X010_C014_0201/12_X010_C014_0201_2.Json,1,고철류,형광등,콤팩트형
/home/minsu/disk_c/trash_dataset/085.생활_폐기물_이미지/01.데이터/2.Validation/라벨링데이터/고철류/고철/12_X028_C014_0201/12_X028_C014_0201_3.Json,1,고철류,형광등,콤팩트형
/home/minsu/disk_c/trash_dataset/085.생활_폐기물_이미지/01.데이터/2.Validation/라벨링데이터/고철류/고철/12_X028_C014_0201/12_X028_C014_0201_2.Json,1,고철류,형광등,콤팩트형
/home/minsu/disk_c/trash_dataset/085.생활_폐기물_이미지/01.데이터/2.Validation/라벨링데이터/고철류/고철/12_X028_C014_0201/12_X028_C014_0201_1.Json,1,고철류,형광등,콤팩트형
/home/minsu/disk_c/trash_dataset/085.생활_폐기물_이미지/01.데이터/2.Validation/라벨링데이터/고철류/고철/12_X028_C014_0201/12_X028_C014_0201_4.Json,1,고철류,형광등,콤팩트형
/home/minsu/disk_c/trash_dataset/085.생활_폐기물_이미지/01.데이터/2.Validation/라벨링데이터/고철류/고철/12_X028_C014_0201/12_X028_C014_0201_0.Json,1,고철류,형광등,콤팩트형
/home/minsu/disk_c/trash_dataset/085.생활_폐기물_이미지/01.데이터/2.Validation/라벨링데이터/고철류/고철/12_X021_C045_0202/12_X021_C045_0202_0.Json,1,고철류,전자제품,전기밥솥
/home/minsu/disk_c/trash_dataset/085.생활_폐기물_이미지/01.데이터/2.Validation/라벨링데이터/고철류/고철/12_X021_C045_0202/12_X021_C045_0202_4.Json,1,고철류,전자제품,전기밥솥
/home/minsu/disk_c/trash_dataset/085.생활_폐기물_이미지/01.데이터/2.Validation/라벨링데이터/고철류/고철/12_X021_C045_0202/12_X021_C045_0202_1.Json,0,고철류,전자제품,전기밥솥
/home/minsu/disk_c/trash_dataset/085.생활_폐기물_이미지/01.데이터/2.Validation/라벨링데이터/고철류/고철/12_X021_C045_0202/12_X021_C045_0202_2.Json,1,고철류,전자제품,전기밥솥
/home/minsu/disk_c/trash_dataset/085.생활_폐기물_이미지/01.데이터/2.Validation/라벨링데이터/고철류/고철/12_X021_C045_0202/12_X021_C045_0202_2.Json,2,고철류,전자제품,전기오븐
/home/minsu/disk_c/trash_dataset/085.생활_폐기물_이미지/01.데이터/2.Validation/라벨링데이터/고철류/고철/12_X021_C045_0202/12_X021_C045_0202_3.Json,0,고철류,전자제품,전기밥솥
/home/minsu/disk_c/trash_dataset/085.생활_폐기물_이미지/01.데이터/2.Validation/라벨링데이터/고철류/고철/12_X008_C171_0203/12_X008_C171_0203_4.Json,1,고철류,플라스틱류,밀폐용기
/home/minsu/disk_c/trash_dataset/085.생활_폐기물_이미지/01.데이터/2.Validation/라벨링데이터/고철류/고철/12_X008_C171_0203/12_X008_C171_0203_0.Json,1,고철류,플라스틱류,밀폐용기
/home/minsu/disk_c/trash_dataset/085.생활_폐기물_이미지/01.데이터/2.Validation/라벨링데이터/고철류/고철/12_X008_C171_0203/12_X008_C171_0203_3.Json,1,고철류,플라스틱류,밀폐용기
/home/minsu/disk_c/trash_dataset/085.생활_폐기물_이미지/01.데이터/2.Validation/라벨링데이터/고철류/고철/12_X008_C171_0203/12_X008_C171_0203_1.Json,1,고철류,플라스틱류,밀폐용기
/home/minsu/disk_c/trash_dataset/085.생활_폐기물_이미지/01.데이터/2.Validation/라벨링데이터/고철류/고철/12_X008_C171_0203/12_X008_C171_0203_2.Json,1,고철류,플라스틱류,밀폐용기
/home/minsu/disk_c/trash_dataset/085.생활_폐기물_이미지/01.데이터/2.Validation/라벨링데이터/고철류/프라이팬/12_X002_C014_0201/12_X002_C014_0201_2.Json,1,고철류,형광등,콤팩트형
/home/minsu/disk_c/trash_dataset/085.생활_폐기물_이미지/01.데이터/2.Validation/라벨링데이터/고철류/프라이팬/12_X002_C014_0201/12_X002_C014_0201_1.Json,1,고철류,형광등,콤팩트형
/home/minsu/disk_c/trash_dataset/085.생활_폐기물_이미지/01.데이터/2.Validation/라벨링데이터/고철류/프라이팬/12_X002_C014_0201/12_X002_C014_0201_4.Json,1,고철류,형광등,콤팩트형
/home/minsu/disk_c/trash_dataset/085.생활_폐기물_이미지/01.데이터/2.Validation/라벨링데이터/고철류/프라이팬/12_X002_C014_0201/12_X002_C014_0201_0.Json,1,고철류,형광등,콤팩트형
/home/minsu/disk_c/trash_dataset/085.생활_폐기물_이미지/01.데이터/2.Validation/라벨링데이터/고철류/프라이팬/12_X002_C014_0201/12_X002_C014_0201_3.Json,1,고철류,형광등,콤팩트형
/home/minsu/disk_c/trash_dataset/085.생활_폐기물_이미지/01.데이터/2.Validation/라벨링데이터/고철류/프라이팬/12_X005_C037_1028/12_X005_C037_1028_4.Json,1,고철류,종이류,상자류
/home/minsu/disk_c/trash_dataset/085.생활_폐기물_이미지/01.데이터/2.Validation/라벨링데이터/고철류/프라이팬/12_X002_C172_0210/12_X002_C172_0210_2.Json,0,고철류,유리병류,음료수병
/home/minsu/disk_c/trash_dataset/085.생활_폐기물_이미지/01.데이터/2.Validation/라벨링데이터/고철류/프라이팬/12_X002_C172_0210/12_X002_C172_0210_0.Json,1,고철류,유리병류,음료수병
/home/minsu/disk_c/trash_dataset/085.생활_폐기물_이미지/01.데이터/2.Validation/라벨링데이터/고철류/프라이팬/12_X002_C172_0210/12_X002_C172_0210_3.Json,0,고철류,유리병류,음료수병
/home/minsu/disk_c/trash_dataset/085.생활_폐기물_이미지/01.데이터/2.Validation/라벨링데이터/고철류/프라이팬/12_X002_C172_0210/12_X002_C172_0210_1.Json,0,고철류,유리병류,음료수병
/home/minsu/disk_c/trash_dataset/085.생활_폐기물_이미지/01.데이터/2.Validation/라벨링데이터/고철류/프라이팬/12_X002_C172_0210/12_X002_C172_0210_4.Json,0,고철류,유리병류,음료수병
/home/minsu/disk_c/trash_dataset/085.생활_폐기물_이미지/01.데이터/2.Validation/라벨링데이터/고철류/기타/12_X031_C045_0207/12_X031_C045_0207_1.Json,1,고철류,플라스틱류,기타
/home/minsu/disk_c/trash_dataset/085.생활_폐기물_이미지/01.데이터/2.Validation/라벨링데이터/고철류/기타/12_X031_C045_0207/12_X031_C045_0207_2.Json,1,고철류,플라스틱류,기타
/home/minsu/disk_c/trash_dataset/085.생활_폐기물_이미지/01.데이터/2.Validation/라벨링데이터/고철류/기타/12_X031_C045_0207/12_X031_C045_0207_0.Json,1,고철류,플라스틱류,기타
/home/minsu/disk_c/trash_dataset/085.생활_폐기물_이미지/01.데이터/2.Validation/라벨링데이터/고철류/기타/12_X031_C045_0207/12_X031_C045_0207_3.Json,1,고철류,플라스틱류,기타
/home/minsu/disk_c/trash_dataset/085.생활_폐기물_이미지/01.데이터/2.Validation/라벨링데이터/고철류/기타/12_X031_C045_0207/12_X031_C045_0207_4.Json,1,고철류,플라스틱류,기타
/home/minsu/disk_c/trash_dataset/085.생활_폐기물_이미지/01.데이터/2.Validation/라벨링데이터/고철류/기타/12_X026_C045_0202/12_X026_C045_0202_1.Json,0,고철류,전자제품,전기밥솥
/home/minsu/disk_c/trash_dataset/085.생활_폐기물_이미지/01.데이터/2.Validation/라벨링데이터/고철류/기타/12_X026_C045_0202/12_X026_C045_0202_2.Json,0,고철류,전자제품,전기밥솥
/home/minsu/disk_c/trash_dataset/085.생활_폐기물_이미지/01.데이터/2.Validation/라벨링데이터/고철류/기타/12_X026_C045_0202/12_X026_C045_0202_0.Json,0,고철류,전자제품,전기밥솥
/home/minsu/disk_c/trash_dataset/085.생활_폐기물_이미지/01.데이터/2.Validation/라벨링데이터/고철류/기타/12_X026_C045_0202/12_X026_C045_0202_3.Json,1,고철류,전자제품,전기밥솥
/home/minsu/disk_c/trash_dataset/085.생활_폐기물_이미지/01.데이터/2.Validation/라벨링데이터/고철류/기타/12_X026_C045_0202/12_X026_C045_0202_4.Json,1,고철류,전자제품,전기밥솥
/home/minsu/disk_c/trash_dataset/085.생활_폐기물_이미지/01.데이터/2.Validation/라벨링데이터/자전거/두발자전거/19_X034_C171_0204/19_X034_C171_0204_4.Json,0,자전거,페트병류,페트병
/home/minsu/disk_c/trash_dataset/085.생활_폐기물_이미지/01.데이터/2.Validation/라벨링데이터/자전거/두발자전거/19_X034_C171_0204/19_X034_C171_0204_0.Json,1,자전거,페트병류,페트병
/home/minsu/disk_c/trash_dataset/085.생활_폐기물_이미지/01.데이터/2.Validation/라벨링데이터/자전거/두발자전거/19_X034_C171_0204/19_X034_C171_0204_2.Json,0,자전거,페트병류,페트병
/home/minsu/disk_c/trash_dataset/085.생활_폐기물_이미지/01.데이터/2.Validation/라벨링데이터/자전거/두발자전거/19_X034_C171_0204/19_X034_C171_0204_3.Json,0,자전거,페트병류,페트병
/home/minsu/disk_c/trash_dataset/085.생활_폐기물_이미지/01.데이터/2.Validation/라벨링데이터/자전거/두발자전거/19_X034_C171_0204/19_X034_C171_0204_1.Json,0,자전거,페트병류,페트병
/home/minsu/disk_c/trash_dataset/085.생활_폐기물_이미지/01.데이터/2.Validation/라벨링데이터/자전거/두발자전거/19_X013_C171_0205/19_X013_C171_0205_6.Json,1,자전거,페트병류,페트병
/home/minsu/disk_c/trash_dataset/085.생활_폐기물_이미지/01.데이터/2.Validation/라벨링데이터/자전거/두발자전거/19_X013_C171_0205/19_X013_C171_0205_0.Json,1,자전거,페트병류,페트병
/home/minsu/disk_c/trash_dataset/085.생활_폐기물_이미지/01.데이터/2.Validation/라벨링데이터/자전거/두발자전거/19_X013_C171_0205/19_X013_C171_0205_2.Json,1,자전거,페트병류,페트병
/home/minsu/disk_c/trash_dataset/085.생활_폐기물_이미지/01.데이터/2.Validation/라벨링데이터/자전거/두발자전거/19_X013_C171_0205/19_X013_C171_0205_5.Json,1,자전거,페트병류,페트병
/home/minsu/disk_c/trash_dataset/085.생활_폐기물_이미지/01.데이터/2.Validation/라벨링데이터/자전거/두발자전거/19_X013_C171_0205/19_X013_C171_0205_3.Json,1,자전거,페트병류,페트병
/home/minsu/disk_c/trash_dataset/085.생활_폐기물_이미지/01.데이터/2.Validation/라벨링데이터/자전거/두발자전거/19_X025_C171_0204/19_X025_C171_0204_4.Json,1,자전거,페트병류,페트병
/home/minsu/disk_c/trash_dataset/085.생활_폐기물_이미지/01.데이터/2.Validation/라벨링데이터/자전거/두발자전거/19_X025_C171_0204/19_X025_C171_0204_1.Json,1,자전거,페트병류,페트병
/home/minsu/disk_c/trash_dataset/085.생활_폐기물_이미지/01.데이터/2.Validation/라벨링데이터/자전거/두발자전거/19_X025_C171_0204/19_X025_C171_0204_2.Json,1,자전거,페트병류,페트병
/home/minsu/disk_c/trash_dataset/085.생활_폐기물_이미지/01.데이터/2.Validation/라벨링데이터/자전거/두발자전거/19_X025_C171_0204/19_X025_C171_0204_3.Json,1,자전거,페트병류,페트병
/home/minsu/disk_c/trash_dataset/085.생활_폐기물_이미지/01.데이터/2.Validation/라벨링데이터/자전거/두발자전거/19_X025_C171_0204/19_X025_C171_0204_0.Json,1,자전거,페트병류,페트병
/home/minsu/disk_c/trash_dataset/085.생활_폐기물_이미지/01.데이터/2.Validation/라벨링데이터/자전거/두발자전거/19_X018_C171_0204/19_X018_C171_0204_0.Json,1,자전거,페트병류,페트병
/home/minsu/disk_c/trash_dataset/085.생활_폐기물_이미지/01.데이터/2.Validation/라벨링데이터/자전거/두발자전거/19_X018_C171_0204/19_X018_C171_0204_4.Json,1,자전거,페트병류,페트병
/home/minsu/disk_c/trash_dataset/085.생활_폐기물_이미지/01.데이터/2.Validation/라벨링데이터/자전거/두발자전거/19_X018_C171_0204/19_X018_C171_0204_1.Json,1,자전거,페트병류,페트병
/home/minsu/disk_c/trash_dataset/085.생활_폐기물_이미지/01.데이터/2.Validation/라벨링데이터/자전거/두발자전거/19_X018_C171_0204/19_X018_C171_0204_2.Json,1,자전거,페트병류,페트병
/home/minsu/disk_c/trash_dataset/085.생활_폐기물_이미지/01.데이터/2.Validation/라벨링데이터/자전거/두발자전거/19_X018_C171_0204/19_X018_C171_0204_3.Json,1,자전거,페트병류,페트병
/home/minsu/disk_c/trash_dataset/085.생활_폐기물_이미지/01.데이터/2.Validation/라벨링데이터/자전거/두발자전거/19_X168_C092_0320/19_X168_C092_0320_3.Json,1,자전거,가구류,의자
/home/minsu/disk_c/trash_dataset/085.생활_폐기물_이미지/01.데이터/2.Validation/라벨링데이터/자전거/네발자전거/19_X001_C205_1127/19_X001_C205_1127_1.Json,1,자전거,도기류,화분
/home/minsu/disk_c/trash_dataset/085.생활_폐기물_이미지/01.데이터/2.Validation/라벨링데이터/자전거/네발자전거/19_X001_C205_1127/19_X001_C205_1127_4.Json,1,자전거,도기류,화분
/home/minsu/disk_c/trash_dataset/085.생활_폐기물_이미지/01.데이터/2.Validation/라벨링데이터/자전거/네발자전거/19_X001_C205_1127/19_X001_C205_1127_2.Json,1,자전거,도기류,화분
/home/minsu/disk_c/trash_dataset/085.생활_폐기물_이미지/01.데이터/2.Validation/라벨링데이터/자전거/네발자전거/19_X001_C205_1127/19_X001_C205_1127_0.Json,1,자전거,도기류,화분
/home/minsu/disk_c/trash_dataset/085.생활_폐기물_이미지/01.데이터/2.Validation/라벨링데이터/플라스틱류/밀폐용기/24_X183_C509_0402/24_X183_C509_0402_2.Json,2,플라스틱류,전자제품,이동전화단말기
/home/minsu/disk_c/trash_dataset/085.생활_폐기물_이미지/01.데이터/2.Validation/라벨링데이터/플라스틱류/밀폐용기/24_X012_C056_1218/24_X012_C056_1218_1.Json,0,플라스틱류,페트병류,페트병
/home/minsu/disk_c/trash_dataset/085.생활_폐기물_이미지/01.데이터/2.Validation/라벨링데이터/플라스틱류/밀폐용기/24_X012_C056_1218/24_X012_C056_1218_4.Json,0,플라스틱류,페트병류,페트병
/home/minsu/disk_c/trash_dataset/085.생활_폐기물_이미지/01.데이터/2.Validation/라벨링데이터/플라스틱류/밀폐용기/24_X012_C056_1218/24_X012_C056_1218_3.Json,0,플라스틱류,페트병류,페트병
/home/minsu/disk_c/trash_dataset/085.생활_폐기물_이미지/01.데이터/2.Validation/라벨링데이터/플라스틱류/밀폐용기/24_X012_C056_1218/24_X012_C056_1218_2.Json,0,플라스틱류,페트병류,페트병
/home/minsu/disk_c/trash_dataset/085.생활_폐기물_이미지/01.데이터/2.Validation/라벨링데이터/플라스틱류/밀폐용기/24_X012_C056_1218/24_X012_C056_1218_0.Json,1,플라스틱류,페트병류,페트병
/home/minsu/disk_c/trash_dataset/085.생활_폐기물_이미지/01.데이터/2.Validation/라벨링데이터/페트병/일회용음료수잔/23_X010_C191_0929/23_X010_C191_0929_2.Json,1,페트병류,유리병류,박카스병
/home/minsu/disk_c/trash_dataset/085.생활_폐기물_이미지/01.데이터/2.Validation/라벨링데이터/페트병/페트병/23_X001_C056_1007/23_X001_C056_1007_4.Json,1,페트병류,플라스틱류,밀폐용기
/home/minsu/disk_c/trash_dataset/085.생활_폐기물_이미지/01.데이터/2.Validation/라벨링데이터/페트병/페트병/23_X001_C056_1007/23_X001_C056_1007_2.Json,0,페트병류,플라스틱류,밀폐용기
/home/minsu/disk_c/trash_dataset/085.생활_폐기물_이미지/01.데이터/2.Validation/라벨링데이터/페트병/페트병/23_X001_C056_1007/23_X001_C056_1007_3.Json,1,페트병류,플라스틱류,밀폐용기
/home/minsu/disk_c/trash_dataset/085.생활_폐기물_이미지/01.데이터/2.Validation/라벨링데이터/페트병/페트병/23_X001_C056_1007/23_X001_C056_1007_1.Json,1,페트병류,플라스틱류,밀폐용기
/home/minsu/disk_c/trash_dataset/085.생활_폐기물_이미지/01.데이터/2.Validation/라벨링데이터/페트병/페트병/23_X017_C061_1105/23_X017_C061_1105_3.Json,1,페트병류,캔류,스팸류
/home/minsu/disk_c/trash_dataset/085.생활_폐기물_이미지/01.데이터/2.Validation/라벨링데이터/페트병/페트병/23_X044_C509_0328/23_X044_C509_0328_3.Json,3,페트병류,종이류,상자류
/home/minsu/disk_c/trash_dataset/085.생활_폐기물_이미지/01.데이터/2.Validation/라벨링데이터/페트병/페트병/23_X017_C164_0925/23_X017_C164_0925_4.Json,1,페트병류,비닐류,봉투
/home/minsu/disk_c/trash_dataset/085.생활_폐기물_이미지/01.데이터/2.Validation/라벨링데이터/페트병/페트병/23_X017_C164_0925/23_X017_C164_0925_4.Json,2,페트병류,비닐류,봉투
/home/minsu/disk_c/trash_dataset/085.생활_폐기물_이미지/01.데이터/2.Validation/라벨링데이터/도기류/항아리/14_X024_C323_0128/14_X024_C323_0128_0.Json,1,도기류,형광등,백열전구
/home/minsu/disk_c/trash_dataset/085.생활_폐기물_이미지/01.데이터/2.Validation/라벨링데이터/도기류/항아리/14_X024_C323_0128/14_X024_C323_0128_2.Json,1,도기류,형광등,백열전구
/home/minsu/disk_c/trash_dataset/085.생활_폐기물_이미지/01.데이터/2.Validation/라벨링데이터/도기류/항아리/14_X024_C323_0128/14_X024_C323_0128_4.Json,1,도기류,형광등,백열전구
/home/minsu/disk_c/trash_dataset/085.생활_폐기물_이미지/01.데이터/2.Validation/라벨링데이터/도기류/항아리/14_X024_C323_0128/14_X024_C323_0128_1.Json,1,도기류,형광등,백열전구
/home/minsu/disk_c/trash_dataset/085.생활_폐기물_이미지/01.데이터/2.Validation/라벨링데이터/도기류/항아리/14_X024_C323_0128/14_X024_C323_0128_3.Json,1,도기류,형광등,백열전구
/home/minsu/disk_c/trash_dataset/085.생활_폐기물_이미지/01.데이터/2.Validation/라벨링데이터/도기류/화분/14_X031_C323_0128/14_X031_C323_0128_0.Json,1,도기류,형광등,백열전구
/home/minsu/disk_c/trash_dataset/085.생활_폐기물_이미지/01.데이터/2.Validation/라벨링데이터/도기류/화분/14_X031_C323_0128/14_X031_C323_0128_4.Json,1,도기류,형광등,백열전구
/home/minsu/disk_c/trash_dataset/085.생활_폐기물_이미지/01.데이터/2.Validation/라벨링데이터/도기류/화분/14_X031_C323_0128/14_X031_C323_0128_1.Json,1,도기류,형광등,백열전구
/home/minsu/disk_c/trash_dataset/085.생활_폐기물_이미지/01.데이터/2.Validation/라벨링데이터/도기류/화분/14_X031_C323_0128/14_X031_C323_0128_2.Json,1,도기류,형광등,백열전구
/home/minsu/disk_c/trash_dataset/085.생활_폐기물_이미지/01.데이터/2.Validation/라벨링데이터/도기류/화분/14_X031_C323_0128/14_X031_C323_0128_3.Json,1,도기류,형광등,백열전구
/home/minsu/disk_c/trash_dataset/085.생활_폐기물_이미지/01.데이터/2.Validation/라벨링데이터/도기류/받침/14_X033_C323_0128/14_X033_C323_0128_2.Json,1,도기류,형광등,백열전구
/home/minsu/disk_c/trash_dataset/085.생활_폐기물_이미지/01.데이터/2.Validation/라벨링데이터/도기류/받침/14_X033_C323_0128/14_X033_C323_0128_3.Json,1,도기류,형광등,백열전구
/home/minsu/disk_c/trash_dataset/085.생활_폐기물_이미지/01.데이터/2.Validation/라벨링데이터/도기류/받침/14_X033_C323_0128/14_X033_C323_0128_0.Json,1,도기류,형광등,백열전구
/home/minsu/disk_c/trash_dataset/085.생활_폐기물_이미지/01.데이터/2.Validation/라벨링데이터/도기류/받침/14_X033_C323_0128/14_X033_C323_0128_4.Json,1,도기류,형광등,백열전구
/home/minsu/disk_c/trash_dataset/085.생활_폐기물_이미지/01.데이터/2.Validation/라벨링데이터/도기류/받침/14_X033_C323_0128/14_X033_C323_0128_1.Json,1,도기류,형광등,백열전구
/home/minsu/disk_c/trash_dataset/085.생활_폐기물_이미지/01.데이터/2.Validation/라벨링데이터/도기류/그릇류/14_X004_C045_0128/14_X004_C045_0128_2.Json,1,도기류,플라스틱류,바구니
/home/minsu/disk_c/trash_dataset/085.생활_폐기물_이미지/01.데이터/2.Validation/라벨링데이터/도기류/그릇류/14_X004_C045_0128/14_X004_C045_0128_4.Json,1,도기류,플라스틱류,바구니
/home/minsu/disk_c/trash_dataset/085.생활_폐기물_이미지/01.데이터/2.Validation/라벨링데이터/도기류/그릇류/14_X004_C045_0128/14_X004_C045_0128_1.Json,1,도기류,플라스틱류,바구니
/home/minsu/disk_c/trash_dataset/085.생활_폐기물_이미지/01.데이터/2.Validation/라벨링데이터/도기류/그릇류/14_X004_C045_0128/14_X004_C045_0128_3.Json,1,도기류,플라스틱류,바구니
/home/minsu/disk_c/trash_dataset/085.생활_폐기물_이미지/01.데이터/2.Validation/라벨링데이터/도기류/그릇류/14_X004_C045_0128/14_X004_C045_0128_0.Json,1,도기류,플라스틱류,바구니
/home/minsu/disk_c/trash_dataset/085.생활_폐기물_이미지/01.데이터/2.Validation/라벨링데이터/도기류/그릇류/14_X005_C058_0127/14_X005_C058_0127_2.Json,1,도기류,종이류,책자
/home/minsu/disk_c/trash_dataset/085.생활_폐기물_이미지/01.데이터/2.Validation/라벨링데이터/도기류/그릇류/14_X005_C058_0127/14_X005_C058_0127_0.Json,1,도기류,종이류,책자
/home/minsu/disk_c/trash_dataset/085.생활_폐기물_이미지/01.데이터/2.Validation/라벨링데이터/도기류/그릇류/14_X005_C058_0127/14_X005_C058_0127_5.Json,1,도기류,종이류,책자
/home/minsu/disk_c/trash_dataset/085.생활_폐기물_이미지/01.데이터/2.Validation/라벨링데이터/도기류/그릇류/14_X005_C058_0127/14_X005_C058_0127_4.Json,1,도기류,종이류,책자
/home/minsu/disk_c/trash_dataset/085.생활_폐기물_이미지/01.데이터/2.Validation/라벨링데이터/도기류/그릇류/14_X005_C058_0127/14_X005_C058_0127_3.Json,1,도기류,종이류,책자
/home/minsu/disk_c/trash_dataset/085.생활_폐기물_이미지/01.데이터/2.Validation/라벨링데이터/도기류/그릇류/14_X029_C015_0128/14_X029_C015_0128_1.Json,1,도기류,플라스틱류,밀폐용기
/home/minsu/disk_c/trash_dataset/085.생활_폐기물_이미지/01.데이터/2.Validation/라벨링데이터/도기류/그릇류/14_X029_C015_0128/14_X029_C015_0128_4.Json,1,도기류,플라스틱류,밀폐용기
/home/minsu/disk_c/trash_dataset/085.생활_폐기물_이미지/01.데이터/2.Validation/라벨링데이터/도기류/그릇류/14_X029_C015_0128/14_X029_C015_0128_3.Json,1,도기류,플라스틱류,밀폐용기
/home/minsu/disk_c/trash_dataset/085.생활_폐기물_이미지/01.데이터/2.Validation/라벨링데이터/도기류/그릇류/14_X029_C015_0128/14_X029_C015_0128_0.Json,1,도기류,플라스틱류,밀폐용기
/home/minsu/disk_c/trash_dataset/085.생활_폐기물_이미지/01.데이터/2.Validation/라벨링데이터/도기류/그릇류/14_X029_C015_0128/14_X029_C015_0128_2.Json,1,도기류,플라스틱류,밀폐용기
/home/minsu/disk_c/trash_dataset/085.생활_폐기물_이미지/01.데이터/2.Validation/라벨링데이터/캔류/커피캔/22_X003_C024_1026/22_X003_C024_1026_3.Json,1,캔류,가구류,수납장
/home/minsu/disk_c/trash_dataset/085.생활_폐기물_이미지/01.데이터/2.Validation/라벨링데이터/종이류/포장상자/21_X029_C172_0127/21_X029_C172_0127_2.Json,1,종이류,플라스틱류,밀폐용기
/home/minsu/disk_c/trash_dataset/085.생활_폐기물_이미지/01.데이터/2.Validation/라벨링데이터/종이류/포장상자/21_X029_C172_0127/21_X029_C172_0127_0.Json,1,종이류,플라스틱류,밀폐용기
/home/minsu/disk_c/trash_dataset/085.생활_폐기물_이미지/01.데이터/2.Validation/라벨링데이터/종이류/포장상자/21_X029_C172_0127/21_X029_C172_0127_3.Json,1,종이류,플라스틱류,밀폐용기
/home/minsu/disk_c/trash_dataset/085.생활_폐기물_이미지/01.데이터/2.Validation/라벨링데이터/종이류/포장상자/21_X029_C172_0127/21_X029_C172_0127_4.Json,1,종이류,플라스틱류,밀폐용기
/home/minsu/disk_c/trash_dataset/085.생활_폐기물_이미지/01.데이터/2.Validation/라벨링데이터/종이류/포장상자/21_X029_C172_0127/21_X029_C172_0127_1.Json,1,종이류,플라스틱류,밀폐용기
/home/minsu/disk_c/trash_dataset/085.생활_폐기물_이미지/01.데이터/2.Validation/라벨링데이터/종이류/포장상자/21_X033_C061_0127/21_X033_C061_0127_1.Json,1,종이류,도기류,받침
/home/minsu/disk_c/trash_dataset/085.생활_폐기물_이미지/01.데이터/2.Validation/라벨링데이터/종이류/포장상자/21_X033_C061_0127/21_X033_C061_0127_3.Json,1,종이류,도기류,받침
/home/minsu/disk_c/trash_dataset/085.생활_폐기물_이미지/01.데이터/2.Validation/라벨링데이터/종이류/포장상자/21_X033_C061_0127/21_X033_C061_0127_4.Json,1,종이류,도기류,받침
/home/minsu/disk_c/trash_dataset/085.생활_폐기물_이미지/01.데이터/2.Validation/라벨링데이터/종이류/포장상자/21_X033_C061_0127/21_X033_C061_0127_2.Json,1,종이류,도기류,받침
/home/minsu/disk_c/trash_dataset/085.생활_폐기물_이미지/01.데이터/2.Validation/라벨링데이터/종이류/포장상자/21_X033_C061_0127/21_X033_C061_0127_0.Json,1,종이류,도기류,받침
/home/minsu/disk_c/trash_dataset/085.생활_폐기물_이미지/01.데이터/2.Validation/라벨링데이터/종이류/포장상자/21_X016_C061_0129/21_X016_C061_0129_0.Json,1,종이류,도기류,그릇류
/home/minsu/disk_c/trash_dataset/085.생활_폐기물_이미지/01.데이터/2.Validation/라벨링데이터/종이류/포장상자/21_X016_C061_0129/21_X016_C061_0129_2.Json,0,종이류,도기류,그릇류
/home/minsu/disk_c/trash_dataset/085.생활_폐기물_이미지/01.데이터/2.Validation/라벨링데이터/종이류/포장상자/21_X016_C061_0129/21_X016_C061_0129_4.Json,0,종이류,도기류,그릇류
/home/minsu/disk_c/trash_dataset/085.생활_폐기물_이미지/01.데이터/2.Validation/라벨링데이터/종이류/포장상자/21_X016_C061_0129/21_X016_C061_0129_1.Json,0,종이류,도기류,그릇류
/home/minsu/disk_c/trash_dataset/085.생활_폐기물_이미지/01.데이터/2.Validation/라벨링데이터/종이류/포장상자/21_X016_C061_0129/21_X016_C061_0129_3.Json,0,종이류,도기류,그릇류
/home/minsu/disk_c/trash_dataset/085.생활_폐기물_이미지/01.데이터/2.Validation/라벨링데이터/종이류/포장상자/21_X031_C172_0127/21_X031_C172_0127_2.Json,1,종이류,플라스틱류,밀폐용기
/home/minsu/disk_c/trash_dataset/085.생활_폐기물_이미지/01.데이터/2.Validation/라벨링데이터/종이류/포장상자/21_X031_C172_0127/21_X031_C172_0127_4.Json,1,종이류,플라스틱류,밀폐용기
/home/minsu/disk_c/trash_dataset/085.생활_폐기물_이미지/01.데이터/2.Validation/라벨링데이터/종이류/포장상자/21_X031_C172_0127/21_X031_C172_0127_1.Json,1,종이류,플라스틱류,밀폐용기
/home/minsu/disk_c/trash_dataset/085.생활_폐기물_이미지/01.데이터/2.Validation/라벨링데이터/종이류/포장상자/21_X031_C172_0127/21_X031_C172_0127_3.Json,1,종이류,플라스틱류,밀폐용기
/home/minsu/disk_c/trash_dataset/085.생활_폐기물_이미지/01.데이터/2.Validation/라벨링데이터/종이류/포장상자/21_X031_C172_0127/21_X031_C172_0127_0.Json,1,종이류,플라스틱류,밀폐용기
/home/minsu/disk_c/trash_dataset/085.생활_폐기물_이미지/01.데이터/2.Validation/라벨링데이터/종이류/상자류/21_X012_C191_0928/21_X012_C191_0928_4.Json,1,종이류,스티로폼류,포장용기
/home/minsu/disk_c/trash_dataset/085.생활_폐기물_이미지/01.데이터/2.Validation/라벨링데이터/종이류/상자류/21_X012_C191_0928/21_X012_C191_0928_3.Json,1,종이류,스티로폼류,포장용기
/home/minsu/disk_c/trash_dataset/085.생활_폐기물_이미지/01.데이터/2.Validation/라벨링데이터/종이류/상자류/21_X012_C191_0928/21_X012_C191_0928_0.Json,1,종이류,스티로폼류,포장용기
/home/minsu/disk_c/trash_dataset/085.생활_폐기물_이미지/01.데이터/2.Validation/라벨링데이터/종이류/상자류/21_X008_C014_0129/21_X008_C014_0129_0.Json,1,종이류,캔류,음료수캔
/home/minsu/disk_c/trash_dataset/085.생활_폐기물_이미지/01.데이터/2.Validation/라벨링데이터/종이류/상자류/21_X008_C014_0129/21_X008_C014_0129_3.Json,0,종이류,캔류,음료수캔
/home/minsu/disk_c/trash_dataset/085.생활_폐기물_이미지/01.데이터/2.Validation/라벨링데이터/종이류/상자류/21_X008_C014_0129/21_X008_C014_0129_2.Json,0,종이류,캔류,음료수캔
/home/minsu/disk_c/trash_dataset/085.생활_폐기물_이미지/01.데이터/2.Validation/라벨링데이터/종이류/상자류/21_X008_C014_0129/21_X008_C014_0129_4.Json,0,종이류,캔류,음료수캔
/home/minsu/disk_c/trash_dataset/085.생활_폐기물_이미지/01.데이터/2.Validation/라벨링데이터/종이류/상자류/21_X008_C014_0129/21_X008_C014_0129_1.Json,0,종이류,캔류,음료수캔
/home/minsu/disk_c/trash_dataset/085.생활_폐기물_이미지/01.데이터/2.Validation/라벨링데이터/종이류/책자/21_X021_C058_0127/21_X021_C058_0127_6.Json,1,종이류,도기류,컵
/home/minsu/disk_c/trash_dataset/085.생활_폐기물_이미지/01.데이터/2.Validation/라벨링데이터/종이류/책자/21_X021_C058_0127/21_X021_C058_0127_3.Json,1,종이류,도기류,컵
/home/minsu/disk_c/trash_dataset/085.생활_폐기물_이미지/01.데이터/2.Validation/라벨링데이터/종이류/책자/21_X021_C058_0127/21_X021_C058_0127_4.Json,1,종이류,도기류,컵
/home/minsu/disk_c/trash_dataset/085.생활_폐기물_이미지/01.데이터/2.Validation/라벨링데이터/종이류/책자/21_X021_C058_0127/21_X021_C058_0127_2.Json,1,종이류,도기류,컵
/home/minsu/disk_c/trash_dataset/085.생활_폐기물_이미지/01.데이터/2.Validation/라벨링데이터/종이류/책자/21_X021_C058_0127/21_X021_C058_0127_5.Json,1,종이류,도기류,컵
/home/minsu/disk_c/trash_dataset/085.생활_폐기물_이미지/01.데이터/2.Validation/라벨링데이터/종이류/책자/21_X026_C058_0127/21_X026_C058_0127_1.Json,1,종이류,도기류,컵
/home/minsu/disk_c/trash_dataset/085.생활_폐기물_이미지/01.데이터/2.Validation/라벨링데이터/종이류/책자/21_X026_C058_0127/21_X026_C058_0127_4.Json,1,종이류,도기류,컵
/home/minsu/disk_c/trash_dataset/085.생활_폐기물_이미지/01.데이터/2.Validation/라벨링데이터/종이류/책자/21_X026_C058_0127/21_X026_C058_0127_2.Json,1,종이류,도기류,컵
/home/minsu/disk_c/trash_dataset/085.생활_폐기물_이미지/01.데이터/2.Validation/라벨링데이터/종이류/책자/21_X026_C058_0127/21_X026_C058_0127_3.Json,1,종이류,도기류,컵
/home/minsu/disk_c/trash_dataset/085.생활_폐기물_이미지/01.데이터/2.Validation/라벨링데이터/종이류/책자/21_X026_C058_0127/21_X026_C058_0127_0.Json,1,종이류,도기류,컵
/home/minsu/disk_c/trash_dataset/085.생활_폐기물_이미지/01.데이터/2.Validation/라벨링데이터/종이류/책자/21_X005_C058_0127/21_X005_C058_0127_3.Json,1,종이류,전자제품,이동전화단말기
/home/minsu/disk_c/trash_dataset/085.생활_폐기물_이미지/01.데이터/2.Validation/라벨링데이터/종이류/책자/21_X005_C058_0127/21_X005_C058_0127_1.Json,1,종이류,전자제품,이동전화단말기
/home/minsu/disk_c/trash_dataset/085.생활_폐기물_이미지/01.데이터/2.Validation/라벨링데이터/종이류/책자/21_X005_C058_0127/21_X005_C058_0127_0.Json,1,종이류,전자제품,이동전화단말기
/home/minsu/disk_c/trash_dataset/085.생활_폐기물_이미지/01.데이터/2.Validation/라벨링데이터/종이류/책자/21_X005_C058_0127/21_X005_C058_0127_2.Json,1,종이류,전자제품,이동전화단말기
/home/minsu/disk_c/trash_dataset/085.생활_폐기물_이미지/01.데이터/2.Validation/라벨링데이터/종이류/책자/21_X005_C058_0127/21_X005_C058_0127_4.Json,1,종이류,전자제품,이동전화단말기
/home/minsu/disk_c/trash_dataset/085.생활_폐기물_이미지/01.데이터/2.Validation/라벨링데이터/종이류/책자/21_X006_C058_0127/21_X006_C058_0127_1.Json,1,종이류,전자제품,이동전화단말기
/home/minsu/disk_c/trash_dataset/085.생활_폐기물_이미지/01.데이터/2.Validation/라벨링데이터/종이류/책자/21_X006_C058_0127/21_X006_C058_0127_3.Json,1,종이류,전자제품,이동전화단말기
/home/minsu/disk_c/trash_dataset/085.생활_폐기물_이미지/01.데이터/2.Validation/라벨링데이터/종이류/책자/21_X006_C058_0127/21_X006_C058_0127_0.Json,1,종이류,전자제품,이동전화단말기
/home/minsu/disk_c/trash_dataset/085.생활_폐기물_이미지/01.데이터/2.Validation/라벨링데이터/종이류/책자/21_X006_C058_0127/21_X006_C058_0127_2.Json,1,종이류,전자제품,이동전화단말기
/home/minsu/disk_c/trash_dataset/085.생활_폐기물_이미지/01.데이터/2.Validation/라벨링데이터/종이류/책자/21_X006_C058_0127/21_X006_C058_0127_4.Json,1,종이류,전자제품,이동전화단말기
/home/minsu/disk_c/trash_dataset/085.생활_폐기물_이미지/01.데이터/2.Validation/라벨링데이터/종이류/책자/21_X035_C058_0127/21_X035_C058_0127_4.Json,1,종이류,도기류,그릇류
/home/minsu/disk_c/trash_dataset/085.생활_폐기물_이미지/01.데이터/2.Validation/라벨링데이터/종이류/책자/21_X035_C058_0127/21_X035_C058_0127_5.Json,1,종이류,도기류,그릇류
/home/minsu/disk_c/trash_dataset/085.생활_폐기물_이미지/01.데이터/2.Validation/라벨링데이터/종이류/책자/21_X035_C058_0127/21_X035_C058_0127_2.Json,1,종이류,도기류,그릇류
/home/minsu/disk_c/trash_dataset/085.생활_폐기물_이미지/01.데이터/2.Validation/라벨링데이터/종이류/책자/21_X035_C058_0127/21_X035_C058_0127_3.Json,1,종이류,도기류,그릇류
/home/minsu/disk_c/trash_dataset/085.생활_폐기물_이미지/01.데이터/2.Validation/라벨링데이터/종이류/책자/21_X035_C058_0127/21_X035_C058_0127_1.Json,1,종이류,도기류,그릇류
/home/minsu/disk_c/trash_dataset/085.생활_폐기물_이미지/01.데이터/2.Validation/라벨링데이터/종이류/노트/21_X142_C015_0131/21_X142_C015_0131_0.Json,1,종이류,캔류,맥주캔
/home/minsu/disk_c/trash_dataset/085.생활_폐기물_이미지/01.데이터/2.Validation/라벨링데이터/종이류/노트/21_X142_C015_0131/21_X142_C015_0131_4.Json,1,종이류,캔류,맥주캔
/home/minsu/disk_c/trash_dataset/085.생활_폐기물_이미지/01.데이터/2.Validation/라벨링데이터/종이류/노트/21_X142_C015_0131/21_X142_C015_0131_3.Json,1,종이류,캔류,맥주캔
/home/minsu/disk_c/trash_dataset/085.생활_폐기물_이미지/01.데이터/2.Validation/라벨링데이터/종이류/노트/21_X142_C015_0131/21_X142_C015_0131_2.Json,1,종이류,캔류,맥주캔
/home/minsu/disk_c/trash_dataset/085.생활_폐기물_이미지/01.데이터/2.Validation/라벨링데이터/종이류/노트/21_X142_C015_0131/21_X142_C015_0131_1.Json,1,종이류,캔류,맥주캔
/home/minsu/disk_c/trash_dataset/085.생활_폐기물_이미지/01.데이터/2.Validation/라벨링데이터/종이류/노트/21_X208_C015_0131/21_X208_C015_0131_4.Json,1,종이류,캔류,맥주캔
/home/minsu/disk_c/trash_dataset/085.생활_폐기물_이미지/01.데이터/2.Validation/라벨링데이터/종이류/노트/21_X208_C015_0131/21_X208_C015_0131_1.Json,1,종이류,캔류,맥주캔
/home/minsu/disk_c/trash_dataset/085.생활_폐기물_이미지/01.데이터/2.Validation/라벨링데이터/종이류/노트/21_X208_C015_0131/21_X208_C015_0131_2.Json,1,종이류,캔류,맥주캔
/home/minsu/disk_c/trash_dataset/085.생활_폐기물_이미지/01.데이터/2.Validation/라벨링데이터/종이류/노트/21_X208_C015_0131/21_X208_C015_0131_3.Json,1,종이류,캔류,맥주캔
/home/minsu/disk_c/trash_dataset/085.생활_폐기물_이미지/01.데이터/2.Validation/라벨링데이터/종이류/노트/21_X208_C015_0131/21_X208_C015_0131_0.Json,1,종이류,캔류,맥주캔
